{
"type": "FeatureCollection",
"name": "AT_2018_TRAIN",
"crs": { "type": "name", "properties": { "name": "urn:ogc:def:crs:EPSG::31287" } },
"features": [
{ "type": "Feature", "properties": { "fid": 1219302, "crop": "alfalfa_lucerne" }, "geometry": { "type": "Polygon", "coordinates": [ [ [ 549967.587999999988824, 512087.555999999982305 ], [ 549968.388999999966472, 512088.446 ], [ 549975.518000000040047, 512096.151000000012573 ], [ 549979.785000000032596, 512103.210000000020955 ], [ 549992.044, 512087.699000000022352 ], [ 550027.49, 512045.435999999986961 ], [ 550107.01300000003539, 511959.413999999989755 ], [ 550134.290999999968335, 511933.195 ], [ 550112.728, 511911.903 ], [ 550077.307999999960884, 511946.418 ], [ 550035.27800000004936, 511991.983 ], [ 550002.756000000052154, 512026.12300000002142 ], [ 549985.212999999988824, 512047.12 ], [ 549959.01500000001397, 512078.03000000002794 ], [ 549967.587999999988824, 512087.555999999982305 ] ] ] } },
{ "type": "Feature", "properties": { "fid": 1790283, "crop": "alfalfa_lucerne" }, "geometry": { "type": "Polygon", "coordinates": [ [ [ 542465.964999999967404, 554499.65300000004936 ], [ 542464.952999999979511, 554474.218 ], [ 542462.395999999949709, 554450.812999999965541 ], [ 542459.662999999942258, 554435.848 ], [ 541924.900000000023283, 554397.231999999959953 ], [ 541921.341999999945983, 554421.538999999989755 ], [ 541897.952999999979511, 554458.662000000011176 ], [ 542465.964999999967404, 554499.65300000004936 ] ] ] } },
{ "type": "Feature", "properties": { "fid": 380609, "crop": "alfalfa_lucerne" }, "geometry": { "type": "Polygon", "coordinates": [ [ [ 542406.691, 550494.886999999987893 ], [ 542393.672999999951571, 550542.729999999981374 ], [ 542483.305999999982305, 550561.008999999961816 ], [ 542492.863999999943189, 550526.008000000030734 ], [ 542406.691, 550494.886999999987893 ] ] ] } },
{ "type": "Feature", "properties": { "fid": 25545, "crop": "alfalfa_lucerne" }, "geometry": { "type": "Polygon", "coordinates": [ [ [ 546751.025000000023283, 505666.00199999997858 ], [ 546792.231000000028871, 505719.288999999989755 ], [ 546823.008999999961816, 505748.968 ], [ 546865.451, 505789.631999999983236 ], [ 546874.962999999988824, 505781.484 ], [ 546893.258999999961816, 505770.843 ], [ 546809.919, 505695.913 ], [ 546789.474000000045635, 505673.160000000032596 ], [ 546771.667000000015832, 505650.406000000017229 ], [ 546751.025000000023283, 505666.00199999997858 ] ] ] } },
{ "type": "Feature", "properties": { "fid": 394556, "crop": "alfalfa_lucerne" }, "geometry": { "type": "Polygon", "coordinates": [ [ [ 515266.120999999984633, 532983.226000000024214 ], [ 515257.577999999979511, 532959.878000000026077 ], [ 515253.232000000018161, 532951.378000000026077 ], [ 515249.596000000019558, 532940.24800000002142 ], [ 515248.106000000028871, 532931.753999999957159 ], [ 515246.290000000037253, 532921.73499999998603 ], [ 515241.11099999997532, 532895.067999999970198 ], [ 515239.516, 532882.785000000032596 ], [ 515237.577, 532873.667999999946915 ], [ 515219.180999999982305, 532872.256999999983236 ], [ 515202.656000000017229, 532872.192999999970198 ], [ 515184.430999999982305, 532873.974999999976717 ], [ 515189.137999999977183, 532890.765999999945052 ], [ 515199.0, 532921.334999999962747 ], [ 515208.86099999997532, 532948.101000000024214 ], [ 515220.694000000017695, 532978.106999999959953 ], [ 515228.879000000015367, 533003.61199999996461 ], [ 515230.318000000028405, 533008.995 ], [ 515257.468, 533007.094000000040978 ], [ 515272.407, 533006.834000000031665 ], [ 515266.120999999984633, 532983.226000000024214 ] ] ] } },
{ "type": "Feature", "properties": { "fid": 997760, "crop": "alfalfa_lucerne" }, "geometry": { "type": "Polygon", "coordinates": [ [ [ 533481.457000000053085, 515925.629000000015367 ], [ 533481.76300000003539, 515937.283999999985099 ], [ 533482.498999999952503, 515967.912000000011176 ], [ 533487.699999999953434, 516014.563000000023749 ], [ 533537.873999999952503, 516009.085000000020955 ], [ 533531.505, 515952.49 ], [ 533516.937000000034459, 515939.718 ], [ 533506.988000000012107, 515932.632999999972526 ], [ 533498.741000000038184, 515927.756 ], [ 533491.01, 515925.850000000034925 ], [ 533481.457000000053085, 515925.629000000015367 ] ] ] } },
{ "type": "Feature", "properties": { "fid": 1409428, "crop": "alfalfa_lucerne" }, "geometry": { "type": "Polygon", "coordinates": [ [ [ 549433.807999999960884, 562388.488999999943189 ], [ 549441.805000000051223, 562703.979999999981374 ], [ 549445.913999999989755, 562843.211000000010245 ], [ 549451.015999999945052, 563034.871999999973923 ], [ 549549.976000000024214, 563004.957000000053085 ], [ 549549.979000000050291, 563005.084000000031665 ], [ 549552.812999999965541, 563004.099000000045635 ], [ 549600.231000000028871, 562989.763999999966472 ], [ 549578.268000000040047, 562165.157 ], [ 549429.587999999988824, 562229.979000000050291 ], [ 549433.807999999960884, 562388.488999999943189 ] ] ] } },
{ "type": "Feature", "properties": { "fid": 1534477, "crop": "alfalfa_lucerne" }, "geometry": { "type": "Polygon", "coordinates": [ [ [ 560135.582000000053085, 534910.915999999968335 ], [ 560127.878999999957159, 534922.871000000042841 ], [ 560187.856999999959953, 534909.523999999975786 ], [ 560189.87699999997858, 534908.184 ], [ 560204.462999999988824, 534899.473 ], [ 560230.77800000004936, 534878.27800000004936 ], [ 560267.618999999947846, 534848.976000000024214 ], [ 560313.142, 534805.011000000056811 ], [ 560293.162999999942258, 534795.753999999957159 ], [ 560174.326, 534876.099000000045635 ], [ 560151.410000000032596, 534885.084000000031665 ], [ 560144.366999999969266, 534899.101000000024214 ], [ 560135.582000000053085, 534910.915999999968335 ] ] ] } },
{ "type": "Feature", "properties": { "fid": 1314457, "crop": "alfalfa_lucerne" }, "geometry": { "type": "Polygon", "coordinates": [ [ [ 558549.761000000056811, 538190.613999999943189 ], [ 558834.10999999998603, 538383.349999999976717 ], [ 558900.324999999953434, 538428.231000000028871 ], [ 558911.456, 538421.429 ], [ 558929.123999999952503, 538410.633000000030734 ], [ 558932.395000000018626, 538408.633999999961816 ], [ 558936.76300000003539, 538406.182000000029802 ], [ 558901.349999999976717, 538382.177000000025146 ], [ 558603.542999999946915, 538180.305000000051223 ], [ 558549.761000000056811, 538190.613999999943189 ] ] ] } },
{ "type": "Feature", "properties": { "fid": 2207231, "crop": "alfalfa_lucerne" }, "geometry": { "type": "Polygon", "coordinates": [ [ [ 552829.241000000038184, 539967.92000000004191 ], [ 552809.106000000028871, 540012.287000000011176 ], [ 552788.929, 540060.73499999998603 ], [ 552778.446, 540078.457000000053085 ], [ 552782.689000000013039, 540078.956 ], [ 552812.13800000003539, 540058.731000000028871 ], [ 552837.0, 540044.819000000017695 ], [ 552869.109000000054948, 540033.449000000022352 ], [ 552905.49, 540024.544 ], [ 552933.944000000017695, 540016.307000000029802 ], [ 552974.628000000026077, 540001.581 ], [ 553022.964000000036322, 539984.444000000017695 ], [ 553028.770000000018626, 539959.106000000028871 ], [ 552958.564000000013039, 539963.871000000042841 ], [ 552910.731999999959953, 539966.63800000003539 ], [ 552863.309, 539968.633999999961816 ], [ 552829.241000000038184, 539967.92000000004191 ] ] ] } },
{ "type": "Feature", "properties": { "fid": 1108539, "crop": "alfalfa_lucerne" }, "geometry": { "type": "Polygon", "coordinates": [ [ [ 555995.587000000057742, 506081.12 ], [ 556008.746999999973923, 506083.960000000020955 ], [ 556019.192000000039116, 506082.386999999987893 ], [ 556028.060999999986961, 506070.467 ], [ 556037.594000000040978, 506056.233 ], [ 556089.275999999954365, 505973.322999999974854 ], [ 556084.687999999965541, 505969.56 ], [ 556072.587000000057742, 505959.927000000025146 ], [ 556060.570000000065193, 505949.188000000023749 ], [ 556048.974999999976717, 505938.321 ], [ 555998.111000000033528, 506006.607000000018161 ], [ 556003.608, 506018.347 ], [ 556004.645000000018626, 506028.255 ], [ 556002.540999999968335, 506046.958999999973457 ], [ 555999.552000000025146, 506061.26500000001397 ], [ 555995.587000000057742, 506081.12 ] ] ] } },
{ "type": "Feature", "properties": { "fid": 574269, "crop": "alfalfa_lucerne" }, "geometry": { "type": "Polygon", "coordinates": [ [ [ 555689.204000000027008, 549830.797999999951571 ], [ 555660.952000000048429, 549811.135 ], [ 555611.851999999955297, 549812.113999999943189 ], [ 555614.587999999988824, 549834.601000000024214 ], [ 555618.310999999986961, 549855.11199999996461 ], [ 555670.037000000011176, 549851.0 ], [ 555718.243999999947846, 549850.885 ], [ 555689.204000000027008, 549830.797999999951571 ] ] ] } },
{ "type": "Feature", "properties": { "fid": 378128, "crop": "alfalfa_lucerne" }, "geometry": { "type": "Polygon", "coordinates": [ [ [ 502324.101000000024214, 502809.941 ], [ 502322.23499999998603, 502811.955000000016298 ], [ 502325.745, 502813.407 ], [ 502350.033, 502809.468 ], [ 502388.106000000028871, 502809.686999999976251 ], [ 502451.342, 502817.34499999997206 ], [ 502514.177000000025146, 502820.908999999985099 ], [ 502515.358, 502814.967 ], [ 502522.061999999976251, 502798.311999999976251 ], [ 502522.729, 502790.028999999980442 ], [ 502522.642, 502790.028 ], [ 502522.754000000015367, 502789.726000000024214 ], [ 502523.843999999982771, 502776.186999999976251 ], [ 502527.125, 502751.186999999976251 ], [ 502529.906000000017229, 502733.593999999982771 ], [ 502531.082999999984168, 502725.65500000002794 ], [ 502507.511, 502733.869 ], [ 502477.56, 502741.602000000013504 ], [ 502448.218999999982771, 502747.207999999984168 ], [ 502419.313000000023749, 502753.436999999976251 ], [ 502405.531000000017229, 502757.125 ], [ 502390.811999999976251, 502762.468999999982771 ], [ 502371.531000000017229, 502770.718999999982771 ], [ 502358.718999999982771, 502777.436999999976251 ], [ 502353.125, 502781.156000000017229 ], [ 502351.978, 502779.358 ], [ 502340.559, 502788.212999999988824 ], [ 502327.104999999981374, 502800.313000000023749 ], [ 502329.778999999980442, 502802.794 ], [ 502324.101000000024214, 502809.941 ] ] ] } },
{ "type": "Feature", "properties": { "fid": 182631, "crop": "alfalfa_lucerne" }, "geometry": { "type": "Polygon", "coordinates": [ [ [ 552006.839000000036322, 507125.278 ], [ 551989.685999999986961, 507134.020000000018626 ], [ 551980.723, 507138.557000000029802 ], [ 551963.788999999989755, 507149.740999999979977 ], [ 551954.844000000040978, 507159.401000000012573 ], [ 551945.917000000015832, 507177.75099999998929 ], [ 551947.506000000052154, 507181.208999999973457 ], [ 551983.996000000042841, 507191.278999999980442 ], [ 552005.952999999979511, 507159.36099999997532 ], [ 552026.204000000027008, 507121.957999999984168 ], [ 552021.113999999943189, 507121.848 ], [ 552006.839000000036322, 507125.278 ] ] ] } },
{ "type": "Feature", "properties": { "fid": 2523280, "crop": "alfalfa_lucerne" }, "geometry": { "type": "Polygon", "coordinates": [ [ [ 540460.180999999982305, 512565.900000000023283 ], [ 540497.486000000033528, 512576.336000000010245 ], [ 540533.53000000002794, 512583.869 ], [ 540550.878000000026077, 512587.212 ], [ 540636.51, 512601.653 ], [ 540650.10999999998603, 512603.10999999998603 ], [ 540692.457000000053085, 512610.952 ], [ 540766.400000000023283, 512627.775000000023283 ], [ 540822.388999999966472, 512637.680999999982305 ], [ 540846.091999999945983, 512643.281000000017229 ], [ 540846.596000000019558, 512636.685999999986961 ], [ 540845.434, 512630.350000000034925 ], [ 540844.10999999998603, 512621.017 ], [ 540836.170999999972992, 512619.592 ], [ 540764.118999999947846, 512606.488000000012107 ], [ 540696.628000000026077, 512593.297000000020489 ], [ 540663.035000000032596, 512587.004000000015367 ], [ 540586.376000000047497, 512577.222 ], [ 540548.185000000055879, 512568.914999999979045 ], [ 540515.709999999962747, 512562.071 ], [ 540463.65300000004936, 512548.439000000013039 ], [ 540461.76, 512559.153 ], [ 540460.180999999982305, 512565.900000000023283 ] ] ] } },
{ "type": "Feature", "properties": { "fid": 1915839, "crop": "alfalfa_lucerne" }, "geometry": { "type": "Polygon", "coordinates": [ [ [ 555474.422000000020489, 549611.163999999989755 ], [ 555510.008000000030734, 549653.932000000029802 ], [ 555587.01300000003539, 549645.74800000002142 ], [ 555656.939000000013039, 549642.787999999942258 ], [ 555695.684, 549641.503000000026077 ], [ 555687.596000000019558, 549592.532 ], [ 555592.613000000012107, 549593.780999999959022 ], [ 555549.478, 549598.913999999989755 ], [ 555474.422000000020489, 549611.163999999989755 ] ] ] } },
{ "type": "Feature", "properties": { "fid": 1164482, "crop": "alfalfa_lucerne" }, "geometry": { "type": "Polygon", "coordinates": [ [ [ 524492.924, 534009.446 ], [ 524470.180000000051223, 534015.998999999952503 ], [ 524477.160999999963678, 534024.881999999983236 ], [ 524497.373999999952503, 534052.337000000057742 ], [ 524525.209000000031665, 534083.415999999968335 ], [ 524548.38800000003539, 534087.415999999968335 ], [ 524571.601999999955297, 534091.61199999996461 ], [ 524596.591999999945983, 534099.180000000051223 ], [ 524591.677000000025146, 534092.783999999985099 ], [ 524573.36199999996461, 534071.643000000040047 ], [ 524545.557000000029802, 534038.535000000032596 ], [ 524517.11199999996461, 534001.618000000016764 ], [ 524492.924, 534009.446 ] ] ] } },
{ "type": "Feature", "properties": { "fid": 949903, "crop": "alfalfa_lucerne" }, "geometry": { "type": "Polygon", "coordinates": [ [ [ 558151.809, 541471.488000000012107 ], [ 558155.158000000054017, 541538.905999999959022 ], [ 558285.642, 541504.726999999955297 ], [ 558419.184, 541471.412000000011176 ], [ 558456.182000000029802, 541463.628000000026077 ], [ 558492.712999999988824, 541457.319000000017695 ], [ 558536.243000000016764, 541450.332999999984168 ], [ 558552.714000000036322, 541403.290999999968335 ], [ 558510.878000000026077, 541406.47199999995064 ], [ 558512.613000000012107, 541401.65500000002794 ], [ 558520.368000000016764, 541379.415999999968335 ], [ 558476.395999999949709, 541383.895999999949709 ], [ 558436.180999999982305, 541389.574000000022352 ], [ 558376.741999999969266, 541400.645999999949709 ], [ 558319.256999999983236, 541412.582000000053085 ], [ 558288.935999999986961, 541420.327999999979511 ], [ 558259.996999999973923, 541426.876000000047497 ], [ 558224.613000000012107, 541435.214000000036322 ], [ 558150.908000000054017, 541450.547999999951571 ], [ 558151.809, 541471.488000000012107 ] ] ] } },
{ "type": "Feature", "properties": { "fid": 1538581, "crop": "alfalfa_lucerne" }, "geometry": { "type": "Polygon", "coordinates": [ [ [ 555696.258000000030734, 552814.712999999988824 ], [ 555676.908999999985099, 552844.320000000065193 ], [ 555666.783000000054017, 552857.935000000055879 ], [ 555642.505, 552873.712000000057742 ], [ 555603.468, 552885.741999999969266 ], [ 555571.09499999997206, 552890.057999999960884 ], [ 555548.996999999973923, 552888.319000000017695 ], [ 555499.716000000014901, 552882.052000000025146 ], [ 555530.24, 552894.378999999957159 ], [ 555566.537000000011176, 552906.072999999974854 ], [ 555580.964999999967404, 552907.136999999987893 ], [ 555613.616999999969266, 552901.821 ], [ 555609.991000000038184, 552900.064000000013039 ], [ 555607.71999999997206, 552896.853 ], [ 555608.658999999985099, 552894.386000000056811 ], [ 555610.538999999989755, 552892.584999999962747 ], [ 555613.04500000004191, 552891.76300000003539 ], [ 555615.199000000022352, 552891.214000000036322 ], [ 555617.273999999975786, 552891.76300000003539 ], [ 555618.841000000014901, 552893.76 ], [ 555619.937000000034459, 552896.422000000020489 ], [ 555619.623999999952503, 552898.849999999976717 ], [ 555618.841000000014901, 552899.48699999996461 ], [ 555620.755, 552898.631999999983236 ], [ 555653.341000000014901, 552875.908999999985099 ], [ 555667.017, 552865.613999999943189 ], [ 555709.133999999961816, 552820.604000000050291 ], [ 555696.258000000030734, 552814.712999999988824 ] ] ] } },
{ "type": "Feature", "properties": { "fid": 2272609, "crop": "alfalfa_lucerne" }, "geometry": { "type": "Polygon", "coordinates": [ [ [ 556995.206, 527076.794 ], [ 556969.462999999988824, 527089.555999999982305 ], [ 556951.701, 527100.00199999997858 ], [ 556954.12699999997858, 527159.26300000003539 ], [ 556957.508999999961816, 527228.363999999943189 ], [ 556960.322999999974854, 527268.809 ], [ 556960.913999999989755, 527294.908000000054017 ], [ 556963.692999999970198, 527326.528999999980442 ], [ 556963.834000000031665, 527330.320000000065193 ], [ 556964.113999999943189, 527335.09499999997206 ], [ 556964.957000000053085, 527336.78000000002794 ], [ 556967.48499999998603, 527337.62300000002142 ], [ 556981.628999999957159, 527334.809 ], [ 557002.086000000010245, 527330.128000000026077 ], [ 557023.03000000002794, 527317.001000000047497 ], [ 557019.194999999948777, 527264.493999999947846 ], [ 557014.50199999997858, 527183.991000000038184 ], [ 557011.378000000026077, 527136.915000000037253 ], [ 557011.968, 527090.75 ], [ 557012.425000000046566, 527068.547000000020489 ], [ 556995.206, 527076.794 ] ] ] } },
{ "type": "Feature", "properties": { "fid": 1384510, "crop": "alfalfa_lucerne" }, "geometry": { "type": "Polygon", "coordinates": [ [ [ 552027.642, 525739.270000000018626 ], [ 552036.738999999943189, 525750.547999999951571 ], [ 552273.118999999947846, 525473.775000000023283 ], [ 552214.62699999997858, 525412.22199999995064 ], [ 552155.726000000024214, 525349.405999999959022 ], [ 552088.300000000046566, 525283.658999999985099 ], [ 552061.939000000013039, 525289.988000000012107 ], [ 551809.940000000060536, 525585.055999999982305 ], [ 551888.040999999968335, 525566.285999999963678 ], [ 552027.642, 525739.270000000018626 ] ] ] } },
{ "type": "Feature", "properties": { "fid": 2361332, "crop": "alfalfa_lucerne" }, "geometry": { "type": "Polygon", "coordinates": [ [ [ 557726.84499999997206, 513123.952999999979511 ], [ 557728.37300000002142, 513131.080000000016298 ], [ 557733.462999999988824, 513148.006 ], [ 557738.554, 513166.713999999978114 ], [ 557745.299, 513189.74900000001071 ], [ 557750.643999999971129, 513207.566 ], [ 557753.316, 513217.493000000016764 ], [ 557754.04500000004191, 513234.049 ], [ 557797.265999999945052, 513222.548 ], [ 557792.334999999962747, 513196.810999999986961 ], [ 557814.444999999948777, 513188.452 ], [ 557806.321, 513156.113000000012107 ], [ 557799.167000000015832, 513153.565 ], [ 557784.371000000042841, 513147.881999999983236 ], [ 557771.24, 513141.708999999973457 ], [ 557761.775000000023283, 513135.726000000024214 ], [ 557758.285999999963678, 513133.598999999987427 ], [ 557748.09499999997206, 513128.583999999973457 ], [ 557742.430999999982305, 513126.03000000002794 ], [ 557731.746999999973923, 513122.724999999976717 ], [ 557727.511999999987893, 513122.06 ], [ 557726.094000000040978, 513121.74800000002142 ], [ 557726.84499999997206, 513123.952999999979511 ] ] ] } },
{ "type": "Feature", "properties": { "fid": 845512, "crop": "alfalfa_lucerne" }, "geometry": { "type": "Polygon", "coordinates": [ [ [ 555435.006000000052154, 516401.507999999972526 ], [ 555444.138999999966472, 516473.842 ], [ 555450.564000000013039, 516536.416000000026543 ], [ 555445.474000000045635, 516572.757999999972526 ], [ 555444.557000000029802, 516580.603 ], [ 555460.886000000056811, 516581.718999999982771 ], [ 555474.589000000036322, 516582.230000000039581 ], [ 555477.746000000042841, 516513.23599999997532 ], [ 555512.947000000043772, 516529.246999999973923 ], [ 555537.419, 516540.936999999976251 ], [ 555557.716999999945983, 516553.520000000018626 ], [ 555583.523999999975786, 516569.37400000001071 ], [ 555598.037000000011176, 516573.925999999977648 ], [ 555596.873999999952503, 516563.935999999986961 ], [ 555596.386000000056811, 516535.858 ], [ 555594.152, 516498.705000000016298 ], [ 555593.314000000013039, 516471.607000000018161 ], [ 555583.584000000031665, 516458.14000000001397 ], [ 555560.074000000022352, 516429.391 ], [ 555541.290999999968335, 516401.561999999976251 ], [ 555510.570000000065193, 516356.425999999977648 ], [ 555490.875, 516329.121999999973923 ], [ 555441.265999999945052, 516344.243000000016764 ], [ 555417.572999999974854, 516350.543 ], [ 555435.006000000052154, 516401.507999999972526 ] ] ] } },
{ "type": "Feature", "properties": { "fid": 62235, "crop": "alfalfa_lucerne" }, "geometry": { "type": "Polygon", "coordinates": [ [ [ 559582.883000000030734, 544168.554 ], [ 559601.957999999984168, 544192.949000000022352 ], [ 559629.400999999954365, 544224.734000000054948 ], [ 560050.881999999983236, 544043.552999999956228 ], [ 560047.810000000055879, 544036.599999999976717 ], [ 559979.665000000037253, 543983.61199999996461 ], [ 559574.506000000052154, 544157.772 ], [ 559582.883000000030734, 544168.554 ] ] ] } },
{ "type": "Feature", "properties": { "fid": 2360614, "crop": "alfalfa_lucerne" }, "geometry": { "type": "Polygon", "coordinates": [ [ [ 557615.829000000027008, 513060.572999999974854 ], [ 557626.70499999995809, 513097.387999999977183 ], [ 557636.427999999956228, 513121.044999999983702 ], [ 557653.158999999985099, 513152.587 ], [ 557664.952999999979511, 513175.079000000027008 ], [ 557675.599999999976717, 513202.810999999986961 ], [ 557680.572000000043772, 513219.142999999981839 ], [ 557685.895000000018626, 513237.601000000024214 ], [ 557689.544, 513244.857000000018161 ], [ 557754.04500000004191, 513234.049 ], [ 557753.316, 513217.493000000016764 ], [ 557750.643999999971129, 513207.566 ], [ 557745.299, 513189.74900000001071 ], [ 557738.554, 513166.713999999978114 ], [ 557733.462999999988824, 513148.006 ], [ 557728.37300000002142, 513131.080000000016298 ], [ 557726.84499999997206, 513123.952999999979511 ], [ 557726.094000000040978, 513121.74800000002142 ], [ 557714.42000000004191, 513119.184 ], [ 557705.09699999995064, 513117.211000000010245 ], [ 557695.299, 513114.761 ], [ 557688.733, 513112.606000000028871 ], [ 557681.97199999995064, 513108.49 ], [ 557673.996999999973923, 513103.563000000023749 ], [ 557670.566, 513096.718 ], [ 557668.322000000043772, 513095.538999999989755 ], [ 557662.055999999982305, 513089.272999999986496 ], [ 557654.560000000055879, 513079.081 ], [ 557648.62699999997858, 513073.309 ], [ 557642.231999999959953, 513069.340000000025611 ], [ 557637.354000000050291, 513067.925999999977648 ], [ 557625.560999999986961, 513064.902 ], [ 557621.773999999975786, 513063.451 ], [ 557615.829000000027008, 513060.572999999974854 ] ] ] } },
{ "type": "Feature", "properties": { "fid": 959306, "crop": "alfalfa_lucerne" }, "geometry": { "type": "Polygon", "coordinates": [ [ [ 554148.957000000053085, 544871.268000000040047 ], [ 554127.768999999971129, 544878.973 ], [ 554044.63, 544903.550999999977648 ], [ 554027.625, 544908.910000000032596 ], [ 554034.501000000047497, 544920.358 ], [ 554070.772, 544906.523000000044703 ], [ 554118.067999999970198, 544892.917000000015832 ], [ 554145.037999999942258, 544884.785999999963678 ], [ 554178.540000000037253, 544871.964000000036322 ], [ 554266.143999999971129, 544831.74 ], [ 554266.196, 544818.567000000039116 ], [ 554259.189000000013039, 544821.983 ], [ 554187.903999999980442, 544855.086000000010245 ], [ 554167.981000000028871, 544863.496999999973923 ], [ 554148.957000000053085, 544871.268000000040047 ] ] ] } },
{ "type": "Feature", "properties": { "fid": 2463665, "crop": "alfalfa_lucerne" }, "geometry": { "type": "Polygon", "coordinates": [ [ [ 551036.466999999945983, 509010.03000000002794 ], [ 551046.214000000036322, 509016.353 ], [ 551060.711000000010245, 509023.980000000039581 ], [ 551083.277, 509036.044999999983702 ], [ 551117.785999999963678, 509056.805999999982305 ], [ 551126.675000000046566, 509045.897 ], [ 551043.707999999984168, 508994.600000000034925 ], [ 551033.506000000052154, 509007.057000000029802 ], [ 551036.466999999945983, 509010.03000000002794 ] ] ] } },
{ "type": "Feature", "properties": { "fid": 403912, "crop": "alfalfa_lucerne" }, "geometry": { "type": "Polygon", "coordinates": [ [ [ 540995.054, 558817.92000000004191 ], [ 540996.822000000043772, 558803.329000000027008 ], [ 540998.234000000054948, 558792.767 ], [ 541001.949000000022352, 558763.15300000004936 ], [ 540308.571, 558863.966999999945983 ], [ 540311.988999999943189, 558891.327000000048429 ], [ 540317.677000000025146, 558916.40500000002794 ], [ 540995.054, 558817.92000000004191 ] ] ] } },
{ "type": "Feature", "properties": { "fid": 1837816, "crop": "alfalfa_lucerne" }, "geometry": { "type": "Polygon", "coordinates": [ [ [ 518496.261, 523733.36099999997532 ], [ 518494.213999999978114, 523725.284999999974389 ], [ 518484.772999999986496, 523714.821 ], [ 518455.403, 523697.007999999972526 ], [ 518402.196, 523668.641 ], [ 518365.575000000011642, 523649.636999999987893 ], [ 518333.381999999983236, 523634.973999999987427 ], [ 518281.253000000026077, 523602.755 ], [ 518274.256999999983236, 523598.088999999978114 ], [ 518270.482000000018161, 523603.694000000017695 ], [ 518265.397999999986496, 523611.554 ], [ 518261.419, 523618.119 ], [ 518276.180999999982305, 523627.566 ], [ 518287.885, 523633.494 ], [ 518289.477000000013504, 523637.021 ], [ 518311.423, 523651.24900000001071 ], [ 518388.319000000017695, 523690.707 ], [ 518396.281000000017229, 523694.12 ], [ 518413.76400000002468, 523701.672000000020489 ], [ 518439.049, 523713.57 ], [ 518462.365999999979977, 523732.565 ], [ 518477.835000000020955, 523752.129000000015367 ], [ 518481.702, 523759.522 ], [ 518484.031000000017229, 523761.31 ], [ 518489.049999999988358, 523756.291000000026543 ], [ 518494.660000000032596, 523748.32 ], [ 518496.726000000024214, 523739.757999999972526 ], [ 518496.261, 523733.36099999997532 ] ] ] } },
{ "type": "Feature", "properties": { "fid": 93672, "crop": "alfalfa_lucerne" }, "geometry": { "type": "Polygon", "coordinates": [ [ [ 527725.86199999996461, 513665.085000000020955 ], [ 527739.577999999979511, 513663.056999999971595 ], [ 527762.349000000045635, 513659.161000000021886 ], [ 527770.018999999971129, 513655.417000000015832 ], [ 527780.373999999952503, 513644.325000000011642 ], [ 527805.907, 513594.814000000013039 ], [ 527808.452999999979511, 513583.457999999984168 ], [ 527809.020999999949709, 513573.684 ], [ 527802.571, 513564.787000000011176 ], [ 527784.332000000053085, 513553.88900000002468 ], [ 527778.62300000002142, 513561.717 ], [ 527763.425000000046566, 513586.99900000001071 ], [ 527736.493999999947846, 513631.723 ], [ 527726.726000000024214, 513646.191999999980908 ], [ 527718.557999999960884, 513666.901000000012573 ], [ 527725.86199999996461, 513665.085000000020955 ] ] ] } },
{ "type": "Feature", "properties": { "fid": 2472106, "crop": "alfalfa_lucerne" }, "geometry": { "type": "Polygon", "coordinates": [ [ [ 544953.439000000013039, 502610.494 ], [ 544954.167000000015832, 502610.495 ], [ 544960.82999999995809, 502610.136 ], [ 544966.094000000040978, 502609.068000000028405 ], [ 544976.74800000002142, 502606.688000000023749 ], [ 545015.071, 502594.968 ], [ 545019.194000000017695, 502593.678000000014435 ], [ 545047.537000000011176, 502583.113000000012107 ], [ 545079.562000000034459, 502572.487000000022817 ], [ 545084.295999999972992, 502570.593 ], [ 545110.746000000042841, 502559.601000000024214 ], [ 545154.087000000057742, 502541.242000000027474 ], [ 545172.62, 502532.63900000002468 ], [ 545185.400000000023283, 502526.593 ], [ 545186.498999999952503, 502526.13900000002468 ], [ 545206.253999999957159, 502517.522 ], [ 545207.22199999995064, 502517.080000000016298 ], [ 545238.430000000051223, 502505.12 ], [ 545264.390999999945052, 502495.114 ], [ 545284.001000000047497, 502484.153999999980442 ], [ 545277.586000000010245, 502472.097 ], [ 545273.285000000032596, 502466.680999999982305 ], [ 545252.371000000042841, 502475.294999999983702 ], [ 545218.278999999980442, 502489.43 ], [ 545136.481999999959953, 502524.767 ], [ 545094.767, 502541.26500000001397 ], [ 545074.684, 502552.710000000020955 ], [ 545054.763999999966472, 502557.09499999997206 ], [ 545021.228, 502567.722 ], [ 545014.682000000029802, 502569.583999999973457 ], [ 545003.339000000036322, 502573.108 ], [ 544961.85999999998603, 502584.620999999984633 ], [ 544953.946, 502586.87400000001071 ], [ 544953.125, 502587.951 ], [ 544953.439000000013039, 502610.494 ] ] ] } },
{ "type": "Feature", "properties": { "fid": 1098076, "crop": "alfalfa_lucerne" }, "geometry": { "type": "Polygon", "coordinates": [ [ [ 551114.88800000003539, 550024.199000000022352 ], [ 551072.339000000036322, 550039.677000000025146 ], [ 551075.405999999959022, 550045.707000000053085 ], [ 551082.743000000016764, 550053.927999999956228 ], [ 551091.366999999969266, 550063.658000000054017 ], [ 551119.292000000015832, 550051.959000000031665 ], [ 551180.819000000017695, 550027.015999999945052 ], [ 551232.057000000029802, 550008.413999999989755 ], [ 551252.78000000002794, 550002.050000000046566 ], [ 551268.341000000014901, 549999.317000000039116 ], [ 551265.886000000056811, 549980.841000000014901 ], [ 551166.832999999984168, 550006.535000000032596 ], [ 551114.88800000003539, 550024.199000000022352 ] ] ] } },
{ "type": "Feature", "properties": { "fid": 912848, "crop": "alfalfa_lucerne" }, "geometry": { "type": "Polygon", "coordinates": [ [ [ 557229.680000000051223, 505636.315 ], [ 557290.371000000042841, 505643.158 ], [ 557334.785999999963678, 505645.641 ], [ 557342.589999999967404, 505645.642999999981839 ], [ 557364.28000000002794, 505644.85999999998603 ], [ 557363.805999999982305, 505625.947999999974854 ], [ 557357.074000000022352, 505575.575000000011642 ], [ 557334.447999999974854, 505580.64000000001397 ], [ 557303.361000000033528, 505585.406000000017229 ], [ 557268.922999999951571, 505590.848999999987427 ], [ 557243.341999999945983, 505594.927000000025146 ], [ 557234.199999999953434, 505594.962999999988824 ], [ 557233.182000000029802, 505604.104 ], [ 557229.434, 505625.540000000037253 ], [ 557229.680000000051223, 505636.315 ] ] ] } },
{ "type": "Feature", "properties": { "fid": 1582231, "crop": "alfalfa_lucerne" }, "geometry": { "type": "Polygon", "coordinates": [ [ [ 525672.153999999980442, 514598.13 ], [ 525693.113999999943189, 514702.069000000017695 ], [ 525717.354999999981374, 514702.050999999977648 ], [ 525716.035999999963678, 514678.528 ], [ 525717.934, 514678.870999999984633 ], [ 525749.45499999995809, 514681.017999999981839 ], [ 525767.795999999972992, 514685.445 ], [ 525792.707999999984168, 514701.362000000022817 ], [ 525778.354000000050291, 514729.689000000013039 ], [ 525771.245, 514736.806999999971595 ], [ 525759.473, 514743.12400000001071 ], [ 525741.756999999983236, 514749.776000000012573 ], [ 525727.746000000042841, 514770.400000000023283 ], [ 525723.152, 514778.295999999972992 ], [ 525731.817000000039116, 514781.829000000027008 ], [ 525742.341999999945983, 514786.338999999978114 ], [ 525764.354000000050291, 514794.663 ], [ 525774.547000000020489, 514784.181999999971595 ], [ 525791.564000000013039, 514778.536000000021886 ], [ 525799.383999999961816, 514774.564000000013039 ], [ 525807.908000000054017, 514762.428000000014435 ], [ 525819.481999999959953, 514741.401000000012573 ], [ 525859.84699999995064, 514712.792000000015832 ], [ 525861.390999999945052, 514704.34499999997206 ], [ 525823.861000000033528, 514672.962 ], [ 525776.858, 514633.793 ], [ 525717.246000000042841, 514631.554 ], [ 525715.517, 514631.586000000010245 ], [ 525702.177999999956228, 514570.403999999980442 ], [ 525692.557999999960884, 514571.815 ], [ 525679.103, 514576.082 ], [ 525670.718, 514579.754000000015367 ], [ 525672.153999999980442, 514598.13 ] ] ] } },
{ "type": "Feature", "properties": { "fid": 1936904, "crop": "alfalfa_lucerne" }, "geometry": { "type": "Polygon", "coordinates": [ [ [ 561230.611000000033528, 539346.709999999962747 ], [ 561243.071, 539367.974999999976717 ], [ 561254.071, 539387.368999999947846 ], [ 561256.273999999975786, 539392.025000000023283 ], [ 561268.26500000001397, 539385.253999999957159 ], [ 561257.560999999986961, 539362.925000000046566 ], [ 561247.72199999995064, 539346.212000000057742 ], [ 561238.419, 539329.432000000029802 ], [ 561213.001000000047497, 539284.743000000016764 ], [ 561202.74, 539269.074000000022352 ], [ 561189.179, 539278.993999999947846 ], [ 561199.677000000025146, 539295.865 ], [ 561230.611000000033528, 539346.709999999962747 ] ] ] } },
{ "type": "Feature", "properties": { "fid": 911726, "crop": "alfalfa_lucerne" }, "geometry": { "type": "Polygon", "coordinates": [ [ [ 551094.359000000054948, 504083.147999999986496 ], [ 551055.310999999986961, 504088.713999999978114 ], [ 551038.174, 504095.829000000027008 ], [ 551036.733, 504114.800999999977648 ], [ 551038.854000000050291, 504125.212999999988824 ], [ 551040.694999999948777, 504131.050999999977648 ], [ 551084.131000000052154, 504118.908999999985099 ], [ 551129.613999999943189, 504107.88900000002468 ], [ 551169.895000000018626, 504099.49800000002142 ], [ 551189.074999999953434, 504097.419999999983702 ], [ 551209.047000000020489, 504099.759000000020023 ], [ 551192.109000000054948, 504084.381 ], [ 551160.895000000018626, 504087.609 ], [ 551154.067000000039116, 504075.052000000025146 ], [ 551146.09699999995064, 504077.859 ], [ 551133.810999999986961, 504079.802000000025146 ], [ 551094.359000000054948, 504083.147999999986496 ] ] ] } },
{ "type": "Feature", "properties": { "fid": 1920197, "crop": "alfalfa_lucerne" }, "geometry": { "type": "Polygon", "coordinates": [ [ [ 557005.734000000054948, 507832.962 ], [ 557005.706, 507835.825000000011642 ], [ 557013.699999999953434, 507843.564000000013039 ], [ 557022.074000000022352, 507855.871999999973923 ], [ 557024.231000000028871, 507864.119 ], [ 557025.37300000002142, 507872.365999999979977 ], [ 557026.841999999945983, 507878.943000000028405 ], [ 557028.160999999963678, 507886.857000000018161 ], [ 557029.576, 507894.221000000019558 ], [ 557032.314000000013039, 507898.958999999973457 ], [ 557100.677000000025146, 507850.668 ], [ 557121.853, 507832.471000000019558 ], [ 557105.721000000019558, 507824.333999999973457 ], [ 557089.191, 507815.647999999986496 ], [ 557070.79500000004191, 507826.055 ], [ 557059.121999999973923, 507831.13 ], [ 557046.814999999944121, 507833.794999999983702 ], [ 557006.848, 507832.272 ], [ 557005.734000000054948, 507832.962 ] ] ] } },
{ "type": "Feature", "properties": { "fid": 1265315, "crop": "alfalfa_lucerne" }, "geometry": { "type": "Polygon", "coordinates": [ [ [ 508936.61099999997532, 543087.047999999951571 ], [ 508938.846000000019558, 543103.02800000004936 ], [ 508942.387999999977183, 543111.089999999967404 ], [ 508945.104, 543112.517 ], [ 508963.326, 543104.557000000029802 ], [ 508989.892, 543087.63800000003539 ], [ 508999.44, 543076.934 ], [ 509013.400000000023283, 543056.01 ], [ 509008.371999999973923, 543043.182000000029802 ], [ 508999.275000000023283, 543022.893999999971129 ], [ 508994.183000000019092, 543011.966999999945983 ], [ 508991.092, 543007.483 ], [ 508963.229, 542998.307999999960884 ], [ 508952.881999999983236, 542999.147 ], [ 508952.951, 543003.202000000048429 ], [ 508949.036000000021886, 543035.501000000047497 ], [ 508939.216000000014901, 543077.322999999974854 ], [ 508936.61099999997532, 543087.047999999951571 ] ] ] } },
{ "type": "Feature", "properties": { "fid": 372230, "crop": "alfalfa_lucerne" }, "geometry": { "type": "Polygon", "coordinates": [ [ [ 542615.473, 549412.038999999989755 ], [ 542634.358, 549412.397 ], [ 542658.049, 549409.365 ], [ 542687.964000000036322, 549402.255 ], [ 542699.187000000034459, 549398.01300000003539 ], [ 542691.584000000031665, 549355.305000000051223 ], [ 542686.006999999983236, 549330.604999999981374 ], [ 542680.628999999957159, 549286.584999999962747 ], [ 542676.645000000018626, 549243.758999999961816 ], [ 542674.851999999955297, 549208.104000000050291 ], [ 542674.055000000051223, 549168.665000000037253 ], [ 542676.844000000040978, 549091.77800000004936 ], [ 542677.042999999946915, 549024.253999999957159 ], [ 542677.348, 548995.011999999987893 ], [ 542633.726000000024214, 548995.189000000013039 ], [ 542633.726000000024214, 548995.214000000036322 ], [ 542633.885, 548995.212999999988824 ], [ 542634.300999999977648, 549031.476999999955297 ], [ 542629.054, 549170.072999999974854 ], [ 542627.84499999997206, 549280.868000000016764 ], [ 542635.099999999976717, 549335.190000000060536 ], [ 542617.84499999997206, 549344.998999999952503 ], [ 542615.473, 549412.038999999989755 ] ] ] } },
{ "type": "Feature", "properties": { "fid": 1058163, "crop": "alfalfa_lucerne" }, "geometry": { "type": "Polygon", "coordinates": [ [ [ 505438.598999999987427, 503244.604999999981374 ], [ 505448.865999999979977, 503252.006 ], [ 505486.695, 503217.26 ], [ 505512.325000000011642, 503189.863000000012107 ], [ 505527.680999999982305, 503175.722 ], [ 505540.702999999979511, 503161.744 ], [ 505565.131999999983236, 503127.003000000026077 ], [ 505580.267, 503112.199000000022352 ], [ 505587.778999999980442, 503107.78000000002794 ], [ 505593.191999999980908, 503105.680999999982305 ], [ 505610.316, 503097.837999999988824 ], [ 505628.544, 503090.767 ], [ 505651.854, 503078.946 ], [ 505681.157, 503065.042000000015832 ], [ 505683.767999999981839, 503029.244 ], [ 505686.62699999997858, 503006.816999999980908 ], [ 505686.212, 502994.98599999997532 ], [ 505688.528, 502991.906000000017229 ], [ 505689.701, 502982.677000000025146 ], [ 505675.088999999978114, 502983.341000000014901 ], [ 505656.352000000013504, 502985.375 ], [ 505647.183000000019092, 502987.253000000026077 ], [ 505643.805, 502989.429 ], [ 505645.151000000012573, 502994.913999999989755 ], [ 505662.821, 503046.902 ], [ 505610.125, 503073.978 ], [ 505551.172000000020489, 503100.913 ], [ 505544.577999999979511, 503112.949000000022352 ], [ 505524.734, 503140.403999999980442 ], [ 505501.277, 503167.326 ], [ 505475.979, 503205.44 ], [ 505462.37699999997858, 503222.494 ], [ 505441.205000000016298, 503240.160000000032596 ], [ 505438.598999999987427, 503244.604999999981374 ] ] ] } },
{ "type": "Feature", "properties": { "fid": 235978, "crop": "alfalfa_lucerne" }, "geometry": { "type": "Polygon", "coordinates": [ [ [ 527105.457999999984168, 526860.212999999988824 ], [ 527131.940000000060536, 526864.417000000015832 ], [ 527132.099000000045635, 526860.767 ], [ 527145.047000000020489, 526804.662000000011176 ], [ 527163.621999999973923, 526740.560999999986961 ], [ 527171.920999999972992, 526714.886000000056811 ], [ 527155.378000000026077, 526712.677000000025146 ], [ 527141.616000000038184, 526709.826 ], [ 527132.321, 526739.827999999979511 ], [ 527122.692999999970198, 526780.758999999961816 ], [ 527119.932000000029802, 526793.179 ], [ 527118.067999999970198, 526803.979000000050291 ], [ 527115.045999999972992, 526816.182999999960884 ], [ 527105.457999999984168, 526860.212999999988824 ] ] ] } },
{ "type": "Feature", "properties": { "fid": 203410, "crop": "alfalfa_lucerne" }, "geometry": { "type": "Polygon", "coordinates": [ [ [ 502551.766, 505031.717 ], [ 502641.125, 505041.406000000017229 ], [ 502648.656000000017229, 505040.125 ], [ 502662.863000000012107, 505039.99900000001071 ], [ 502676.569000000017695, 505044.160000000032596 ], [ 502690.061999999976251, 505049.75 ], [ 502700.476000000024214, 505051.946999999985565 ], [ 502711.266, 505053.480000000039581 ], [ 502730.48599999997532, 505053.278999999980442 ], [ 502750.527, 505049.778 ], [ 502729.768999999971129, 505010.117000000027474 ], [ 502700.544, 504998.846000000019558 ], [ 502688.686999999976251, 504996.531000000017229 ], [ 502671.37, 504993.416000000026543 ], [ 502645.556999999971595, 504987.044999999983702 ], [ 502585.03000000002794, 504974.332999999984168 ], [ 502575.657, 504988.392999999981839 ], [ 502555.851000000024214, 505014.32 ], [ 502551.167000000015832, 505026.924 ], [ 502551.766, 505031.717 ] ] ] } },
{ "type": "Feature", "properties": { "fid": 1137361, "crop": "alfalfa_lucerne" }, "geometry": { "type": "Polygon", "coordinates": [ [ [ 560175.440000000060536, 533395.73499999998603 ], [ 560202.511000000056811, 533383.998999999952503 ], [ 560171.966000000014901, 533315.633999999961816 ], [ 560152.305999999982305, 533269.964999999967404 ], [ 560110.890999999945052, 533164.606999999959953 ], [ 560098.684, 533161.511000000056811 ], [ 560093.392, 533161.935000000055879 ], [ 560086.770999999949709, 533182.679 ], [ 560088.535999999963678, 533190.403999999980442 ], [ 560096.040000000037253, 533208.721000000019558 ], [ 560111.373999999952503, 533247.773999999975786 ], [ 560116.631000000052154, 533260.04500000004191 ], [ 560155.143000000040047, 533345.599000000045635 ], [ 560175.440000000060536, 533395.73499999998603 ] ] ] } },
{ "type": "Feature", "properties": { "fid": 2443179, "crop": "alfalfa_lucerne" }, "geometry": { "type": "Polygon", "coordinates": [ [ [ 556325.550999999977648, 559935.059 ], [ 556312.90300000004936, 559940.393999999971129 ], [ 556303.26500000001397, 559945.832999999984168 ], [ 556295.707999999984168, 559951.552999999956228 ], [ 556282.25199999997858, 559975.927000000025146 ], [ 556233.290000000037253, 560155.29500000004191 ], [ 556236.753000000026077, 560157.307999999960884 ], [ 556239.810999999986961, 560158.964000000036322 ], [ 556246.562000000034459, 560158.327000000048429 ], [ 556253.059, 560157.690000000060536 ], [ 556266.180000000051223, 560143.295999999972992 ], [ 556334.196, 560107.243000000016764 ], [ 556342.255, 560086.109000000054948 ], [ 556360.194999999948777, 560039.738000000012107 ], [ 556368.743999999947846, 560013.363999999943189 ], [ 556372.84499999997206, 559985.343 ], [ 556374.037000000011176, 559979.45499999995809 ], [ 556334.263999999966472, 559944.51 ], [ 556325.550999999977648, 559935.059 ] ] ] } },
{ "type": "Feature", "properties": { "fid": 1920484, "crop": "alfalfa_lucerne" }, "geometry": { "type": "Polygon", "coordinates": [ [ [ 556830.523999999975786, 507809.533999999985099 ], [ 556835.912000000011176, 507829.401000000012573 ], [ 556842.478, 507843.544 ], [ 556854.937000000034459, 507868.125 ], [ 556858.202999999979511, 507881.756 ], [ 556864.028999999980442, 507899.60999999998603 ], [ 556982.037000000011176, 507841.868000000016764 ], [ 556988.751000000047497, 507837.492000000027474 ], [ 556989.28000000002794, 507833.186999999976251 ], [ 556978.106999999959953, 507831.767999999981839 ], [ 556830.523999999975786, 507809.533999999985099 ] ] ] } },
{ "type": "Feature", "properties": { "fid": 1761376, "crop": "alfalfa_lucerne" }, "geometry": { "type": "Polygon", "coordinates": [ [ [ 560186.160999999963678, 543634.533999999985099 ], [ 560206.226000000024214, 543679.890999999945052 ], [ 560455.108, 544242.506000000052154 ], [ 560504.34699999995064, 544227.067000000039116 ], [ 560255.410000000032596, 543664.351000000024214 ], [ 560235.354000000050291, 543619.013999999966472 ], [ 560194.743999999947846, 543632.275000000023283 ], [ 560186.160999999963678, 543634.533999999985099 ] ] ] } },
{ "type": "Feature", "properties": { "fid": 1033991, "crop": "alfalfa_lucerne" }, "geometry": { "type": "Polygon", "coordinates": [ [ [ 557800.393000000040047, 514875.913 ], [ 557809.875, 514876.10999999998603 ], [ 557822.287999999942258, 514875.718 ], [ 557827.628000000026077, 514873.90500000002794 ], [ 557827.273999999975786, 514831.798 ], [ 557790.464000000036322, 514832.678000000014435 ], [ 557750.135, 514823.034999999974389 ], [ 557699.145000000018626, 514814.387999999977183 ], [ 557660.795999999972992, 514812.042000000015832 ], [ 557645.314000000013039, 514812.815 ], [ 557645.072000000043772, 514817.291000000026543 ], [ 557650.51500000001397, 514827.332 ], [ 557665.998999999952503, 514853.461000000010245 ], [ 557666.12, 514869.308000000019092 ], [ 557685.145999999949709, 514867.238000000012107 ], [ 557691.765999999945052, 514865.920999999972992 ], [ 557700.234000000054948, 514866.042000000015832 ], [ 557733.5, 514869.670999999972992 ], [ 557753.098, 514872.936999999976251 ], [ 557767.25199999997858, 514874.245999999984633 ], [ 557800.393000000040047, 514875.913 ] ] ] } },
{ "type": "Feature", "properties": { "fid": 705477, "crop": "alfalfa_lucerne" }, "geometry": { "type": "Polygon", "coordinates": [ [ [ 559458.817999999970198, 542339.680999999982305 ], [ 559510.915000000037253, 542324.67000000004191 ], [ 559557.424, 542310.01300000003539 ], [ 559577.584000000031665, 542302.964000000036322 ], [ 559641.496999999973923, 542282.290999999968335 ], [ 559695.591000000014901, 542262.996999999973923 ], [ 559739.570000000065193, 542247.0 ], [ 559820.476000000024214, 542217.761999999987893 ], [ 559868.48699999996461, 542198.158000000054017 ], [ 559900.052000000025146, 542183.70499999995809 ], [ 559938.427999999956228, 542164.434 ], [ 559978.133000000030734, 542142.837000000057742 ], [ 560024.150999999954365, 542117.917000000015832 ], [ 560060.368000000016764, 542098.812000000034459 ], [ 560140.571, 542061.093 ], [ 560163.827999999979511, 542052.652 ], [ 560193.148999999975786, 542042.473 ], [ 560218.191, 542034.022 ], [ 560252.27800000004936, 542024.64000000001397 ], [ 560290.182000000029802, 542015.854999999981374 ], [ 560288.849999999976717, 541976.459000000031665 ], [ 560272.763999999966472, 541979.726999999955297 ], [ 560211.38, 541995.312999999965541 ], [ 560137.618000000016764, 542017.408999999985099 ], [ 560074.488999999943189, 542042.493999999947846 ], [ 560009.643999999971129, 542071.773999999975786 ], [ 559948.728, 542102.466999999945983 ], [ 559910.351999999955297, 542121.24 ], [ 559830.996999999973923, 542157.738000000012107 ], [ 559778.971000000019558, 542180.305999999982305 ], [ 559743.310999999986961, 542194.432000000029802 ], [ 559654.677999999956228, 542226.733 ], [ 559615.942999999970198, 542241.261999999987893 ], [ 559559.459000000031665, 542260.699000000022352 ], [ 559483.702999999979511, 542284.123999999952503 ], [ 559475.729000000050291, 542290.104000000050291 ], [ 559454.131999999983236, 542304.89000000001397 ], [ 559449.979000000050291, 542312.199999999953434 ], [ 559450.310999999986961, 542319.508999999961816 ], [ 559458.817999999970198, 542339.680999999982305 ] ] ] } },
{ "type": "Feature", "properties": { "fid": 1171549, "crop": "alfalfa_lucerne" }, "geometry": { "type": "Polygon", "coordinates": [ [ [ 554969.805999999982305, 543203.060000000055879 ], [ 554973.986000000033528, 543205.064000000013039 ], [ 555017.111000000033528, 543200.392 ], [ 555020.121999999973923, 543145.832999999984168 ], [ 555022.072999999974854, 543112.28000000002794 ], [ 555010.525000000023283, 543112.826 ], [ 554990.606000000028871, 543114.015999999945052 ], [ 554980.915000000037253, 543117.496000000042841 ], [ 554975.190000000060536, 543122.354999999981374 ], [ 554969.805999999982305, 543203.060000000055879 ] ] ] } },
{ "type": "Feature", "properties": { "fid": 766483, "crop": "alfalfa_lucerne" }, "geometry": { "type": "Polygon", "coordinates": [ [ [ 543676.290999999968335, 503389.832 ], [ 543724.770000000018626, 503433.652 ], [ 543721.832000000053085, 503420.723999999987427 ], [ 543719.089000000036322, 503406.379000000015367 ], [ 543717.824000000022352, 503393.299 ], [ 543716.383999999961816, 503380.419999999983702 ], [ 543715.59699999995064, 503365.240999999979977 ], [ 543680.694999999948777, 503334.653 ], [ 543648.207999999984168, 503303.431999999971595 ], [ 543642.988000000012107, 503307.114 ], [ 543615.01500000001397, 503330.210000000020955 ], [ 543643.060999999986961, 503360.757999999972526 ], [ 543676.290999999968335, 503389.832 ] ] ] } },
{ "type": "Feature", "properties": { "fid": 823836, "crop": "alfalfa_lucerne" }, "geometry": { "type": "Polygon", "coordinates": [ [ [ 555969.589999999967404, 526527.545999999972992 ], [ 555997.949999999953434, 526532.22199999995064 ], [ 556004.687000000034459, 526533.158000000054017 ], [ 556004.87699999997858, 526533.207999999984168 ], [ 556004.895000000018626, 526533.177999999956228 ], [ 556045.598, 526543.731000000028871 ], [ 556045.574000000022352, 526543.802999999956228 ], [ 556045.662000000011176, 526543.826 ], [ 556051.457000000053085, 526518.520000000018626 ], [ 556057.245, 526503.518999999971129 ], [ 556063.741000000038184, 526490.172000000020489 ], [ 556070.827999999979511, 526479.77800000004936 ], [ 556077.324999999953434, 526442.452000000048429 ], [ 556071.419, 526405.008999999961816 ], [ 556071.182999999960884, 526396.62300000002142 ], [ 556055.866000000038184, 526384.897 ], [ 556044.522, 526378.300999999977648 ], [ 556035.817000000039116, 526374.344000000040978 ], [ 556020.25199999997858, 526372.761000000056811 ], [ 556011.282, 526372.234000000054948 ], [ 555996.773000000044703, 526371.706 ], [ 555992.287999999942258, 526376.191 ], [ 555989.386000000056811, 526384.104999999981374 ], [ 555980.70499999995809, 526463.476999999955297 ], [ 555969.589999999967404, 526527.545999999972992 ] ] ] } },
{ "type": "Feature", "properties": { "fid": 1915838, "crop": "alfalfa_lucerne" }, "geometry": { "type": "Polygon", "coordinates": [ [ [ 555318.46999999997206, 547916.552999999956228 ], [ 555360.326, 547917.59699999995064 ], [ 555378.101000000024214, 547917.569000000017695 ], [ 555394.158000000054017, 547915.988999999943189 ], [ 555397.449000000022352, 547885.209000000031665 ], [ 555397.685999999986961, 547844.944999999948777 ], [ 555394.738000000012107, 547784.628000000026077 ], [ 555369.555999999982305, 547808.201 ], [ 555352.390999999945052, 547823.172000000020489 ], [ 555343.853, 547854.099000000045635 ], [ 555337.527, 547870.238000000012107 ], [ 555329.702999999979511, 547887.160999999963678 ], [ 555318.46999999997206, 547916.552999999956228 ] ] ] } },
{ "type": "Feature", "properties": { "fid": 2207074, "crop": "alfalfa_lucerne" }, "geometry": { "type": "Polygon", "coordinates": [ [ [ 555023.518000000040047, 543151.464999999967404 ], [ 555020.209000000031665, 543200.055999999982305 ], [ 555050.386000000056811, 543198.787000000011176 ], [ 555074.709999999962747, 543199.890999999945052 ], [ 555099.77800000004936, 543203.628000000026077 ], [ 555102.790999999968335, 543140.584000000031665 ], [ 555102.881999999983236, 543108.25 ], [ 555103.26300000003539, 543080.63 ], [ 555102.593, 543057.442000000039116 ], [ 555066.839000000036322, 543066.337999999988824 ], [ 555027.675999999977648, 543084.057999999960884 ], [ 555023.709999999962747, 543143.207000000053085 ], [ 555023.518000000040047, 543151.464999999967404 ] ] ] } },
{ "type": "Feature", "properties": { "fid": 822898, "crop": "alfalfa_lucerne" }, "geometry": { "type": "Polygon", "coordinates": [ [ [ 558333.211000000010245, 527220.679 ], [ 558356.832999999984168, 527212.214999999967404 ], [ 558380.48699999996461, 527204.736000000033528 ], [ 558410.488999999943189, 527196.648999999975786 ], [ 558432.587999999988824, 527191.601999999955297 ], [ 558429.650000000023283, 527180.317000000039116 ], [ 558424.030999999959022, 527171.400999999954365 ], [ 558402.219000000040978, 527178.09699999995064 ], [ 558326.363000000012107, 527202.746999999973923 ], [ 558333.211000000010245, 527220.679 ] ] ] } },
{ "type": "Feature", "properties": { "fid": 1532944, "crop": "alfalfa_lucerne" }, "geometry": { "type": "Polygon", "coordinates": [ [ [ 555222.871000000042841, 549453.170999999972992 ], [ 555204.92000000004191, 549410.044 ], [ 555195.484000000054948, 549388.851000000024214 ], [ 555192.23499999998603, 549378.023000000044703 ], [ 555189.731000000028871, 549367.51500000001397 ], [ 555135.216999999945983, 549373.361000000033528 ], [ 555142.660999999963678, 549394.973 ], [ 555157.893999999971129, 549442.837999999988824 ], [ 555167.794, 549473.466999999945983 ], [ 555186.307999999960884, 549526.493000000016764 ], [ 555208.474999999976717, 549596.719000000040978 ], [ 555222.412000000011176, 549640.712000000057742 ], [ 555241.905999999959022, 549601.888999999966472 ], [ 555273.908999999985099, 549559.566 ], [ 555222.871000000042841, 549453.170999999972992 ] ] ] } },
{ "type": "Feature", "properties": { "fid": 371775, "crop": "alfalfa_lucerne" }, "geometry": { "type": "Polygon", "coordinates": [ [ [ 553606.0, 506603.128000000026077 ], [ 553606.589000000036322, 506614.718 ], [ 553607.142, 506619.452999999979511 ], [ 553706.807999999960884, 506616.581 ], [ 553795.76300000003539, 506611.200000000011642 ], [ 553800.550999999977648, 506591.26400000002468 ], [ 553685.62300000002142, 506596.972 ], [ 553632.797999999951571, 506598.944000000017695 ], [ 553621.216999999945983, 506598.503000000026077 ], [ 553606.476000000024214, 506595.299999999988358 ], [ 553606.0, 506603.128000000026077 ] ] ] } },
{ "type": "Feature", "properties": { "fid": 2499921, "crop": "alfalfa_lucerne" }, "geometry": { "type": "Polygon", "coordinates": [ [ [ 548800.631000000052154, 513454.881999999983236 ], [ 548842.191, 513453.895000000018626 ], [ 548885.091999999945983, 513452.988000000012107 ], [ 548889.807000000029802, 513358.695 ], [ 548890.587000000057742, 513325.663999999989755 ], [ 548890.067000000039116, 513301.217 ], [ 548888.647, 513299.722 ], [ 548882.809, 513298.783 ], [ 548855.648999999975786, 513313.802000000025146 ], [ 548834.533000000054017, 513324.507999999972526 ], [ 548807.290999999968335, 513333.726000000024214 ], [ 548805.981999999959953, 513385.773999999975786 ], [ 548800.631000000052154, 513454.881999999983236 ] ] ] } },
{ "type": "Feature", "properties": { "fid": 2200696, "crop": "alfalfa_lucerne" }, "geometry": { "type": "Polygon", "coordinates": [ [ [ 548191.302000000025146, 505518.207 ], [ 548168.25, 505524.678000000014435 ], [ 548149.473, 505532.686999999976251 ], [ 548159.714000000036322, 505549.541000000026543 ], [ 548176.285000000032596, 505583.10999999998603 ], [ 548198.76, 505623.650000000023283 ], [ 548207.160000000032596, 505639.245999999984633 ], [ 548208.809, 505639.082999999984168 ], [ 548244.091000000014901, 505624.798 ], [ 548281.324000000022352, 505607.773999999975786 ], [ 548291.581, 505601.115999999979977 ], [ 548291.376000000047497, 505600.342 ], [ 548249.922000000020489, 505524.943000000028405 ], [ 548244.648000000044703, 505516.293 ], [ 548232.959000000031665, 505514.971000000019558 ], [ 548211.523999999975786, 505515.78000000002794 ], [ 548191.302000000025146, 505518.207 ] ] ] } },
{ "type": "Feature", "properties": { "fid": 2204724, "crop": "alfalfa_lucerne" }, "geometry": { "type": "Polygon", "coordinates": [ [ [ 547354.62, 506337.793 ], [ 547345.672999999951571, 506332.412000000011176 ], [ 547337.559, 506329.146 ], [ 547330.077999999979511, 506327.460000000020955 ], [ 547326.75, 506327.604999999981374 ], [ 547325.275000000023283, 506333.135 ], [ 547322.226999999955297, 506361.436999999976251 ], [ 547312.648000000044703, 506431.537000000011176 ], [ 547309.599999999976717, 506462.451 ], [ 547304.337999999988824, 506504.56 ], [ 547300.790999999968335, 506534.62699999997858 ], [ 547305.653999999980442, 506535.902 ], [ 547330.547000000020489, 506542.231000000028871 ], [ 547330.606000000028871, 506542.174 ], [ 547335.704000000027008, 506523.544999999983702 ], [ 547339.973, 506480.865999999979977 ], [ 547341.885, 506461.75 ], [ 547345.871999999973923, 506433.788999999989755 ], [ 547353.285000000032596, 506356.186999999976251 ], [ 547354.62, 506337.793 ] ] ] } },
{ "type": "Feature", "properties": { "fid": 248308, "crop": "alfalfa_lucerne" }, "geometry": { "type": "Polygon", "coordinates": [ [ [ 559258.560999999986961, 530846.897 ], [ 559262.589000000036322, 530953.229000000050291 ], [ 559263.893000000040047, 530987.650999999954365 ], [ 559270.626000000047497, 531115.084999999962747 ], [ 559341.756000000052154, 531101.881999999983236 ], [ 559352.410999999963678, 531100.03000000002794 ], [ 559398.964999999967404, 531091.459999999962747 ], [ 559441.968, 531083.15300000004936 ], [ 559493.136999999987893, 531075.162000000011176 ], [ 559493.738000000012107, 531075.147 ], [ 559493.280999999959022, 531060.648999999975786 ], [ 559493.118000000016764, 531056.104000000050291 ], [ 559491.941, 531033.334000000031665 ], [ 559490.76500000001397, 531011.488000000012107 ], [ 559488.076, 530979.390999999945052 ], [ 559485.47199999995064, 530954.268000000040047 ], [ 559480.430000000051223, 530923.657 ], [ 559476.145000000018626, 530897.636999999987893 ], [ 559477.321, 530886.545999999972992 ], [ 559479.00199999997858, 530874.782 ], [ 559479.174, 530835.49800000002142 ], [ 559479.174, 530771.993000000016764 ], [ 559477.827000000048429, 530769.23699999996461 ], [ 559477.180000000051223, 530771.572000000043772 ], [ 559438.702000000048429, 530770.241000000038184 ], [ 559381.986000000033528, 530770.15300000004936 ], [ 559254.883000000030734, 530786.772 ], [ 559258.560999999986961, 530846.897 ] ] ] } },
{ "type": "Feature", "properties": { "fid": 997413, "crop": "alfalfa_lucerne" }, "geometry": { "type": "Polygon", "coordinates": [ [ [ 551280.067000000039116, 512845.337999999988824 ], [ 551294.37, 512890.886 ], [ 551315.060999999986961, 512942.128000000026077 ], [ 551328.67000000004191, 512975.59499999997206 ], [ 551340.77800000004936, 513014.88900000002468 ], [ 551351.582999999984168, 513067.941 ], [ 551356.01500000001397, 513107.504000000015367 ], [ 551358.804, 513141.12400000001071 ], [ 551361.165000000037253, 513179.728 ], [ 551366.025000000023283, 513255.691999999980908 ], [ 551395.214000000036322, 513258.879000000015367 ], [ 551391.993000000016764, 513235.553000000014435 ], [ 551387.133000000030734, 513164.174999999988358 ], [ 551382.827999999979511, 513099.463999999978114 ], [ 551377.167999999946915, 513049.831 ], [ 551372.691, 513023.781000000017229 ], [ 551365.196, 512996.806999999971595 ], [ 551356.383000000030734, 512968.903999999980442 ], [ 551340.057000000029802, 512927.408 ], [ 551332.419, 512907.132999999972526 ], [ 551326.17000000004191, 512890.331 ], [ 551321.866000000038184, 512877.971000000019558 ], [ 551311.033999999985099, 512847.142999999981839 ], [ 551308.773000000044703, 512834.025000000023283 ], [ 551307.145999999949709, 512829.368000000016764 ], [ 551295.341999999945983, 512837.006 ], [ 551279.875, 512842.842 ], [ 551280.067000000039116, 512845.337999999988824 ] ] ] } },
{ "type": "Feature", "properties": { "fid": 5935, "crop": "alfalfa_lucerne" }, "geometry": { "type": "Polygon", "coordinates": [ [ [ 542994.77800000004936, 553175.745 ], [ 543019.498999999952503, 553182.589999999967404 ], [ 543043.290000000037253, 553090.118000000016764 ], [ 543061.778999999980442, 553002.261999999987893 ], [ 543066.025000000023283, 552974.400000000023283 ], [ 543068.067999999970198, 552951.464999999967404 ], [ 543054.267, 552958.27800000004936 ], [ 543038.929, 552967.015999999945052 ], [ 543035.672999999951571, 552989.086000000010245 ], [ 543029.697000000043772, 553028.12699999997858 ], [ 543017.746000000042841, 553090.074999999953434 ], [ 543009.978, 553123.738000000012107 ], [ 542994.77800000004936, 553175.745 ] ] ] } },
{ "type": "Feature", "properties": { "fid": 159934, "crop": "alfalfa_lucerne" }, "geometry": { "type": "Polygon", "coordinates": [ [ [ 553492.753000000026077, 505262.254000000015367 ], [ 553521.572000000043772, 505264.200000000011642 ], [ 553544.672000000020489, 505270.108 ], [ 553576.883000000030734, 505280.701 ], [ 553629.067000000039116, 505295.49 ], [ 553644.959999999962747, 505303.73499999998603 ], [ 553667.373999999952503, 505312.903999999980442 ], [ 553688.513999999966472, 505323.856000000028871 ], [ 553694.881999999983236, 505327.422000000020489 ], [ 553712.04500000004191, 505334.427000000025146 ], [ 553745.971000000019558, 505300.141 ], [ 553727.207000000053085, 505291.954000000027008 ], [ 553659.679, 505275.09499999997206 ], [ 553652.471000000019558, 505273.184 ], [ 553580.172000000020489, 505258.553000000014435 ], [ 553559.910000000032596, 505255.359 ], [ 553540.388999999966472, 505248.19 ], [ 553529.90500000002794, 505248.211000000010245 ], [ 553522.853, 505244.881999999983236 ], [ 553509.728, 505241.793 ], [ 553502.493999999947846, 505248.734 ], [ 553492.753000000026077, 505262.254000000015367 ] ] ] } },
{ "type": "Feature", "properties": { "fid": 378127, "crop": "alfalfa_lucerne" }, "geometry": { "type": "Polygon", "coordinates": [ [ [ 502159.077, 502808.505 ], [ 502124.065, 502842.907 ], [ 502141.952999999979511, 502884.723999999987427 ], [ 502145.711000000010245, 502884.632999999972526 ], [ 502170.892999999981839, 502883.907 ], [ 502181.481000000028871, 502882.400000000023283 ], [ 502215.534999999974389, 502873.268999999971129 ], [ 502192.805, 502843.325000000011642 ], [ 502170.87300000002142, 502807.343 ], [ 502165.393999999971129, 502805.424999999988358 ], [ 502159.077, 502808.505 ] ] ] } },
{ "type": "Feature", "properties": { "fid": 1931632, "crop": "alfalfa_lucerne" }, "geometry": { "type": "Polygon", "coordinates": [ [ [ 498432.343999999982771, 504708.281000000017229 ], [ 498435.406000000017229, 504719.468999999982771 ], [ 498453.281000000017229, 504746.843999999982771 ], [ 498459.313000000023749, 504758.5 ], [ 498465.375, 504757.625 ], [ 498476.063000000023749, 504756.75 ], [ 498487.305999999982305, 504757.64000000001397 ], [ 498498.282, 504759.60999999998603 ], [ 498514.968999999982771, 504765.563000000023749 ], [ 498530.507999999972526, 504770.587 ], [ 498542.778, 504777.268999999971129 ], [ 498555.0, 504772.563000000023749 ], [ 498568.438000000023749, 504767.875 ], [ 498580.813000000023749, 504762.625 ], [ 498548.593999999982771, 504743.563000000023749 ], [ 498534.75, 504736.625 ], [ 498522.125, 504728.093999999982771 ], [ 498512.375, 504723.625 ], [ 498502.781000000017229, 504718.218999999982771 ], [ 498495.031000000017229, 504714.625 ], [ 498485.843999999982771, 504708.968999999982771 ], [ 498477.093999999982771, 504704.188000000023749 ], [ 498470.125, 504700.688000000023749 ], [ 498458.468999999982771, 504692.093999999982771 ], [ 498446.531000000017229, 504685.531000000017229 ], [ 498441.311999999976251, 504681.625 ], [ 498438.186999999976251, 504678.25 ], [ 498433.125, 504688.406000000017229 ], [ 498432.281000000017229, 504696.468999999982771 ], [ 498432.343999999982771, 504708.281000000017229 ] ] ] } },
{ "type": "Feature", "properties": { "fid": 2415230, "crop": "alfalfa_lucerne" }, "geometry": { "type": "Polygon", "coordinates": [ [ [ 556144.598, 524886.270999999949709 ], [ 556154.915000000037253, 524912.515999999945052 ], [ 556167.295999999972992, 524948.506000000052154 ], [ 556184.849999999976717, 524994.702000000048429 ], [ 556191.017, 524992.940000000060536 ], [ 556197.905999999959022, 524990.054 ], [ 556187.052999999956228, 524959.905999999959022 ], [ 556168.957000000053085, 524908.78000000002794 ], [ 556160.807999999960884, 524886.692999999970198 ], [ 556154.459000000031665, 524866.087999999988824 ], [ 556146.53000000002794, 524834.375 ], [ 556141.079000000027008, 524807.562999999965541 ], [ 556138.601999999955297, 524784.162999999942258 ], [ 556137.219000000040978, 524763.603 ], [ 556137.721000000019558, 524716.332999999984168 ], [ 556139.483, 524663.478 ], [ 556147.851999999955297, 524594.326 ], [ 556136.136999999987893, 524592.101000000024214 ], [ 556134.432000000029802, 524604.272 ], [ 556129.498999999952503, 524645.658999999985099 ], [ 556124.567000000039116, 524703.988000000012107 ], [ 556122.636999999987893, 524783.331 ], [ 556128.47199999995064, 524837.018000000040047 ], [ 556140.221000000019558, 524876.185000000055879 ], [ 556144.598, 524886.270999999949709 ] ] ] } },
{ "type": "Feature", "properties": { "fid": 1357043, "crop": "alfalfa_lucerne" }, "geometry": { "type": "Polygon", "coordinates": [ [ [ 533473.495, 506180.917000000015832 ], [ 533511.108, 506182.065 ], [ 533507.856999999959953, 506080.777 ], [ 533504.547999999951571, 506073.87 ], [ 533484.944999999948777, 505986.645000000018626 ], [ 533428.209000000031665, 505996.315 ], [ 533432.316, 506018.314000000013039 ], [ 533446.572000000043772, 506066.74 ], [ 533452.966999999945983, 506093.200000000011642 ], [ 533473.495, 506180.917000000015832 ] ] ] } },
{ "type": "Feature", "properties": { "fid": 1002351, "crop": "alfalfa_lucerne" }, "geometry": { "type": "Polygon", "coordinates": [ [ [ 524006.598999999987427, 512414.634000000020023 ], [ 524013.231000000028871, 512423.620999999984633 ], [ 524020.833999999973457, 512431.403 ], [ 524030.911000000021886, 512439.538999999989755 ], [ 524040.293, 512445.934 ], [ 524045.947999999974854, 512449.994 ], [ 524047.12300000002142, 512451.050999999977648 ], [ 524053.604, 512456.685 ], [ 524070.098999999987427, 512475.802000000025146 ], [ 524072.522999999986496, 512476.99 ], [ 524078.153, 512478.650000000023283 ], [ 524081.028999999980442, 512479.403999999980442 ], [ 524089.598999999987427, 512464.528999999980442 ], [ 524091.071, 512461.01 ], [ 524091.848, 512459.287000000011176 ], [ 524093.568000000028405, 512452.276000000012573 ], [ 524095.446, 512430.858 ], [ 524098.739, 512411.902 ], [ 524093.381, 512411.653 ], [ 524086.304, 512410.660000000032596 ], [ 524075.967, 512408.913 ], [ 524068.13, 512407.468 ], [ 524012.782, 512396.666000000026543 ], [ 523994.525000000023283, 512391.699000000022352 ], [ 523999.663, 512402.916000000026543 ], [ 524006.598999999987427, 512414.634000000020023 ] ] ] } },
{ "type": "Feature", "properties": { "fid": 1835412, "crop": "alfalfa_lucerne" }, "geometry": { "type": "Polygon", "coordinates": [ [ [ 555446.993999999947846, 520389.315 ], [ 555456.538999999989755, 520401.246999999973923 ], [ 555459.38, 520403.746999999973923 ], [ 555464.61199999996461, 520404.321999999985565 ], [ 555516.633000000030734, 520366.726000000024214 ], [ 555519.709999999962747, 520355.028 ], [ 555520.37699999997858, 520349.830000000016298 ], [ 555515.854999999981374, 520336.590000000025611 ], [ 555507.072000000043772, 520323.492000000027474 ], [ 555500.685000000055879, 520308.295999999972992 ], [ 555496.366999999969266, 520300.569000000017695 ], [ 555486.14000000001397, 520286.023999999975786 ], [ 555475.287999999942258, 520274.661000000021886 ], [ 555469.51, 520269.268999999971129 ], [ 555460.113999999943189, 520263.223999999987427 ], [ 555450.518999999971129, 520260.066 ], [ 555429.153999999980442, 520256.707 ], [ 555418.586000000010245, 520256.13900000002468 ], [ 555406.743999999947846, 520255.795999999972992 ], [ 555405.466999999945983, 520258.678000000014435 ], [ 555403.157, 520299.981000000028871 ], [ 555401.314000000013039, 520321.818000000028405 ], [ 555401.71999999997206, 520327.843 ], [ 555427.108, 520361.474999999976717 ], [ 555446.993999999947846, 520389.315 ] ] ] } },
{ "type": "Feature", "properties": { "fid": 248521, "crop": "alfalfa_lucerne" }, "geometry": { "type": "Polygon", "coordinates": [ [ [ 560343.042000000015832, 531507.327999999979511 ], [ 560321.586000000010245, 531504.925999999977648 ], [ 560344.628999999957159, 531561.437000000034459 ], [ 560369.520000000018626, 531637.606000000028871 ], [ 560394.037000000011176, 531633.863000000012107 ], [ 560383.008999999961816, 531602.827999999979511 ], [ 560343.042000000015832, 531507.327999999979511 ] ] ] } },
{ "type": "Feature", "properties": { "fid": 1270284, "crop": "alfalfa_lucerne" }, "geometry": { "type": "Polygon", "coordinates": [ [ [ 557350.273999999975786, 505861.332999999984168 ], [ 557309.527, 505795.73499999998603 ], [ 557291.202000000048429, 505808.179 ], [ 557319.277, 505851.757999999972526 ], [ 557351.282, 505918.992000000027474 ], [ 557374.802999999956228, 505908.435999999986961 ], [ 557350.273999999975786, 505861.332999999984168 ] ] ] } },
{ "type": "Feature", "properties": { "fid": 1537518, "crop": "alfalfa_lucerne" }, "geometry": { "type": "Polygon", "coordinates": [ [ [ 546219.591000000014901, 506999.788999999989755 ], [ 546233.491999999969266, 506997.667000000015832 ], [ 546258.383999999961816, 506991.814000000013039 ], [ 546272.231000000028871, 506988.847 ], [ 546337.812000000034459, 506972.343 ], [ 546330.182999999960884, 506941.061999999976251 ], [ 546226.36199999996461, 506962.728 ], [ 546219.591000000014901, 506999.788999999989755 ] ] ] } },
{ "type": "Feature", "properties": { "fid": 378239, "crop": "alfalfa_lucerne" }, "geometry": { "type": "Polygon", "coordinates": [ [ [ 502333.283999999985099, 502882.424 ], [ 502338.052000000025146, 502890.332 ], [ 502339.031000000017229, 502891.981000000028871 ], [ 502340.576, 502894.582999999984168 ], [ 502342.044, 502898.142999999981839 ], [ 502343.914999999979045, 502901.884000000020023 ], [ 502344.298, 502902.674999999988358 ], [ 502344.778, 502902.536000000021886 ], [ 502360.346000000019558, 502929.625 ], [ 502379.930999999982305, 502969.117000000027474 ], [ 502388.44, 502988.06 ], [ 502391.650000000023283, 502998.494 ], [ 502394.525000000023283, 503016.968999999982771 ], [ 502416.718, 503018.738000000012107 ], [ 502439.195, 503019.829000000027008 ], [ 502460.441999999980908, 503019.778 ], [ 502497.288, 503018.288 ], [ 502500.579000000027008, 503010.837999999988824 ], [ 502505.533, 502996.705000000016298 ], [ 502506.191999999980908, 502988.330000000016298 ], [ 502502.458999999973457, 502984.044 ], [ 502497.711000000010245, 502977.957999999984168 ], [ 502482.043, 502962.87300000002142 ], [ 502452.824000000022352, 502927.229999999981374 ], [ 502435.495999999984633, 502909.428000000014435 ], [ 502428.420999999972992, 502904.056999999971595 ], [ 502422.286000000021886, 502899.400000000023283 ], [ 502402.967, 502885.653 ], [ 502387.193000000028405, 502878.410000000032596 ], [ 502378.093999999982771, 502878.504000000015367 ], [ 502377.545999999972992, 502879.196999999985565 ], [ 502372.11099999997532, 502879.287000000011176 ], [ 502359.197999999974854, 502879.854 ], [ 502347.843, 502880.321999999985565 ], [ 502334.287000000011176, 502882.278999999980442 ], [ 502333.283999999985099, 502882.424 ] ] ] } },
{ "type": "Feature", "properties": { "fid": 372229, "crop": "alfalfa_lucerne" }, "geometry": { "type": "Polygon", "coordinates": [ [ [ 546127.900000000023283, 552480.292999999946915 ], [ 546127.812000000034459, 552481.549 ], [ 546144.270000000018626, 552477.613999999943189 ], [ 546146.996000000042841, 552444.351999999955297 ], [ 546151.525000000023283, 552409.810000000055879 ], [ 546159.635, 552370.258999999961816 ], [ 546138.570000000065193, 552380.285999999963678 ], [ 546131.307000000029802, 552439.682999999960884 ], [ 546127.900000000023283, 552480.292999999946915 ] ] ] } },
{ "type": "Feature", "properties": { "fid": 2486061, "crop": "alfalfa_lucerne" }, "geometry": { "type": "Polygon", "coordinates": [ [ [ 553899.895999999949709, 513281.878000000026077 ], [ 553907.324000000022352, 513283.663 ], [ 553910.587000000057742, 513283.826 ], [ 553912.582000000053085, 513282.545999999972992 ], [ 553917.033000000054017, 513267.635 ], [ 553916.365, 513256.283999999985099 ], [ 553912.804, 513246.492000000027474 ], [ 553910.800999999977648, 513243.598999999987427 ], [ 553911.706, 513234.326 ], [ 553897.893000000040047, 513224.681999999971595 ], [ 553899.895999999949709, 513281.878000000026077 ] ] ] } },
{ "type": "Feature", "properties": { "fid": 372228, "crop": "alfalfa_lucerne" }, "geometry": { "type": "Polygon", "coordinates": [ [ [ 546218.316, 552215.716000000014901 ], [ 546242.098, 552146.158000000054017 ], [ 546248.060000000055879, 552123.444999999948777 ], [ 546255.339999999967404, 552095.582000000053085 ], [ 546259.555000000051223, 552062.886000000056811 ], [ 546259.47199999995064, 552044.555000000051223 ], [ 546258.005, 552025.704000000027008 ], [ 546251.775999999954365, 551993.358 ], [ 546247.287000000011176, 551973.46999999997206 ], [ 546237.162999999942258, 551937.947999999974854 ], [ 546227.684, 551909.731999999959953 ], [ 546208.964999999967404, 551865.429 ], [ 546202.800000000046566, 551853.915000000037253 ], [ 546196.40500000002794, 551842.174 ], [ 546182.814999999944121, 551848.179 ], [ 546193.147, 551868.844000000040978 ], [ 546200.621999999973923, 551884.452000000048429 ], [ 546210.074999999953434, 551906.655999999959022 ], [ 546224.365, 551945.787999999942258 ], [ 546234.917000000015832, 551983.381000000052154 ], [ 546241.292000000015832, 552015.697999999974854 ], [ 546244.150000000023283, 552044.277 ], [ 546243.711000000010245, 552071.537000000011176 ], [ 546237.555000000051223, 552103.854000000050291 ], [ 546222.165999999968335, 552159.033999999985099 ], [ 546203.77800000004936, 552211.731999999959953 ], [ 546172.272, 552305.738000000012107 ], [ 546152.64000000001397, 552369.393000000040047 ], [ 546170.425000000046566, 552359.952999999979511 ], [ 546188.13800000003539, 552304.718 ], [ 546199.820000000065193, 552269.90500000002794 ], [ 546218.316, 552215.716000000014901 ] ] ] } },
{ "type": "Feature", "properties": { "fid": 907423, "crop": "alfalfa_lucerne" }, "geometry": { "type": "Polygon", "coordinates": [ [ [ 551871.111000000033528, 506231.739 ], [ 551810.783999999985099, 506247.560999999986961 ], [ 551819.567999999970198, 506299.650000000023283 ], [ 551848.665000000037253, 506299.666000000026543 ], [ 551875.474000000045635, 506298.824000000022352 ], [ 551888.981999999959953, 506297.691999999980908 ], [ 551887.537999999942258, 506289.62 ], [ 551876.892, 506253.761999999987893 ], [ 551871.111000000033528, 506231.739 ] ] ] } },
{ "type": "Feature", "properties": { "fid": 1531663, "crop": "alfalfa_lucerne" }, "geometry": { "type": "Polygon", "coordinates": [ [ [ 519074.592, 529543.92000000004191 ], [ 519093.115999999979977, 529544.104999999981374 ], [ 519106.226000000024214, 529543.946 ], [ 519124.636, 529542.052999999956228 ], [ 519134.956, 529541.535000000032596 ], [ 519142.044, 529541.701 ], [ 519149.220000000030268, 529542.878999999957159 ], [ 519157.772999999986496, 529546.098 ], [ 519180.332, 529536.505 ], [ 519200.090000000025611, 529525.822000000043772 ], [ 519220.365999999979977, 529515.761000000056811 ], [ 519242.51, 529504.145000000018626 ], [ 519254.799, 529499.305000000051223 ], [ 519286.018999999971129, 529485.890999999945052 ], [ 519303.391, 529479.71999999997206 ], [ 519317.606000000028871, 529475.47199999995064 ], [ 519329.424, 529471.785000000032596 ], [ 519353.724999999976717, 529464.312999999965541 ], [ 519370.028999999980442, 529458.197999999974854 ], [ 519384.186999999976251, 529454.050000000046566 ], [ 519400.315, 529449.175000000046566 ], [ 519410.220000000030268, 529446.582000000053085 ], [ 519418.636, 529445.103 ], [ 519439.321999999985565, 529441.843 ], [ 519453.625, 529440.51500000001397 ], [ 519465.397, 529439.633000000030734 ], [ 519477.532, 529438.648000000044703 ], [ 519496.564000000013039, 529437.662999999942258 ], [ 519521.218, 529437.025000000023283 ], [ 519529.545999999972992, 529436.729000000050291 ], [ 519544.793, 529436.87300000002142 ], [ 519580.827999999979511, 529437.5 ], [ 519610.392999999981839, 529439.322000000043772 ], [ 519625.893999999971129, 529440.162000000011176 ], [ 519627.666000000026543, 529422.63 ], [ 519630.433000000019092, 529406.098 ], [ 519622.838999999978114, 529406.185000000055879 ], [ 519609.511, 529405.457999999984168 ], [ 519593.071999999985565, 529404.368999999947846 ], [ 519567.656000000017229, 529402.476000000024214 ], [ 519538.465000000025611, 529401.413999999989755 ], [ 519519.24, 529402.378999999957159 ], [ 519503.045999999972992, 529403.591999999945983 ], [ 519490.495999999984633, 529404.628999999957159 ], [ 519472.657, 529406.133000000030734 ], [ 519457.618000000016764, 529407.324999999953434 ], [ 519439.831, 529407.17000000004191 ], [ 519424.995999999984633, 529407.349000000045635 ], [ 519413.157, 529409.697000000043772 ], [ 519399.691999999980908, 529414.223 ], [ 519384.809, 529418.942000000039116 ], [ 519363.184, 529425.008999999961816 ], [ 519350.531000000017229, 529428.327999999979511 ], [ 519327.245999999984633, 529434.707000000053085 ], [ 519304.732000000018161, 529441.118000000016764 ], [ 519260.843, 529457.393000000040047 ], [ 519248.422000000020489, 529462.555000000051223 ], [ 519221.196, 529474.949000000022352 ], [ 519202.994, 529484.697999999974854 ], [ 519187.695, 529492.321 ], [ 519156.943000000028405, 529507.256000000052154 ], [ 519124.739, 529520.532 ], [ 519100.087, 529531.006999999983236 ], [ 519090.305, 529535.518999999971129 ], [ 519074.592, 529543.92000000004191 ] ] ] } },
{ "type": "Feature", "properties": { "fid": 1165859, "crop": "alfalfa_lucerne" }, "geometry": { "type": "Polygon", "coordinates": [ [ [ 555547.353, 514488.49 ], [ 555515.371999999973923, 514498.160000000032596 ], [ 555515.011000000056811, 514523.068000000028405 ], [ 555514.288999999989755, 514540.215000000025611 ], [ 555513.54500000004191, 514550.365 ], [ 555541.608, 514565.343 ], [ 555553.709999999962747, 514571.358 ], [ 555567.574000000022352, 514575.818000000028405 ], [ 555568.853, 514571.005 ], [ 555572.077999999979511, 514550.548 ], [ 555576.229999999981374, 514527.950000000011642 ], [ 555577.267, 514514.211000000010245 ], [ 555577.430000000051223, 514488.784999999974389 ], [ 555574.924, 514482.746999999973923 ], [ 555562.12, 514485.706 ], [ 555547.353, 514488.49 ] ] ] } },
{ "type": "Feature", "properties": { "fid": 2325353, "crop": "alfalfa_lucerne" }, "geometry": { "type": "Polygon", "coordinates": [ [ [ 552570.523000000044703, 504370.480000000039581 ], [ 552589.121000000042841, 504382.369 ], [ 552615.408000000054017, 504405.98599999997532 ], [ 552645.003000000026077, 504428.982000000018161 ], [ 552651.420999999972992, 504419.016 ], [ 552658.88, 504409.037000000011176 ], [ 552666.638999999966472, 504403.65500000002794 ], [ 552677.261999999987893, 504394.036000000021886 ], [ 552667.643999999971129, 504378.962 ], [ 552660.179, 504365.39000000001397 ], [ 552635.341999999945983, 504326.561999999976251 ], [ 552624.574999999953434, 504310.770000000018626 ], [ 552615.243000000016764, 504301.007999999972526 ], [ 552609.932000000029802, 504306.319000000017695 ], [ 552582.299, 504351.185999999986961 ], [ 552570.523000000044703, 504370.480000000039581 ] ] ] } },
{ "type": "Feature", "properties": { "fid": 28885, "crop": "alfalfa_lucerne" }, "geometry": { "type": "Polygon", "coordinates": [ [ [ 550837.440000000060536, 563597.677000000025146 ], [ 551027.952000000048429, 564098.912999999942258 ], [ 551056.596000000019558, 564091.601999999955297 ], [ 551080.033999999985099, 564089.087999999988824 ], [ 551078.900000000023283, 564084.883000000030734 ], [ 550886.317000000039116, 563583.783999999985099 ], [ 550849.481000000028871, 563585.506000000052154 ], [ 550845.572000000043772, 563587.716000000014901 ], [ 550837.440000000060536, 563597.677000000025146 ] ] ] } },
{ "type": "Feature", "properties": { "fid": 2227781, "crop": "alfalfa_lucerne" }, "geometry": { "type": "Polygon", "coordinates": [ [ [ 533116.932000000029802, 515228.173 ], [ 533120.348, 515215.303000000014435 ], [ 533119.618000000016764, 515209.561999999976251 ], [ 533113.711000000010245, 515207.618000000016764 ], [ 533107.709999999962747, 515201.568000000028405 ], [ 533108.89000000001397, 515194.218999999982771 ], [ 533111.212999999988824, 515190.936999999976251 ], [ 533112.337999999988824, 515184.707999999984168 ], [ 533105.503000000026077, 515181.770000000018626 ], [ 533096.246000000042841, 515170.767 ], [ 533096.944999999948777, 515148.063000000023749 ], [ 533100.866999999969266, 515136.825000000011642 ], [ 533110.741999999969266, 515131.295999999972992 ], [ 533125.064000000013039, 515117.49900000001071 ], [ 533124.714000000036322, 515094.096000000019558 ], [ 533116.854999999981374, 515027.379000000015367 ], [ 533082.797999999951571, 515024.76 ], [ 533069.873999999952503, 515026.157 ], [ 533069.349999999976717, 515041.701 ], [ 533071.976000000024214, 515076.609 ], [ 533071.976000000024214, 515151.979 ], [ 533074.23499999998603, 515224.472 ], [ 533075.574000000022352, 515226.592 ], [ 533116.932000000029802, 515228.173 ] ] ] } },
{ "type": "Feature", "properties": { "fid": 752469, "crop": "alfalfa_lucerne" }, "geometry": { "type": "Polygon", "coordinates": [ [ [ 561540.13800000003539, 533075.089999999967404 ], [ 561528.797000000020489, 533088.915000000037253 ], [ 561511.26300000003539, 533142.473 ], [ 561530.89000000001397, 533157.393999999971129 ], [ 561547.935000000055879, 533177.429 ], [ 561618.207999999984168, 533271.625 ], [ 561633.618999999947846, 533286.98699999996461 ], [ 561681.304, 533241.721000000019558 ], [ 561705.62300000002142, 533213.479999999981374 ], [ 561573.363000000012107, 533088.224999999976717 ], [ 561570.346000000019558, 533090.23699999996461 ], [ 561561.07999999995809, 533089.829000000027008 ], [ 561540.13800000003539, 533075.089999999967404 ] ] ] } },
{ "type": "Feature", "properties": { "fid": 181509, "crop": "alfalfa_lucerne" }, "geometry": { "type": "Polygon", "coordinates": [ [ [ 550954.890999999945052, 509091.635 ], [ 551006.017, 509124.821 ], [ 551074.133000000030734, 509169.34499999997206 ], [ 551183.726000000024214, 509241.032 ], [ 551195.285000000032596, 509226.76400000002468 ], [ 551151.398000000044703, 509199.058000000019092 ], [ 551105.148999999975786, 509169.392999999981839 ], [ 551061.871999999973923, 509143.168 ], [ 551055.197999999974854, 509139.742000000027474 ], [ 550961.299, 509082.455000000016298 ], [ 550954.890999999945052, 509091.635 ] ] ] } },
{ "type": "Feature", "properties": { "fid": 1392081, "crop": "alfalfa_lucerne" }, "geometry": { "type": "Polygon", "coordinates": [ [ [ 528827.48499999998603, 514670.282 ], [ 528842.256999999983236, 514677.268999999971129 ], [ 528859.547000000020489, 514685.503000000026077 ], [ 528862.723, 514669.800999999977648 ], [ 528867.01, 514654.712 ], [ 528848.02800000004936, 514645.950000000011642 ], [ 528814.204000000027008, 514633.103 ], [ 528819.26300000003539, 514653.941 ], [ 528827.48499999998603, 514670.282 ] ] ] } },
{ "type": "Feature", "properties": { "fid": 3182, "crop": "alfalfa_lucerne" }, "geometry": { "type": "Polygon", "coordinates": [ [ [ 551760.650000000023283, 503854.954000000027008 ], [ 551764.538999999989755, 503855.060999999986961 ], [ 551795.13800000003539, 503828.684 ], [ 551808.709000000031665, 503815.685999999986961 ], [ 551850.109000000054948, 503780.085000000020955 ], [ 551869.917000000015832, 503737.813000000023749 ], [ 551894.699000000022352, 503691.461000000010245 ], [ 551921.628000000026077, 503638.179 ], [ 551938.697999999974854, 503604.135 ], [ 551946.332000000053085, 503590.738000000012107 ], [ 551956.824999999953434, 503568.36099999997532 ], [ 551928.234000000054948, 503549.982000000018161 ], [ 551919.185000000055879, 503564.971000000019558 ], [ 551892.820000000065193, 503609.463999999978114 ], [ 551880.84499999997206, 503627.775000000023283 ], [ 551866.787000000011176, 503650.838999999978114 ], [ 551855.365, 503672.805 ], [ 551832.65300000004936, 503715.744 ], [ 551805.746000000042841, 503760.62400000001071 ], [ 551797.008000000030734, 503773.862000000022817 ], [ 551787.711000000010245, 503786.147999999986496 ], [ 551749.738999999943189, 503823.912000000011176 ], [ 551757.964999999967404, 503849.979 ], [ 551760.650000000023283, 503854.954000000027008 ] ] ] } },
{ "type": "Feature", "properties": { "fid": 1977516, "crop": "alfalfa_lucerne" }, "geometry": { "type": "Polygon", "coordinates": [ [ [ 557967.322000000043772, 526548.483 ], [ 557977.040999999968335, 526551.177000000025146 ], [ 557990.608, 526498.574999999953434 ], [ 557995.258000000030734, 526480.939000000013039 ], [ 558001.218, 526457.854000000050291 ], [ 558010.462000000057742, 526415.226000000024214 ], [ 558018.027, 526386.267 ], [ 558036.702000000048429, 526294.067000000039116 ], [ 558019.770000000018626, 526309.930999999982305 ], [ 558008.272, 526358.464000000036322 ], [ 557995.691, 526410.508000000030734 ], [ 557985.245, 526455.65300000004936 ], [ 557971.577000000048429, 526508.900999999954365 ], [ 557962.606999999959953, 526542.142 ], [ 557960.191, 526547.36199999996461 ], [ 557967.322000000043772, 526548.483 ] ] ] } },
{ "type": "Feature", "properties": { "fid": 31419, "crop": "alfalfa_lucerne" }, "geometry": { "type": "Polygon", "coordinates": [ [ [ 561225.547999999951571, 535680.719000000040978 ], [ 561226.853, 535682.180000000051223 ], [ 561234.598, 535674.856999999959953 ], [ 561241.398000000044703, 535656.576 ], [ 561242.692000000039116, 535641.903999999980442 ], [ 561241.731999999959953, 535625.23699999996461 ], [ 561232.202999999979511, 535566.733 ], [ 561221.062000000034459, 535496.669 ], [ 561216.24, 535496.07999999995809 ], [ 561214.316, 535498.395999999949709 ], [ 561212.917999999946915, 535500.633000000030734 ], [ 561207.547000000020489, 535520.937000000034459 ], [ 561209.712999999988824, 535553.560000000055879 ], [ 561222.587999999988824, 535649.745 ], [ 561225.547999999951571, 535680.719000000040978 ] ] ] } },
{ "type": "Feature", "properties": { "fid": 664785, "crop": "alfalfa_lucerne" }, "geometry": { "type": "Polygon", "coordinates": [ [ [ 530343.37, 544389.98699999996461 ], [ 530356.36199999996461, 544384.172999999951571 ], [ 530357.209999999962747, 544381.67000000004191 ], [ 530351.552999999956228, 544373.549 ], [ 530320.758999999961816, 544367.231999999959953 ], [ 530343.37, 544389.98699999996461 ] ] ] } },
{ "type": "Feature", "properties": { "fid": 2455926, "crop": "alfalfa_lucerne" }, "geometry": { "type": "Polygon", "coordinates": [ [ [ 554673.113000000012107, 507651.143999999971129 ], [ 554655.991999999969266, 507656.12 ], [ 554666.267, 507688.925999999977648 ], [ 554690.267, 507682.745999999984633 ], [ 554720.336000000010245, 507676.807000000029802 ], [ 554725.533999999985099, 507676.435 ], [ 554727.163999999989755, 507680.978 ], [ 554736.670999999972992, 507679.776000000012573 ], [ 554776.243000000016764, 507672.309 ], [ 554804.907, 507665.178000000014435 ], [ 554819.868000000016764, 507661.542000000015832 ], [ 554850.540000000037253, 507650.39000000001397 ], [ 554876.216999999945983, 507639.169999999983702 ], [ 554888.241999999969266, 507633.717 ], [ 554917.466000000014901, 507618.615999999979977 ], [ 554920.128000000026077, 507616.667000000015832 ], [ 554912.535000000032596, 507599.814000000013039 ], [ 554905.356000000028871, 507580.071 ], [ 554925.26500000001397, 507569.994 ], [ 554959.163999999989755, 507555.666000000026543 ], [ 554952.011000000056811, 507538.995999999984633 ], [ 554872.704000000027008, 507569.713999999978114 ], [ 554812.714999999967404, 507598.728 ], [ 554796.316, 507605.87599999998929 ], [ 554767.158999999985099, 507613.813000000023749 ], [ 554751.788999999989755, 507624.456 ], [ 554742.75, 507628.88900000002468 ], [ 554732.493000000016764, 507632.286000000021886 ], [ 554721.721000000019558, 507632.569000000017695 ], [ 554700.393000000040047, 507641.093 ], [ 554673.113000000012107, 507651.143999999971129 ] ] ] } },
{ "type": "Feature", "properties": { "fid": 754672, "crop": "alfalfa_lucerne" }, "geometry": { "type": "Polygon", "coordinates": [ [ [ 560525.082999999984168, 535558.064000000013039 ], [ 560501.231000000028871, 535509.672999999951571 ], [ 560490.023000000044703, 535472.59699999995064 ], [ 560449.535000000032596, 535321.187000000034459 ], [ 560386.540999999968335, 535346.118000000016764 ], [ 560445.76500000001397, 535567.574999999953434 ], [ 560477.140999999945052, 535553.957999999984168 ], [ 560488.106000000028871, 535553.459999999962747 ], [ 560505.216999999945983, 535555.452999999979511 ], [ 560525.082999999984168, 535558.064000000013039 ] ] ] } },
{ "type": "Feature", "properties": { "fid": 1511064, "crop": "alfalfa_lucerne" }, "geometry": { "type": "Polygon", "coordinates": [ [ [ 550029.136999999987893, 508261.137999999977183 ], [ 550031.898999999975786, 508303.549 ], [ 550034.310999999986961, 508341.793 ], [ 550046.158000000054017, 508342.863000000012107 ], [ 550057.343, 508341.157 ], [ 550118.359000000054948, 508322.332999999984168 ], [ 550119.037000000011176, 508308.298 ], [ 550122.096000000019558, 508304.757999999972526 ], [ 550141.812999999965541, 508296.945 ], [ 550141.812999999965541, 508260.341000000014901 ], [ 550142.040999999968335, 508256.700000000011642 ], [ 550103.34499999997206, 508263.923 ], [ 550097.841000000014901, 508235.995999999984633 ], [ 550097.0, 508231.731000000028871 ], [ 550097.082000000053085, 508231.695 ], [ 550094.327999999979511, 508230.332999999984168 ], [ 550072.312000000034459, 508242.386 ], [ 550053.636000000056811, 508250.446 ], [ 550033.932000000029802, 508255.009000000020023 ], [ 550028.96999999997206, 508258.577 ], [ 550029.136999999987893, 508261.137999999977183 ] ] ] } },
{ "type": "Feature", "properties": { "fid": 30358, "crop": "alfalfa_lucerne" }, "geometry": { "type": "Polygon", "coordinates": [ [ [ 559995.02800000004936, 534955.827999999979511 ], [ 559992.75199999997858, 534967.555999999982305 ], [ 560047.017, 534950.662999999942258 ], [ 560119.537999999942258, 534930.285000000032596 ], [ 560127.442000000039116, 534918.023999999975786 ], [ 560140.557999999960884, 534899.707999999984168 ], [ 560148.162999999942258, 534885.839000000036322 ], [ 560001.616000000038184, 534926.596000000019558 ], [ 559999.841999999945983, 534933.371000000042841 ], [ 559995.589999999967404, 534952.957999999984168 ], [ 559995.02800000004936, 534955.827999999979511 ] ] ] } },
{ "type": "Feature", "properties": { "fid": 2405932, "crop": "alfalfa_lucerne" }, "geometry": { "type": "Polygon", "coordinates": [ [ [ 549442.055999999982305, 512541.208999999973457 ], [ 549453.001000000047497, 512547.970000000030268 ], [ 549467.63800000003539, 512556.783999999985099 ], [ 549471.701, 512558.718999999982771 ], [ 549476.691, 512567.37 ], [ 549479.797000000020489, 512578.711000000010245 ], [ 549487.67000000004191, 512594.310999999986961 ], [ 549496.162999999942258, 512619.457 ], [ 549515.667999999946915, 512676.702999999979511 ], [ 549521.925000000046566, 512677.283 ], [ 549527.212999999988824, 512703.87599999998929 ], [ 549530.805999999982305, 512734.628000000026077 ], [ 549531.63, 512772.593999999982771 ], [ 549537.589000000036322, 512770.439000000013039 ], [ 549541.238000000012107, 512768.957 ], [ 549541.273999999975786, 512769.106000000028871 ], [ 549567.851999999955297, 512759.495 ], [ 549608.567999999970198, 512742.451 ], [ 549602.802000000025146, 512725.342 ], [ 549591.209000000031665, 512688.228 ], [ 549591.719000000040978, 512687.137999999977183 ], [ 549578.462999999988824, 512645.277 ], [ 549571.729999999981374, 512628.14000000001397 ], [ 549563.241999999969266, 512612.245 ], [ 549547.312999999965541, 512582.59499999997206 ], [ 549534.520999999949709, 512561.593999999982771 ], [ 549568.954000000027008, 512539.135 ], [ 549578.979000000050291, 512532.596000000019558 ], [ 549582.297999999951571, 512526.837 ], [ 549570.910000000032596, 512517.559 ], [ 549551.444000000017695, 512500.927000000025146 ], [ 549541.954000000027008, 512489.983 ], [ 549535.98499999998603, 512477.141 ], [ 549519.810000000055879, 512484.75099999998929 ], [ 549508.944000000017695, 512489.863000000012107 ], [ 549496.412999999942258, 512495.343999999982771 ], [ 549433.694999999948777, 512530.816 ], [ 549442.055999999982305, 512541.208999999973457 ] ] ] } },
{ "type": "Feature", "properties": { "fid": 1913738, "crop": "alfalfa_lucerne" }, "geometry": { "type": "Polygon", "coordinates": [ [ [ 553020.937999999965541, 547443.175000000046566 ], [ 552999.974999999976717, 547546.981000000028871 ], [ 553011.006000000052154, 547538.430000000051223 ], [ 553024.910000000032596, 547524.511999999987893 ], [ 553027.924, 547514.098 ], [ 553036.018999999971129, 547483.65300000004936 ], [ 553045.077999999979511, 547446.849000000045635 ], [ 553056.716000000014901, 547419.474999999976717 ], [ 553046.316, 547425.267 ], [ 553026.26300000003539, 547437.680999999982305 ], [ 553020.937999999965541, 547443.175000000046566 ] ] ] } },
{ "type": "Feature", "properties": { "fid": 846630, "crop": "alfalfa_lucerne" }, "geometry": { "type": "Polygon", "coordinates": [ [ [ 554085.956, 560799.87 ], [ 554124.503999999957159, 560774.851000000024214 ], [ 554122.76500000001397, 560742.11199999996461 ], [ 554123.052999999956228, 560720.557999999960884 ], [ 554086.332999999984168, 560723.51300000003539 ], [ 554086.787999999942258, 560753.501000000047497 ], [ 554085.956, 560799.87 ] ] ] } },
{ "type": "Feature", "properties": { "fid": 842712, "crop": "alfalfa_lucerne" }, "geometry": { "type": "Polygon", "coordinates": [ [ [ 554227.305999999982305, 514907.794 ], [ 554304.452000000048429, 514932.683000000019092 ], [ 554360.61199999996461, 514944.161000000021886 ], [ 554434.285000000032596, 514959.708999999973457 ], [ 554473.343, 514970.806999999971595 ], [ 554516.795999999972992, 514984.744 ], [ 554548.770000000018626, 514995.813000000023749 ], [ 554555.628000000026077, 514988.660000000032596 ], [ 554580.505, 514953.32 ], [ 554605.479000000050291, 514908.583999999973457 ], [ 554558.790000000037253, 514895.141 ], [ 554511.854000000050291, 514881.898999999975786 ], [ 554467.941, 514870.784999999974389 ], [ 554365.121999999973923, 514847.418 ], [ 554315.10999999998603, 514834.299999999988358 ], [ 554274.116999999969266, 514820.362000000022817 ], [ 554243.162000000011176, 514866.032 ], [ 554241.51500000001397, 514868.079000000027008 ], [ 554233.930000000051223, 514888.918 ], [ 554227.305999999982305, 514907.794 ] ] ] } },
{ "type": "Feature", "properties": { "fid": 1169640, "crop": "alfalfa_lucerne" }, "geometry": { "type": "Polygon", "coordinates": [ [ [ 557553.238999999943189, 513007.188000000023749 ], [ 557568.047000000020489, 513012.538 ], [ 557579.993000000016764, 513017.267 ], [ 557589.326, 513022.12 ], [ 557599.218, 513031.034999999974389 ], [ 557612.12699999997858, 513029.03000000002794 ], [ 557608.349999999976717, 512998.620999999984633 ], [ 557604.99800000002142, 512982.977000000013504 ], [ 557601.084999999962747, 512977.109 ], [ 557582.925999999977648, 512980.461000000010245 ], [ 557561.417999999946915, 512981.859 ], [ 557551.444000000017695, 512982.329000000027008 ], [ 557553.238999999943189, 513007.188000000023749 ] ] ] } },
{ "type": "Feature", "properties": { "fid": 1537681, "crop": "alfalfa_lucerne" }, "geometry": { "type": "Polygon", "coordinates": [ [ [ 547321.030999999959022, 505538.200000000011642 ], [ 547318.302999999956228, 505530.160000000032596 ], [ 547315.576, 505524.49 ], [ 547310.336000000010245, 505515.517 ], [ 547308.540999999968335, 505513.722 ], [ 547303.95499999995809, 505518.781000000017229 ], [ 547306.616000000038184, 505536.642999999981839 ], [ 547316.427999999956228, 505596.561999999976251 ], [ 547333.285000000032596, 505682.006 ], [ 547341.202999999979511, 505731.245999999984633 ], [ 547380.968, 505721.601000000024214 ], [ 547376.283999999985099, 505708.657 ], [ 547370.34499999997206, 505688.51 ], [ 547357.424, 505645.01 ], [ 547349.52800000004936, 505614.934 ], [ 547343.354999999981374, 505600.793 ], [ 547337.942000000039116, 505591.076 ], [ 547329.429, 505574.090000000025611 ], [ 547321.030999999959022, 505538.200000000011642 ] ] ] } },
{ "type": "Feature", "properties": { "fid": 2201059, "crop": "alfalfa_lucerne" }, "geometry": { "type": "Polygon", "coordinates": [ [ [ 547663.765999999945052, 506024.939000000013039 ], [ 547687.937999999965541, 506047.878000000026077 ], [ 547697.207000000053085, 506058.818000000028405 ], [ 547699.895000000018626, 506059.568000000028405 ], [ 547682.312000000034459, 505961.702 ], [ 547664.829000000027008, 505881.612000000022817 ], [ 547639.63800000003539, 505888.299999999988358 ], [ 547640.304, 505894.228 ], [ 547653.373999999952503, 505966.841000000014901 ], [ 547663.765999999945052, 506024.939000000013039 ] ] ] } },
{ "type": "Feature", "properties": { "fid": 2525740, "crop": "buckwheat" }, "geometry": { "type": "Polygon", "coordinates": [ [ [ 560357.547999999951571, 518401.606000000028871 ], [ 560348.797999999951571, 518333.920999999972992 ], [ 560346.643000000040047, 518292.28000000002794 ], [ 560347.233, 518273.189000000013039 ], [ 560355.658999999985099, 518254.59499999997206 ], [ 560370.25199999997858, 518226.34499999997206 ], [ 560372.809, 518210.337 ], [ 560355.697999999974854, 518207.668 ], [ 560336.947999999974854, 518201.043 ], [ 560308.682000000029802, 518183.207999999984168 ], [ 560244.753000000026077, 518221.881 ], [ 560257.226999999955297, 518256.495 ], [ 560261.59499999997206, 518281.161000000021886 ], [ 560261.206, 518300.759000000020023 ], [ 560259.699000000022352, 518364.392 ], [ 560261.537999999942258, 518398.740999999979977 ], [ 560261.951, 518401.517999999981839 ], [ 560262.054, 518404.273999999975786 ], [ 560265.772, 518435.275000000023283 ], [ 560357.547999999951571, 518401.606000000028871 ] ] ] } },
{ "type": "Feature", "properties": { "fid": 2512726, "crop": "buckwheat" }, "geometry": { "type": "Polygon", "coordinates": [ [ [ 558134.564999999944121, 521322.615999999979977 ], [ 558115.10999999998603, 521325.811999999976251 ], [ 558115.697999999974854, 521329.643999999971129 ], [ 558134.76500000001397, 521326.189000000013039 ], [ 558134.564999999944121, 521322.615999999979977 ] ] ] } },
{ "type": "Feature", "properties": { "fid": 729729, "crop": "buckwheat" }, "geometry": { "type": "Polygon", "coordinates": [ [ [ 531421.851000000024214, 539066.542000000015832 ], [ 531532.883000000030734, 539055.981999999959953 ], [ 531530.696, 539036.537000000011176 ], [ 531515.152, 538871.983 ], [ 531470.503999999957159, 538869.685999999986961 ], [ 531464.187000000034459, 538801.924 ], [ 531437.412000000011176, 538807.018000000040047 ], [ 531402.035999999963678, 538813.84499999997206 ], [ 531421.851000000024214, 539066.542000000015832 ] ] ] } },
{ "type": "Feature", "properties": { "fid": 1785609, "crop": "buckwheat" }, "geometry": { "type": "Polygon", "coordinates": [ [ [ 552248.53000000002794, 559855.366000000038184 ], [ 552296.290000000037253, 559855.055999999982305 ], [ 552300.937999999965541, 559838.790000000037253 ], [ 552304.854999999981374, 559824.714000000036322 ], [ 552310.792999999946915, 559806.88800000003539 ], [ 552310.787000000011176, 559806.037999999942258 ], [ 552312.604000000050291, 559799.712000000057742 ], [ 552288.73499999998603, 559795.824000000022352 ], [ 552274.054, 559795.589999999967404 ], [ 552268.822000000043772, 559807.199000000022352 ], [ 552248.53000000002794, 559855.366000000038184 ] ] ] } },
{ "type": "Feature", "properties": { "fid": 767939, "crop": "buckwheat" }, "geometry": { "type": "Polygon", "coordinates": [ [ [ 541672.481999999959953, 521899.364 ], [ 541655.074000000022352, 521901.815 ], [ 541649.008999999961816, 521947.771 ], [ 541643.378000000026077, 521982.357000000018161 ], [ 541620.45499999995809, 522058.566999999980908 ], [ 541606.177999999956228, 522108.837 ], [ 541599.743999999947846, 522138.195 ], [ 541605.856999999959953, 522139.329000000027008 ], [ 541617.51300000003539, 522139.351000000024214 ], [ 541629.133000000030734, 522086.840000000025611 ], [ 541637.787000000011176, 522057.767999999981839 ], [ 541656.17000000004191, 521993.884000000020023 ], [ 541670.694999999948777, 521919.922000000020489 ], [ 541672.481999999959953, 521899.364 ] ] ] } },
{ "type": "Feature", "properties": { "fid": 1213965, "crop": "buckwheat" }, "geometry": { "type": "Polygon", "coordinates": [ [ [ 558513.819000000017695, 520615.821999999985565 ], [ 558538.209999999962747, 520590.794 ], [ 558492.462000000057742, 520545.26500000001397 ], [ 558476.900000000023283, 520558.040000000037253 ], [ 558465.162000000011176, 520570.338999999978114 ], [ 558509.231000000028871, 520622.049 ], [ 558513.819000000017695, 520615.821999999985565 ] ] ] } },
{ "type": "Feature", "properties": { "fid": 2433649, "crop": "buckwheat" }, "geometry": { "type": "Polygon", "coordinates": [ [ [ 546677.758999999961816, 537952.143000000040047 ], [ 546715.049, 537983.927000000025146 ], [ 546744.702000000048429, 538008.582999999984168 ], [ 546770.160999999963678, 538028.775000000023283 ], [ 546786.836000000010245, 538040.354999999981374 ], [ 546811.275000000023283, 538061.292999999946915 ], [ 546902.863000000012107, 538129.17000000004191 ], [ 546903.261000000056811, 538129.430000000051223 ], [ 546904.020000000018626, 538129.991000000038184 ], [ 546928.270999999949709, 538147.202999999979511 ], [ 546940.23699999996461, 538153.535999999963678 ], [ 546950.969000000040978, 538160.790999999968335 ], [ 546980.932000000029802, 538178.211000000010245 ], [ 546987.314999999944121, 538180.640999999945052 ], [ 547025.441, 538203.147 ], [ 547032.59699999995064, 538210.636000000056811 ], [ 547040.697999999974854, 538220.383999999961816 ], [ 547055.180000000051223, 538229.395000000018626 ], [ 547086.998999999952503, 538248.339000000036322 ], [ 547122.667000000015832, 538266.248999999952503 ], [ 547146.530999999959022, 538275.964000000036322 ], [ 547145.233, 538247.957000000053085 ], [ 547125.601000000024214, 538237.685000000055879 ], [ 547062.604000000050291, 538206.339999999967404 ], [ 547037.962000000057742, 538192.385 ], [ 546997.444999999948777, 538166.194999999948777 ], [ 546980.305999999982305, 538154.152 ], [ 546920.658999999985099, 538112.574000000022352 ], [ 546903.924, 538100.988000000012107 ], [ 546846.128000000026077, 538059.037999999942258 ], [ 546824.820000000065193, 538044.214999999967404 ], [ 546804.922000000020489, 538035.27800000004936 ], [ 546793.413999999989755, 538031.515999999945052 ], [ 546787.76300000003539, 538028.62 ], [ 546777.01, 538022.142 ], [ 546762.131999999983236, 538008.547999999951571 ], [ 546742.593, 537994.702000000048429 ], [ 546735.349999999976717, 537986.733 ], [ 546726.773000000044703, 537977.204000000027008 ], [ 546717.525000000023283, 537959.829000000027008 ], [ 546684.544, 537933.90500000002794 ], [ 546677.758999999961816, 537952.143000000040047 ] ] ] } },
{ "type": "Feature", "properties": { "fid": 2253245, "crop": "buckwheat" }, "geometry": { "type": "Polygon", "coordinates": [ [ [ 559154.785000000032596, 523014.718 ], [ 559161.23699999996461, 522980.004000000015367 ], [ 559123.032, 522979.069000000017695 ], [ 559071.702000000048429, 522978.777 ], [ 559050.081, 522980.335000000020955 ], [ 559037.571, 522982.792000000015832 ], [ 559029.621000000042841, 522989.292000000015832 ], [ 559020.469000000040978, 522993.386999999987893 ], [ 559015.501000000047497, 522996.504000000015367 ], [ 559008.292999999946915, 523006.731000000028871 ], [ 559075.207999999984168, 523008.582 ], [ 559112.025999999954365, 523008.582 ], [ 559154.785000000032596, 523014.718 ] ] ] } },
{ "type": "Feature", "properties": { "fid": 1797661, "crop": "buckwheat" }, "geometry": { "type": "Polygon", "coordinates": [ [ [ 526706.814000000013039, 534747.523000000044703 ], [ 526702.190000000060536, 534756.797000000020489 ], [ 526711.863000000012107, 534758.006000000052154 ], [ 526721.316, 534741.628000000026077 ], [ 526728.545999999972992, 534727.832999999984168 ], [ 526760.925999999977648, 534672.447000000043772 ], [ 526822.393000000040047, 534575.718 ], [ 526853.371000000042841, 534523.508999999961816 ], [ 526861.322000000043772, 534510.175000000046566 ], [ 526874.324999999953434, 534487.930999999982305 ], [ 526876.496999999973923, 534484.62699999997858 ], [ 526877.530999999959022, 534483.018999999971129 ], [ 526872.822000000043772, 534480.72199999995064 ], [ 526867.768999999971129, 534481.525999999954365 ], [ 526863.633999999961816, 534483.018999999971129 ], [ 526861.567000000039116, 534486.924 ], [ 526852.952999999979511, 534501.96999999997206 ], [ 526852.033999999985099, 534503.807000000029802 ], [ 526842.386999999987893, 534520.690000000060536 ], [ 526814.827000000048429, 534568.336000000010245 ], [ 526792.5, 534602.636999999987893 ], [ 526735.890999999945052, 534693.981000000028871 ], [ 526721.665999999968335, 534718.442999999970198 ], [ 526706.814000000013039, 534747.523000000044703 ] ] ] } },
{ "type": "Feature", "properties": { "fid": 1393802, "crop": "buckwheat" }, "geometry": { "type": "Polygon", "coordinates": [ [ [ 528351.594000000040978, 539488.851999999955297 ], [ 528308.163999999989755, 539504.395000000018626 ], [ 528277.596000000019558, 539517.814000000013039 ], [ 528231.366000000038184, 539549.876000000047497 ], [ 528204.033000000054017, 539569.020000000018626 ], [ 528200.462999999988824, 539573.381999999983236 ], [ 528202.594000000040978, 539580.64000000001397 ], [ 528210.185999999986961, 539590.853 ], [ 528254.493999999947846, 539558.618000000016764 ], [ 528280.167000000015832, 539542.794 ], [ 528299.974999999976717, 539530.067999999970198 ], [ 528340.272, 539499.731000000028871 ], [ 528351.594000000040978, 539488.851999999955297 ] ] ] } },
{ "type": "Feature", "properties": { "fid": 1708835, "crop": "buckwheat" }, "geometry": { "type": "Polygon", "coordinates": [ [ [ 529299.635, 539122.261000000056811 ], [ 529276.115, 539152.074000000022352 ], [ 529311.935000000055879, 539174.067000000039116 ], [ 529353.770999999949709, 539198.128000000026077 ], [ 529367.079000000027008, 539206.831 ], [ 529391.62699999997858, 539224.456 ], [ 529423.547999999951571, 539248.761000000056811 ], [ 529455.753000000026077, 539276.839999999967404 ], [ 529480.662000000011176, 539299.832000000053085 ], [ 529518.381000000052154, 539334.849000000045635 ], [ 529541.871000000042841, 539353.446 ], [ 529568.577999999979511, 539372.182000000029802 ], [ 529603.952999999979511, 539393.854999999981374 ], [ 529657.523000000044703, 539426.976999999955297 ], [ 529687.834000000031665, 539444.794 ], [ 529703.562999999965541, 539456.091999999945983 ], [ 529740.702000000048429, 539481.106000000028871 ], [ 529769.900999999954365, 539501.070000000065193 ], [ 529798.246999999973923, 539521.273999999975786 ], [ 529817.885, 539535.777 ], [ 529848.506999999983236, 539560.106999999959953 ], [ 529889.763999999966472, 539596.319000000017695 ], [ 529898.189000000013039, 539603.62 ], [ 529916.076, 539595.226000000024214 ], [ 529927.261999999987893, 539588.653999999980442 ], [ 529923.854000000050291, 539565.785999999963678 ], [ 529891.562000000034459, 539535.843 ], [ 529890.51300000003539, 539534.947000000043772 ], [ 529890.39000000001397, 539535.113000000012107 ], [ 529887.187999999965541, 539538.596000000019558 ], [ 529871.935000000055879, 539525.707000000053085 ], [ 529875.197000000043772, 539521.854000000050291 ], [ 529869.824000000022352, 539517.261000000056811 ], [ 529841.459000000031665, 539494.51300000003539 ], [ 529815.557000000029802, 539476.322000000043772 ], [ 529811.979000000050291, 539473.640999999945052 ], [ 529774.057000000029802, 539450.14000000001397 ], [ 529738.368000000016764, 539427.567000000039116 ], [ 529722.942999999970198, 539418.685000000055879 ], [ 529681.518999999971129, 539393.128999999957159 ], [ 529661.158000000054017, 539380.770999999949709 ], [ 529636.986000000033528, 539366.61199999996461 ], [ 529617.672000000020489, 539355.163999999989755 ], [ 529593.598, 539339.930999999982305 ], [ 529575.37300000002142, 539326.738000000012107 ], [ 529554.427000000025146, 539311.368999999947846 ], [ 529533.25, 539292.415999999968335 ], [ 529469.76300000003539, 539232.20499999995809 ], [ 529432.13, 539205.805999999982305 ], [ 529344.226000000024214, 539152.726999999955297 ], [ 529310.385, 539131.101999999955297 ], [ 529299.635, 539122.261000000056811 ] ] ] } },
{ "type": "Feature", "properties": { "fid": 419169, "crop": "buckwheat" }, "geometry": { "type": "Polygon", "coordinates": [ [ [ 537041.718, 533888.180000000051223 ], [ 537051.01500000001397, 533891.481999999959953 ], [ 537080.028999999980442, 533897.959000000031665 ], [ 537109.167999999946915, 533904.295999999972992 ], [ 537150.138999999966472, 533906.893999999971129 ], [ 537235.294, 533901.677999999956228 ], [ 537230.895999999949709, 533886.650999999954365 ], [ 537211.337000000057742, 533888.040000000037253 ], [ 537148.447999999974854, 533895.013999999966472 ], [ 537109.554, 533891.772 ], [ 537047.142, 533875.925999999977648 ], [ 537013.121000000042841, 533868.050999999977648 ], [ 537041.718, 533888.180000000051223 ] ] ] } },
{ "type": "Feature", "properties": { "fid": 936913, "crop": "buckwheat" }, "geometry": { "type": "Polygon", "coordinates": [ [ [ 556886.395000000018626, 551101.64000000001397 ], [ 556870.341999999945983, 551115.694999999948777 ], [ 556837.853, 551144.966000000014901 ], [ 556875.919, 551229.045999999972992 ], [ 556933.915000000037253, 551359.435999999986961 ], [ 556963.282, 551349.229999999981374 ], [ 556989.498999999952503, 551341.273999999975786 ], [ 556945.501000000047497, 551240.687000000034459 ], [ 556899.158000000054017, 551138.343 ], [ 556886.395000000018626, 551101.64000000001397 ] ] ] } },
{ "type": "Feature", "properties": { "fid": 27520, "crop": "buckwheat" }, "geometry": { "type": "Polygon", "coordinates": [ [ [ 520128.652, 540844.229000000050291 ], [ 520208.450000000011642, 540834.390999999945052 ], [ 520291.625, 540824.876000000047497 ], [ 520312.542000000015832, 540822.598 ], [ 520316.375, 540819.454000000027008 ], [ 520328.805999999982305, 540815.603 ], [ 520345.965000000025611, 540816.128000000026077 ], [ 520352.618000000016764, 540818.403999999980442 ], [ 520355.767999999981839, 540821.136999999987893 ], [ 520370.275000000023283, 540821.327999999979511 ], [ 520351.683000000019092, 540808.537000000011176 ], [ 520299.097, 540777.182000000029802 ], [ 520255.908999999985099, 540754.027 ], [ 520248.447999999974854, 540752.309 ], [ 520244.359, 540752.591000000014901 ], [ 520235.191999999980908, 540754.988999999943189 ], [ 520226.960000000020955, 540756.861000000033528 ], [ 520163.87300000002142, 540802.908000000054017 ], [ 520125.384000000020023, 540833.037000000011176 ], [ 520128.652, 540844.229000000050291 ] ] ] } },
{ "type": "Feature", "properties": { "fid": 1047845, "crop": "buckwheat" }, "geometry": { "type": "Polygon", "coordinates": [ [ [ 552235.952000000048429, 535497.716000000014901 ], [ 552265.589999999967404, 535509.802000000025146 ], [ 552202.940000000060536, 535431.074000000022352 ], [ 552144.572000000043772, 535356.481999999959953 ], [ 552108.363999999943189, 535310.777 ], [ 552068.991000000038184, 535262.104000000050291 ], [ 552048.018000000040047, 535232.425000000046566 ], [ 552035.947999999974854, 535212.243999999947846 ], [ 552012.799, 535173.067999999970198 ], [ 551991.826, 535137.454000000027008 ], [ 551964.917999999946915, 535090.562000000034459 ], [ 551936.623999999952503, 535039.118999999947846 ], [ 551909.207999999984168, 534990.768000000040047 ], [ 551888.202000000048429, 535002.422000000020489 ], [ 551907.554, 535032.42000000004191 ], [ 551932.947999999974854, 535076.01500000001397 ], [ 551953.162000000011176, 535109.177999999956228 ], [ 551969.060999999986961, 535136.946 ], [ 552016.180000000051223, 535216.150000000023283 ], [ 552035.819000000017695, 535246.868000000016764 ], [ 552050.787999999942258, 535266.258999999961816 ], [ 552065.674, 535286.434 ], [ 552094.160999999963678, 535321.971000000019558 ], [ 552127.702000000048429, 535361.97199999995064 ], [ 552157.783000000054017, 535400.395000000018626 ], [ 552190.846000000019558, 535443.042999999946915 ], [ 552210.988999999943189, 535468.582000000053085 ], [ 552235.952000000048429, 535497.716000000014901 ] ] ] } },
{ "type": "Feature", "properties": { "fid": 1383471, "crop": "buckwheat" }, "geometry": { "type": "Polygon", "coordinates": [ [ [ 530037.104999999981374, 543838.435999999986961 ], [ 530018.858, 543843.106000000028871 ], [ 530045.207000000053085, 543882.152 ], [ 530078.535000000032596, 543929.618999999947846 ], [ 530089.386000000056811, 543929.224999999976717 ], [ 530098.256999999983236, 543928.74800000002142 ], [ 530118.574000000022352, 543926.74 ], [ 530117.468, 543925.457000000053085 ], [ 530058.317999999970198, 543836.300000000046566 ], [ 530051.910000000032596, 543836.917000000015832 ], [ 530037.104999999981374, 543838.435999999986961 ] ] ] } },
{ "type": "Feature", "properties": { "fid": 1214239, "crop": "buckwheat" }, "geometry": { "type": "Polygon", "coordinates": [ [ [ 558651.356000000028871, 521340.664999999979045 ], [ 558682.459000000031665, 521349.087999999988824 ], [ 558711.75199999997858, 521355.710000000020955 ], [ 558745.712999999988824, 521359.814000000013039 ], [ 558781.135, 521364.707999999984168 ], [ 558815.783999999985099, 521369.021 ], [ 558819.973, 521369.092 ], [ 558807.481000000028871, 521350.859 ], [ 558764.268000000040047, 521294.020000000018626 ], [ 558742.97199999995064, 521294.520000000018626 ], [ 558681.951, 521299.120999999984633 ], [ 558658.697999999974854, 521298.856000000028871 ], [ 558651.356000000028871, 521340.664999999979045 ] ] ] } },
{ "type": "Feature", "properties": { "fid": 232584, "crop": "buckwheat" }, "geometry": { "type": "Polygon", "coordinates": [ [ [ 526471.143000000040047, 558461.070000000065193 ], [ 526371.912999999942258, 558494.12699999997858 ], [ 526372.812999999965541, 558537.466999999945983 ], [ 526374.5, 558576.174 ], [ 526392.349999999976717, 558581.601999999955297 ], [ 526402.636000000056811, 558581.082000000053085 ], [ 526449.109000000054948, 558566.430000000051223 ], [ 526495.332999999984168, 558549.843 ], [ 526480.150000000023283, 558504.165999999968335 ], [ 526475.712999999988824, 558485.108 ], [ 526471.143000000040047, 558461.070000000065193 ] ] ] } },
{ "type": "Feature", "properties": { "fid": 1542868, "crop": "buckwheat" }, "geometry": { "type": "Polygon", "coordinates": [ [ [ 522769.32, 535185.228 ], [ 522749.302000000025146, 535180.476000000024214 ], [ 522736.343, 535178.959999999962747 ], [ 522735.772, 535183.841000000014901 ], [ 522731.272999999986496, 535214.216999999945983 ], [ 522766.097, 535217.459999999962747 ], [ 522792.118000000016764, 535221.071 ], [ 522814.12300000002142, 535223.589999999967404 ], [ 522815.74900000001071, 535212.542000000015832 ], [ 522818.863000000012107, 535203.478 ], [ 522789.841000000014901, 535191.996000000042841 ], [ 522769.32, 535185.228 ] ] ] } },
{ "type": "Feature", "properties": { "fid": 472793, "crop": "buckwheat" }, "geometry": { "type": "Polygon", "coordinates": [ [ [ 554613.40300000004936, 527892.790000000037253 ], [ 554646.231000000028871, 527894.89000000001397 ], [ 554668.145000000018626, 527894.824999999953434 ], [ 554671.48699999996461, 527871.584999999962747 ], [ 554675.01300000003539, 527858.854999999981374 ], [ 554678.709000000031665, 527849.756999999983236 ], [ 554671.853, 527847.85999999998603 ], [ 554640.118999999947846, 527854.042999999946915 ], [ 554617.447000000043772, 527861.042999999946915 ], [ 554596.410999999963678, 527867.927000000025146 ], [ 554613.40300000004936, 527892.790000000037253 ] ] ] } },
{ "type": "Feature", "properties": { "fid": 1785610, "crop": "buckwheat" }, "geometry": { "type": "Polygon", "coordinates": [ [ [ 551629.542000000015832, 558780.057000000029802 ], [ 551660.32999999995809, 558765.689000000013039 ], [ 551696.34699999995064, 558747.282 ], [ 551725.582000000053085, 558727.314999999944121 ], [ 551763.218, 558695.466000000014901 ], [ 551818.829000000027008, 558649.030999999959022 ], [ 551866.753999999957159, 558606.743999999947846 ], [ 551928.672999999951571, 558545.718 ], [ 551919.358, 558537.925000000046566 ], [ 551910.775000000023283, 558533.881000000052154 ], [ 551871.331, 558569.147 ], [ 551792.155999999959022, 558641.441 ], [ 551757.716000000014901, 558668.741000000038184 ], [ 551714.047000000020489, 558701.371999999973923 ], [ 551678.113999999943189, 558724.077000000048429 ], [ 551660.738000000012107, 558733.738999999943189 ], [ 551639.466999999945983, 558743.976000000024214 ], [ 551632.962000000057742, 558745.912000000011176 ], [ 551629.542000000015832, 558780.057000000029802 ] ] ] } },
{ "type": "Feature", "properties": { "fid": 665880, "crop": "buckwheat" }, "geometry": { "type": "Polygon", "coordinates": [ [ [ 518622.131999999983236, 538804.913999999989755 ], [ 518663.962, 538848.09699999995064 ], [ 518698.424999999988358, 538884.76500000001397 ], [ 518767.01400000002468, 538956.34699999995064 ], [ 518773.762999999977183, 538948.135 ], [ 518722.439000000013039, 538892.383999999961816 ], [ 518670.93, 538838.609000000054948 ], [ 518632.881999999983236, 538798.692000000039116 ], [ 518622.131999999983236, 538804.913999999989755 ] ] ] } },
{ "type": "Feature", "properties": { "fid": 389064, "crop": "buckwheat" }, "geometry": { "type": "Polygon", "coordinates": [ [ [ 534251.949000000022352, 532627.984000000054948 ], [ 534198.714000000036322, 532678.444999999948777 ], [ 534214.765999999945052, 532680.886999999987893 ], [ 534281.868999999947846, 532615.82999999995809 ], [ 534298.62, 532598.738000000012107 ], [ 534330.908999999985099, 532565.128999999957159 ], [ 534341.564999999944121, 532551.746000000042841 ], [ 534363.131000000052154, 532525.150999999954365 ], [ 534383.49, 532498.493999999947846 ], [ 534397.935999999986961, 532478.579000000027008 ], [ 534379.648000000044703, 532485.570000000065193 ], [ 534351.006999999983236, 532521.174 ], [ 534333.216000000014901, 532541.576 ], [ 534323.459999999962747, 532552.393000000040047 ], [ 534314.23699999996461, 532562.209999999962747 ], [ 534289.419, 532589.51 ], [ 534251.949000000022352, 532627.984000000054948 ] ] ] } },
{ "type": "Feature", "properties": { "fid": 389239, "crop": "buckwheat" }, "geometry": { "type": "Polygon", "coordinates": [ [ [ 535805.907, 533793.537999999942258 ], [ 535816.077999999979511, 533791.680000000051223 ], [ 535818.810000000055879, 533787.547000000020489 ], [ 535810.691, 533752.90300000004936 ], [ 535801.940000000060536, 533720.334000000031665 ], [ 535783.011999999987893, 533661.734000000054948 ], [ 535778.881000000052154, 533637.258000000030734 ], [ 535776.047999999951571, 533625.636000000056811 ], [ 535757.979999999981374, 533630.187000000034459 ], [ 535773.466999999945983, 533683.354999999981374 ], [ 535785.229999999981374, 533725.140999999945052 ], [ 535791.21999999997206, 533748.85999999998603 ], [ 535805.907, 533793.537999999942258 ] ] ] } },
{ "type": "Feature", "properties": { "fid": 354304, "crop": "buckwheat" }, "geometry": { "type": "Polygon", "coordinates": [ [ [ 556488.726999999955297, 551455.577999999979511 ], [ 556531.711000000010245, 551505.270999999949709 ], [ 556549.104000000050291, 551525.645000000018626 ], [ 556566.993000000016764, 551545.522 ], [ 556571.716999999945983, 551548.069000000017695 ], [ 556612.214000000036322, 551514.983 ], [ 556621.812000000034459, 551510.064000000013039 ], [ 556635.449000000022352, 551514.667000000015832 ], [ 556639.197999999974854, 551510.685000000055879 ], [ 556574.196, 551467.65300000004936 ], [ 556543.197999999974854, 551443.996999999973923 ], [ 556512.442999999970198, 551419.49 ], [ 556506.62, 551424.341000000014901 ], [ 556492.341000000014901, 551436.307000000029802 ], [ 556488.726999999955297, 551455.577999999979511 ] ] ] } },
{ "type": "Feature", "properties": { "fid": 852849, "crop": "buckwheat" }, "geometry": { "type": "Polygon", "coordinates": [ [ [ 560792.557000000029802, 519419.129000000015367 ], [ 560774.589999999967404, 519419.278999999980442 ], [ 560765.165999999968335, 519422.612000000022817 ], [ 560772.942000000039116, 519446.03000000002794 ], [ 560792.557000000029802, 519419.129000000015367 ] ] ] } },
{ "type": "Feature", "properties": { "fid": 1116587, "crop": "buckwheat" }, "geometry": { "type": "Polygon", "coordinates": [ [ [ 557388.647, 535192.22199999995064 ], [ 557431.50199999997858, 535188.113000000012107 ], [ 557469.802999999956228, 535186.429 ], [ 557465.148000000044703, 535106.11199999996461 ], [ 557460.427999999956228, 535073.570000000065193 ], [ 557430.79500000004191, 534926.875 ], [ 557415.219000000040978, 534886.858 ], [ 557398.915000000037253, 534853.800000000046566 ], [ 557368.910999999963678, 534866.018000000040047 ], [ 557323.957000000053085, 534883.493000000016764 ], [ 557333.136000000056811, 534916.54500000004191 ], [ 557350.197000000043772, 534970.968 ], [ 557362.351000000024214, 535016.14000000001397 ], [ 557377.756999999983236, 535090.400999999954365 ], [ 557383.24, 535116.314000000013039 ], [ 557388.647, 535192.22199999995064 ] ] ] } },
{ "type": "Feature", "properties": { "fid": 1916009, "crop": "buckwheat" }, "geometry": { "type": "Polygon", "coordinates": [ [ [ 557753.354000000050291, 550086.957000000053085 ], [ 557711.527, 550102.550999999977648 ], [ 557715.189000000013039, 550113.804 ], [ 557731.471000000019558, 550161.642 ], [ 557781.518000000040047, 550142.493999999947846 ], [ 557827.579000000027008, 550119.331 ], [ 557895.75, 550078.797000000020489 ], [ 557934.535999999963678, 550049.707999999984168 ], [ 557930.493000000016764, 550044.317000000039116 ], [ 557911.609000000054948, 550018.483 ], [ 557857.848, 550045.106999999959953 ], [ 557822.314999999944121, 550059.846000000019558 ], [ 557753.354000000050291, 550086.957000000053085 ] ] ] } },
{ "type": "Feature", "properties": { "fid": 280118, "crop": "buckwheat" }, "geometry": { "type": "Polygon", "coordinates": [ [ [ 511638.603, 522468.327 ], [ 511644.685, 522470.261999999987893 ], [ 511664.314000000013039, 522473.164999999979045 ], [ 511676.973999999987427, 522473.11099999997532 ], [ 511689.195, 522476.62 ], [ 511702.465000000025611, 522478.832 ], [ 511710.151000000012573, 522479.606000000028871 ], [ 511733.631, 522480.353 ], [ 511759.040000000037253, 522482.104999999981374 ], [ 511768.871999999973923, 522451.614 ], [ 511777.327999999979511, 522436.69 ], [ 511742.63, 522438.965000000025611 ], [ 511710.982000000018161, 522435.050999999977648 ], [ 511680.12699999997858, 522427.166000000026543 ], [ 511654.637999999977183, 522419.946 ], [ 511647.596000000019558, 522440.400000000023283 ], [ 511628.636, 522463.944000000017695 ], [ 511638.603, 522468.327 ] ] ] } },
{ "type": "Feature", "properties": { "fid": 53440, "crop": "buckwheat" }, "geometry": { "type": "Polygon", "coordinates": [ [ [ 536432.569000000017695, 524739.052000000025146 ], [ 536450.395999999949709, 524741.927000000025146 ], [ 536468.636000000056811, 524739.285000000032596 ], [ 536456.903999999980442, 524681.09699999995064 ], [ 536448.608, 524648.307000000029802 ], [ 536436.979999999981374, 524616.234000000054948 ], [ 536409.790999999968335, 524633.552000000025146 ], [ 536418.425000000046566, 524658.413999999989755 ], [ 536425.425000000046566, 524693.577999999979511 ], [ 536428.532, 524710.278999999980442 ], [ 536430.135, 524725.986000000033528 ], [ 536432.569000000017695, 524739.052000000025146 ] ] ] } },
{ "type": "Feature", "properties": { "fid": 229412, "crop": "buckwheat" }, "geometry": { "type": "Polygon", "coordinates": [ [ [ 518732.028999999980442, 531076.256000000052154 ], [ 518742.603, 531103.697999999974854 ], [ 518751.919, 531127.523999999975786 ], [ 518760.216000000014901, 531156.988000000012107 ], [ 518769.745, 531176.584000000031665 ], [ 518780.85999999998603, 531198.251000000047497 ], [ 518787.049999999988358, 531208.38 ], [ 518799.571999999985565, 531223.574999999953434 ], [ 518801.277, 531215.177999999956228 ], [ 518795.210000000020955, 531207.255 ], [ 518788.738000000012107, 531195.15500000002794 ], [ 518782.689000000013039, 531183.055999999982305 ], [ 518771.152, 531154.214000000036322 ], [ 518768.337999999988824, 531146.898000000044703 ], [ 518756.520000000018626, 531112.709999999962747 ], [ 518743.294999999983702, 531076.552999999956228 ], [ 518730.352000000013504, 531070.643999999971129 ], [ 518732.028999999980442, 531076.256000000052154 ] ] ] } },
{ "type": "Feature", "properties": { "fid": 393624, "crop": "buckwheat" }, "geometry": { "type": "Polygon", "coordinates": [ [ [ 528311.712000000057742, 531245.211000000010245 ], [ 528287.96999999997206, 531271.724000000045635 ], [ 528265.562000000034459, 531299.104000000050291 ], [ 528281.865, 531306.204000000027008 ], [ 528287.361000000033528, 531297.74 ], [ 528290.878000000026077, 531293.234000000054948 ], [ 528293.707000000053085, 531288.74 ], [ 528320.616000000038184, 531253.322999999974854 ], [ 528349.258999999961816, 531225.599999999976717 ], [ 528376.214000000036322, 531203.067000000039116 ], [ 528397.351999999955297, 531189.996000000042841 ], [ 528437.944999999948777, 531167.057000000029802 ], [ 528449.420999999972992, 531159.73699999996461 ], [ 528444.096000000019558, 531150.307000000029802 ], [ 528436.163999999989755, 531153.998999999952503 ], [ 528409.584999999962747, 531167.712000000057742 ], [ 528388.881999999983236, 531179.660000000032596 ], [ 528369.214000000036322, 531193.15500000002794 ], [ 528348.712000000057742, 531209.201 ], [ 528330.707000000053085, 531226.415000000037253 ], [ 528311.712000000057742, 531245.211000000010245 ] ] ] } },
{ "type": "Feature", "properties": { "fid": 393536, "crop": "buckwheat" }, "geometry": { "type": "Polygon", "coordinates": [ [ [ 526381.212000000057742, 531480.604999999981374 ], [ 526381.40500000002794, 531491.057999999960884 ], [ 526381.609000000054948, 531504.322000000043772 ], [ 526400.432000000029802, 531501.412999999942258 ], [ 526400.273000000044703, 531489.810999999986961 ], [ 526400.875, 531478.719000000040978 ], [ 526400.099999999976717, 531459.059 ], [ 526400.150000000023283, 531446.995 ], [ 526398.677000000025146, 531410.983 ], [ 526400.334999999962747, 531397.777 ], [ 526382.300999999977648, 531403.143999999971129 ], [ 526381.212000000057742, 531480.604999999981374 ] ] ] } },
{ "type": "Feature", "properties": { "fid": 2077986, "crop": "buckwheat" }, "geometry": { "type": "Polygon", "coordinates": [ [ [ 522735.526000000012573, 532344.966000000014901 ], [ 522737.164999999979045, 532361.37300000002142 ], [ 522744.417000000015832, 532389.797999999951571 ], [ 522745.37, 532402.67000000004191 ], [ 522749.38900000002468, 532425.652 ], [ 522756.837, 532465.952000000048429 ], [ 522758.282, 532475.800999999977648 ], [ 522758.738000000012107, 532486.439000000013039 ], [ 522762.433000000019092, 532510.996000000042841 ], [ 522763.919, 532580.596000000019558 ], [ 522764.598999999987427, 532599.704000000027008 ], [ 522764.977000000013504, 532639.564000000013039 ], [ 522765.01, 532640.13 ], [ 522791.884000000020023, 532633.856000000028871 ], [ 522792.033, 532598.712999999988824 ], [ 522791.205000000016298, 532568.196 ], [ 522790.770000000018626, 532557.743000000016764 ], [ 522790.069000000017695, 532532.743999999947846 ], [ 522783.37, 532478.87 ], [ 522778.496999999973923, 532439.343 ], [ 522769.653, 532378.518999999971129 ], [ 522766.403999999980442, 532358.304 ], [ 522766.223999999987427, 532352.89000000001397 ], [ 522767.718, 532323.951 ], [ 522753.549999999988358, 532323.003999999957159 ], [ 522736.62699999997858, 532323.427000000025146 ], [ 522735.902, 532330.690000000060536 ], [ 522735.526000000012573, 532344.966000000014901 ] ] ] } },
{ "type": "Feature", "properties": { "fid": 391843, "crop": "buckwheat" }, "geometry": { "type": "Polygon", "coordinates": [ [ [ 528534.599000000045635, 523247.435999999986961 ], [ 528552.493000000016764, 523269.935 ], [ 528565.99800000002142, 523285.76400000002468 ], [ 528578.520999999949709, 523300.759000000020023 ], [ 528601.957999999984168, 523328.00099999998929 ], [ 528633.459999999962747, 523364.678000000014435 ], [ 528639.047000000020489, 523370.697999999974854 ], [ 528652.650999999954365, 523385.51400000002468 ], [ 528659.535999999963678, 523389.686999999976251 ], [ 528665.733, 523378.178000000014435 ], [ 528675.116999999969266, 523375.168 ], [ 528680.09699999995064, 523370.935 ], [ 528668.92000000004191, 523358.286000000021886 ], [ 528633.135, 523321.718 ], [ 528626.285999999963678, 523316.848999999987427 ], [ 528620.733, 523312.51500000001397 ], [ 528595.566, 523279.908999999985099 ], [ 528572.584999999962747, 523249.929 ], [ 528555.692999999970198, 523223.600000000034925 ], [ 528550.062000000034459, 523228.166000000026543 ], [ 528530.814000000013039, 523242.88900000002468 ], [ 528534.599000000045635, 523247.435999999986961 ] ] ] } },
{ "type": "Feature", "properties": { "fid": 393517, "crop": "buckwheat" }, "geometry": { "type": "Polygon", "coordinates": [ [ [ 527667.267, 534094.893000000040047 ], [ 527676.246000000042841, 534094.966999999945983 ], [ 527677.613999999943189, 534092.420999999972992 ], [ 527658.817999999970198, 534084.136999999987893 ], [ 527643.674, 534079.949999999953434 ], [ 527622.294, 534076.653999999980442 ], [ 527572.49800000002142, 534072.822999999974854 ], [ 527555.839000000036322, 534072.555999999982305 ], [ 527533.925000000046566, 534073.447000000043772 ], [ 527507.73499999998603, 534075.941 ], [ 527492.768999999971129, 534078.256999999983236 ], [ 527456.691, 534084.136999999987893 ], [ 527424.354000000050291, 534091.62 ], [ 527404.310000000055879, 534097.944999999948777 ], [ 527407.37, 534108.908000000054017 ], [ 527435.570000000065193, 534104.937000000034459 ], [ 527554.628000000026077, 534087.560000000055879 ], [ 527567.908999999985099, 534087.935000000055879 ], [ 527604.211000000010245, 534089.481999999959953 ], [ 527642.761999999987893, 534092.229000000050291 ], [ 527667.267, 534094.893000000040047 ] ] ] } },
{ "type": "Feature", "properties": { "fid": 1816784, "crop": "buckwheat" }, "geometry": { "type": "Polygon", "coordinates": [ [ [ 526134.827999999979511, 558351.819000000017695 ], [ 526144.724000000045635, 558371.658999999985099 ], [ 526160.003000000026077, 558423.691 ], [ 526173.383999999961816, 558424.913999999989755 ], [ 526196.403999999980442, 558428.224000000045635 ], [ 526200.287999999942258, 558428.799 ], [ 526202.468, 558431.63 ], [ 526214.172000000020489, 558446.496999999973923 ], [ 526262.37300000002142, 558447.201 ], [ 526256.013999999966472, 558414.947999999974854 ], [ 526249.302000000025146, 558391.177999999956228 ], [ 526238.745, 558360.699000000022352 ], [ 526227.768999999971129, 558336.645999999949709 ], [ 526219.025999999954365, 558323.437999999965541 ], [ 526218.956, 558323.462000000057742 ], [ 526218.962999999988824, 558323.476999999955297 ], [ 526198.488000000012107, 558330.407 ], [ 526137.964999999967404, 558350.944999999948777 ], [ 526134.827999999979511, 558351.819000000017695 ] ] ] } },
{ "type": "Feature", "properties": { "fid": 17237, "crop": "buckwheat" }, "geometry": { "type": "Polygon", "coordinates": [ [ [ 535291.322000000043772, 517584.900000000023283 ], [ 535283.042000000015832, 517585.847 ], [ 535280.633000000030734, 517586.142 ], [ 535279.040999999968335, 517597.575000000011642 ], [ 535270.697000000043772, 517652.68 ], [ 535256.020999999949709, 517753.091000000014901 ], [ 535273.432999999960884, 517752.843999999982771 ], [ 535278.898000000044703, 517704.332 ], [ 535288.680999999982305, 517638.723999999987427 ], [ 535295.011999999987893, 517596.424 ], [ 535296.451, 517588.65500000002794 ], [ 535297.351999999955297, 517583.023999999975786 ], [ 535291.322000000043772, 517584.900000000023283 ] ] ] } },
{ "type": "Feature", "properties": { "fid": 537755, "crop": "buckwheat" }, "geometry": { "type": "Polygon", "coordinates": [ [ [ 552040.601000000024214, 559567.895000000018626 ], [ 552083.530999999959022, 559550.386000000056811 ], [ 552069.557000000029802, 559534.574000000022352 ], [ 551980.62699999997858, 559433.613000000012107 ], [ 552002.645999999949709, 559415.113000000012107 ], [ 551974.699999999953434, 559384.937000000034459 ], [ 551955.768999999971129, 559399.116999999969266 ], [ 551977.28000000002794, 559461.981000000028871 ], [ 551985.118999999947846, 559480.006000000052154 ], [ 552001.292000000015832, 559514.734000000054948 ], [ 552007.339999999967404, 559540.64000000001397 ], [ 552015.702000000048429, 559576.746999999973923 ], [ 552019.022, 559577.079000000027008 ], [ 552040.601000000024214, 559567.895000000018626 ] ] ] } },
{ "type": "Feature", "properties": { "fid": 287355, "crop": "buckwheat" }, "geometry": { "type": "Polygon", "coordinates": [ [ [ 546779.064999999944121, 522135.666000000026543 ], [ 546787.964999999967404, 522139.547000000020489 ], [ 546795.182000000029802, 522121.38900000002468 ], [ 546799.462000000057742, 522110.74800000002142 ], [ 546805.192000000039116, 522096.946 ], [ 546811.711000000010245, 522078.788 ], [ 546818.229000000050291, 522063.19 ], [ 546830.01500000001397, 522040.62699999997858 ], [ 546850.354999999981374, 522009.181999999971595 ], [ 546863.466000000014901, 521987.717 ], [ 546865.743000000016764, 521983.809 ], [ 546863.821, 521983.827 ], [ 546858.462000000057742, 521987.065 ], [ 546852.26500000001397, 521990.246999999973923 ], [ 546845.201, 521993.020000000018626 ], [ 546829.763999999966472, 522022.09499999997206 ], [ 546809.383000000030734, 522054.11099999997532 ], [ 546794.90500000002794, 522082.606000000028871 ], [ 546786.297000000020489, 522105.61099999997532 ], [ 546777.95499999995809, 522128.606000000028871 ], [ 546779.064999999944121, 522135.666000000026543 ] ] ] } },
{ "type": "Feature", "properties": { "fid": 27157, "crop": "buckwheat" }, "geometry": { "type": "Polygon", "coordinates": [ [ [ 560844.753999999957159, 536648.854000000050291 ], [ 560842.356999999959953, 536629.212999999988824 ], [ 560840.907, 536617.822999999974854 ], [ 560837.180000000051223, 536597.115 ], [ 560831.584000000031665, 536579.603 ], [ 560815.616999999969266, 536539.50199999997858 ], [ 560780.025000000023283, 536550.935000000055879 ], [ 560796.799, 536597.327000000048429 ], [ 560806.594000000040978, 536627.949999999953434 ], [ 560812.951, 536652.613000000012107 ], [ 560817.093, 536664.417000000015832 ], [ 560819.371000000042841, 536673.322000000043772 ], [ 560822.890999999945052, 536683.261999999987893 ], [ 560827.447000000043772, 536695.479000000050291 ], [ 560835.937000000034459, 536717.430000000051223 ], [ 560841.113999999943189, 536731.098 ], [ 560851.261000000056811, 536752.01300000003539 ], [ 560858.030999999959022, 536768.037000000011176 ], [ 560867.841000000014901, 536734.682999999960884 ], [ 560859.153999999980442, 536723.101999999955297 ], [ 560856.077999999979511, 536717.218 ], [ 560853.125, 536709.354000000050291 ], [ 560847.12, 536668.765999999945052 ], [ 560844.753999999957159, 536648.854000000050291 ] ] ] } },
{ "type": "Feature", "properties": { "fid": 1506690, "crop": "buckwheat" }, "geometry": { "type": "Polygon", "coordinates": [ [ [ 552237.258999999961816, 544728.179 ], [ 552238.645000000018626, 544705.216000000014901 ], [ 552242.554, 544591.724999999976717 ], [ 552233.481999999959953, 544576.172999999951571 ], [ 552206.13800000003539, 544535.077000000048429 ], [ 552200.707000000053085, 544653.172000000020489 ], [ 552195.562999999965541, 544711.604000000050291 ], [ 552195.175000000046566, 544729.084999999962747 ], [ 552195.552000000025146, 544743.716999999945983 ], [ 552195.941, 544763.140999999945052 ], [ 552195.952000000048429, 544791.886999999987893 ], [ 552195.304, 544843.424 ], [ 552195.131999999983236, 544882.150999999954365 ], [ 552232.74800000002142, 544887.87300000002142 ], [ 552258.273000000044703, 544893.459000000031665 ], [ 552265.199000000022352, 544895.697000000043772 ], [ 552269.381999999983236, 544873.214000000036322 ], [ 552271.314000000013039, 544829.697999999974854 ], [ 552271.832000000053085, 544811.440000000060536 ], [ 552272.802999999956228, 544766.307000000029802 ], [ 552272.221000000019558, 544755.63 ], [ 552272.349999999976717, 544741.775000000023283 ], [ 552270.795999999972992, 544729.084999999962747 ], [ 552237.258999999961816, 544728.179 ] ] ] } },
{ "type": "Feature", "properties": { "fid": 1655186, "crop": "buckwheat" }, "geometry": { "type": "Polygon", "coordinates": [ [ [ 523911.413, 531759.868999999947846 ], [ 523923.968, 531758.229000000050291 ], [ 523927.781000000017229, 531736.64000000001397 ], [ 523825.134000000020023, 531756.358 ], [ 523798.836000000010245, 531759.498999999952503 ], [ 523751.174, 531766.030999999959022 ], [ 523751.332999999984168, 531782.537000000011176 ], [ 523785.76400000002468, 531778.758000000030734 ], [ 523833.978, 531772.532 ], [ 523858.966000000014901, 531767.832000000053085 ], [ 523911.413, 531759.868999999947846 ] ] ] } },
{ "type": "Feature", "properties": { "fid": 1942811, "crop": "buckwheat" }, "geometry": { "type": "Polygon", "coordinates": [ [ [ 514833.365, 528910.226000000024214 ], [ 514858.423, 528909.527 ], [ 514870.810999999986961, 528907.76 ], [ 514885.739, 528906.26500000001397 ], [ 514918.381, 528899.106000000028871 ], [ 514934.106000000028871, 528895.544 ], [ 514949.708999999973457, 528893.055999999982305 ], [ 514981.37300000002142, 528888.366000000038184 ], [ 514978.865999999979977, 528874.033999999985099 ], [ 514936.62400000001071, 528885.27800000004936 ], [ 514908.074000000022352, 528892.62 ], [ 514902.066, 528893.633000000030734 ], [ 514902.065, 528893.65300000004936 ], [ 514883.772999999986496, 528896.716999999945983 ], [ 514859.480000000039581, 528898.962999999988824 ], [ 514817.740999999979977, 528900.022 ], [ 514833.365, 528910.226000000024214 ] ] ] } },
{ "type": "Feature", "properties": { "fid": 1190938, "crop": "buckwheat" }, "geometry": { "type": "Polygon", "coordinates": [ [ [ 553563.055999999982305, 524565.819000000017695 ], [ 553542.873999999952503, 524575.508000000030734 ], [ 553511.883999999961816, 524588.755 ], [ 553479.187999999965541, 524602.663999999989755 ], [ 553380.587000000057742, 524638.547999999951571 ], [ 553328.699999999953434, 524652.287000000011176 ], [ 553269.072999999974854, 524664.447000000043772 ], [ 553180.434, 524680.182999999960884 ], [ 553185.236000000033528, 524722.738999999943189 ], [ 553303.177999999956228, 524703.892 ], [ 553341.221000000019558, 524697.40500000002794 ], [ 553361.003999999957159, 524692.949999999953434 ], [ 553385.00199999997858, 524686.648000000044703 ], [ 553399.606999999959953, 524682.072999999974854 ], [ 553416.343, 524675.979000000050291 ], [ 553439.23499999998603, 524666.97199999995064 ], [ 553528.518999999971129, 524630.988000000012107 ], [ 553581.775000000023283, 524609.434 ], [ 553563.055999999982305, 524565.819000000017695 ] ] ] } },
{ "type": "Feature", "properties": { "fid": 224235, "crop": "buckwheat" }, "geometry": { "type": "Polygon", "coordinates": [ [ [ 534528.983, 515234.977000000013504 ], [ 534549.339999999967404, 515229.314000000013039 ], [ 534528.049, 515173.87300000002142 ], [ 534525.805999999982305, 515163.033999999985099 ], [ 534517.023999999975786, 515123.980000000039581 ], [ 534510.67000000004191, 515086.233 ], [ 534496.469000000040978, 515020.830000000016298 ], [ 534493.104999999981374, 514999.901000000012573 ], [ 534489.312999999965541, 514958.825000000011642 ], [ 534488.432999999960884, 514946.271 ], [ 534488.952999999979511, 514931.216000000014901 ], [ 534493.104999999981374, 514885.353 ], [ 534496.282, 514863.303000000014435 ], [ 534471.802000000025146, 514864.61099999997532 ], [ 534471.011000000056811, 514892.772999999986496 ], [ 534468.792999999946915, 514929.212999999988824 ], [ 534469.184, 515001.387999999977183 ], [ 534471.427999999956228, 515020.604 ], [ 534488.10999999998603, 515084.575000000011642 ], [ 534495.246999999973923, 515117.552000000025146 ], [ 534504.366999999969266, 515168.878000000026077 ], [ 534507.969000000040978, 515183.772999999986496 ], [ 534528.983, 515234.977000000013504 ] ] ] } },
{ "type": "Feature", "properties": { "fid": 1848645, "crop": "buckwheat" }, "geometry": { "type": "Polygon", "coordinates": [ [ [ 551474.052000000025146, 519356.641 ], [ 551497.187999999965541, 519360.362000000022817 ], [ 551500.682999999960884, 519320.295999999972992 ], [ 551508.662000000011176, 519278.809 ], [ 551523.150999999954365, 519245.365 ], [ 551535.366000000038184, 519221.261 ], [ 551522.533000000054017, 519207.914999999979045 ], [ 551518.582000000053085, 519206.685 ], [ 551515.667000000015832, 519210.040000000037253 ], [ 551506.85999999998603, 519223.23499999998603 ], [ 551492.395000000018626, 519250.401000000012573 ], [ 551486.677000000025146, 519273.808000000019092 ], [ 551479.160999999963678, 519316.569000000017695 ], [ 551474.052000000025146, 519356.641 ] ] ] } },
{ "type": "Feature", "properties": { "fid": 1839899, "crop": "buckwheat" }, "geometry": { "type": "Polygon", "coordinates": [ [ [ 558807.694000000017695, 525645.814000000013039 ], [ 558814.15500000002794, 525654.979999999981374 ], [ 558828.158000000054017, 525675.087999999988824 ], [ 558861.897, 525708.701 ], [ 558893.572999999974854, 525731.072000000043772 ], [ 558901.449000000022352, 525715.952999999979511 ], [ 558946.444999999948777, 525692.802999999956228 ], [ 558926.84499999997206, 525685.106999999959953 ], [ 558911.90500000002794, 525679.800000000046566 ], [ 558902.46999999997206, 525675.278999999980442 ], [ 558897.162999999942258, 525671.34699999995064 ], [ 558880.589999999967404, 525655.403999999980442 ], [ 558869.839000000036322, 525645.202999999979511 ], [ 558858.635, 525632.820000000065193 ], [ 558828.962000000057742, 525606.90500000002794 ], [ 558816.363999999943189, 525621.832000000053085 ], [ 558810.082000000053085, 525633.998999999952503 ], [ 558807.694000000017695, 525645.814000000013039 ] ], [ [ 558866.091999999945983, 525667.75 ], [ 558867.153999999980442, 525668.635 ], [ 558866.268999999971129, 525669.165000000037253 ], [ 558865.383999999961816, 525668.280999999959022 ], [ 558866.091999999945983, 525667.75 ] ] ] } },
{ "type": "Feature", "properties": { "fid": 1161950, "crop": "buckwheat" }, "geometry": { "type": "Polygon", "coordinates": [ [ [ 536497.165000000037253, 540072.060999999986961 ], [ 536478.25, 540076.145000000018626 ], [ 536427.658000000054017, 540085.47199999995064 ], [ 536420.496999999973923, 540093.63800000003539 ], [ 536417.405999999959022, 540177.006999999983236 ], [ 536415.577999999979511, 540227.410999999963678 ], [ 536403.261000000056811, 540558.650000000023283 ], [ 536478.837000000057742, 540565.493000000016764 ], [ 536480.042999999946915, 540532.942000000039116 ], [ 536480.062999999965541, 540532.942000000039116 ], [ 536480.182999999960884, 540529.726999999955297 ], [ 536497.165000000037253, 540072.060999999986961 ] ] ] } },
{ "type": "Feature", "properties": { "fid": 665586, "crop": "buckwheat" }, "geometry": { "type": "Polygon", "coordinates": [ [ [ 519963.807000000029802, 538075.218 ], [ 519963.93, 538075.40300000004936 ], [ 519957.022999999986496, 538131.488000000012107 ], [ 519971.636999999987893, 538123.349000000045635 ], [ 519981.018999999971129, 538046.133999999961816 ], [ 519963.807000000029802, 538075.218 ] ] ] } },
{ "type": "Feature", "properties": { "fid": 2341503, "crop": "buckwheat" }, "geometry": { "type": "Polygon", "coordinates": [ [ [ 560901.736000000033528, 539182.101000000024214 ], [ 560909.61199999996461, 539203.0 ], [ 560925.726999999955297, 539243.868000000016764 ], [ 560929.714000000036322, 539252.175000000046566 ], [ 560943.003999999957159, 539279.42000000004191 ], [ 560960.626000000047497, 539307.523999999975786 ], [ 560977.917999999946915, 539295.468 ], [ 560997.049, 539277.057999999960884 ], [ 561016.542000000015832, 539259.37 ], [ 561037.214999999967404, 539245.748999999952503 ], [ 561035.726999999955297, 539242.92000000004191 ], [ 561024.741999999969266, 539224.690000000060536 ], [ 561012.427999999956228, 539199.341000000014901 ], [ 561002.84699999995064, 539180.410000000032596 ], [ 560993.150000000023283, 539158.810999999986961 ], [ 560981.216000000014901, 539129.662999999942258 ], [ 560955.131000000052154, 539131.770000000018626 ], [ 560938.207000000053085, 539138.082999999984168 ], [ 560938.128000000026077, 539151.224000000045635 ], [ 560927.75199999997858, 539154.221000000019558 ], [ 560924.986000000033528, 539152.145999999949709 ], [ 560921.988000000012107, 539147.072999999974854 ], [ 560895.169, 539162.057000000029802 ], [ 560901.736000000033528, 539182.101000000024214 ] ] ] } },
{ "type": "Feature", "properties": { "fid": 2355163, "crop": "buckwheat" }, "geometry": { "type": "Polygon", "coordinates": [ [ [ 522749.699000000022352, 531633.937999999965541 ], [ 522757.756999999983236, 531647.679 ], [ 522761.064000000013039, 531650.849999999976717 ], [ 522769.403, 531647.773000000044703 ], [ 522780.316, 531642.827000000048429 ], [ 522757.37599999998929, 531596.429 ], [ 522730.246999999973923, 531547.954000000027008 ], [ 522720.941, 531528.464000000036322 ], [ 522706.50199999997858, 531500.128000000026077 ], [ 522676.158999999985099, 531454.518999999971129 ], [ 522668.604999999981374, 531445.900000000023283 ], [ 522659.931999999971595, 531433.920999999972992 ], [ 522655.327, 531436.055999999982305 ], [ 522641.957999999984168, 531416.49 ], [ 522635.350000000034925, 531421.32999999995809 ], [ 522630.009000000020023, 531423.849000000045635 ], [ 522646.28000000002794, 531447.167000000015832 ], [ 522661.450000000011642, 531469.158999999985099 ], [ 522667.309, 531476.456 ], [ 522676.295999999972992, 531486.01 ], [ 522681.477000000013504, 531492.810999999986961 ], [ 522685.283, 531499.530999999959022 ], [ 522691.059, 531514.716000000014901 ], [ 522707.69, 531548.726000000024214 ], [ 522734.081, 531600.900999999954365 ], [ 522749.699000000022352, 531633.937999999965541 ] ] ] } },
{ "type": "Feature", "properties": { "fid": 909440, "crop": "buckwheat" }, "geometry": { "type": "Polygon", "coordinates": [ [ [ 522498.712999999988824, 534903.353 ], [ 522522.918, 534908.51 ], [ 522549.121999999973923, 534913.14000000001397 ], [ 522596.268999999971129, 534917.138999999966472 ], [ 522644.257999999972526, 534918.718 ], [ 522658.044, 534891.567000000039116 ], [ 522584.923, 534889.866000000038184 ], [ 522561.162000000011176, 534888.294 ], [ 522531.395000000018626, 534884.216000000014901 ], [ 522501.87, 534878.201 ], [ 522497.028999999980442, 534897.564999999944121 ], [ 522498.712999999988824, 534903.353 ] ] ] } },
{ "type": "Feature", "properties": { "fid": 2228952, "crop": "buckwheat" }, "geometry": { "type": "Polygon", "coordinates": [ [ [ 535760.86199999996461, 558012.45499999995809 ], [ 535777.256000000052154, 558008.148999999975786 ], [ 535806.400999999954365, 557998.544 ], [ 535825.775999999954365, 557990.927000000025146 ], [ 535838.196, 557986.456 ], [ 535841.020000000018626, 557986.865 ], [ 535859.226999999955297, 557982.647 ], [ 535857.055000000051223, 557969.777 ], [ 535862.70499999995809, 557966.584000000031665 ], [ 535871.647, 557962.775000000023283 ], [ 535885.174, 557957.62 ], [ 535901.986000000033528, 557940.447999999974854 ], [ 535905.802000000025146, 557934.964000000036322 ], [ 535904.817000000039116, 557931.753000000026077 ], [ 535900.294, 557931.476999999955297 ], [ 535875.243999999947846, 557943.143000000040047 ], [ 535833.273000000044703, 557960.476000000024214 ], [ 535818.871000000042841, 557966.209000000031665 ], [ 535803.194000000017695, 557971.542000000015832 ], [ 535792.344000000040978, 557974.451 ], [ 535765.256999999983236, 557980.601000000024214 ], [ 535753.582000000053085, 557983.501000000047497 ], [ 535749.104000000050291, 557988.277 ], [ 535751.256999999983236, 557999.371999999973923 ], [ 535754.072000000043772, 558006.327000000048429 ], [ 535757.013999999966472, 558011.02800000004936 ], [ 535760.86199999996461, 558012.45499999995809 ] ] ] } },
{ "type": "Feature", "properties": { "fid": 2515343, "crop": "buckwheat" }, "geometry": { "type": "Polygon", "coordinates": [ [ [ 556504.868000000016764, 533032.76300000003539 ], [ 556560.892, 533002.594000000040978 ], [ 556553.853, 532974.077000000048429 ], [ 556547.897, 532941.408999999985099 ], [ 556543.925999999977648, 532909.101999999955297 ], [ 556543.204000000027008, 532879.682999999960884 ], [ 556545.550000000046566, 532832.756000000052154 ], [ 556546.993999999947846, 532796.297999999951571 ], [ 556547.177999999956228, 532764.042000000015832 ], [ 556542.226999999955297, 532750.886999999987893 ], [ 556534.97199999995064, 532750.150000000023283 ], [ 556527.738000000012107, 532753.555999999982305 ], [ 556525.12300000002142, 532784.756999999983236 ], [ 556518.770000000018626, 532792.273999999975786 ], [ 556515.770000000018626, 532792.687999999965541 ], [ 556512.341000000014901, 532752.800000000046566 ], [ 556501.591999999945983, 532749.37300000002142 ], [ 556491.483, 532749.895999999949709 ], [ 556490.50199999997858, 532782.581 ], [ 556489.238000000012107, 532835.643999999971129 ], [ 556487.072000000043772, 532869.756000000052154 ], [ 556485.99, 532902.785000000032596 ], [ 556486.530999999959022, 532922.819000000017695 ], [ 556488.697000000043772, 532942.672999999951571 ], [ 556493.39000000001397, 532972.633000000030734 ], [ 556498.804, 532999.525999999954365 ], [ 556504.868000000016764, 533032.76300000003539 ] ] ] } },
{ "type": "Feature", "properties": { "fid": 1911490, "crop": "buckwheat" }, "geometry": { "type": "Polygon", "coordinates": [ [ [ 541575.669, 516601.981000000028871 ], [ 541593.907, 516603.506999999983236 ], [ 541664.03000000002794, 516605.267 ], [ 541703.337000000057742, 516604.559 ], [ 541739.172999999951571, 516603.408 ], [ 541762.413999999989755, 516602.864 ], [ 541836.660000000032596, 516601.195 ], [ 541870.373999999952503, 516599.259000000020023 ], [ 541960.229000000050291, 516591.12699999997858 ], [ 542023.809, 516585.082999999984168 ], [ 542092.26, 516581.335000000020955 ], [ 542113.103, 516579.720000000030268 ], [ 542118.591999999945983, 516579.430999999982305 ], [ 542151.694999999948777, 516578.772999999986496 ], [ 542180.853, 516578.647999999986496 ], [ 542244.746999999973923, 516580.544999999983702 ], [ 542241.118999999947846, 516573.74 ], [ 542238.684, 516568.316999999980908 ], [ 542237.283000000054017, 516565.761999999987893 ], [ 542236.062000000034459, 516562.886 ], [ 542154.231000000028871, 516566.547000000020489 ], [ 542150.917999999946915, 516566.837 ], [ 542118.199000000022352, 516568.169999999983702 ], [ 542116.824000000022352, 516568.033999999985099 ], [ 542079.996000000042841, 516569.447999999974854 ], [ 541946.714999999967404, 516579.327 ], [ 541875.67000000004191, 516586.050999999977648 ], [ 541821.895000000018626, 516588.422000000020489 ], [ 541777.09499999997206, 516588.773999999975786 ], [ 541744.797999999951571, 516589.19 ], [ 541673.192000000039116, 516591.352000000013504 ], [ 541650.535000000032596, 516591.196 ], [ 541588.038999999989755, 516589.482000000018161 ], [ 541575.278999999980442, 516589.060999999986961 ], [ 541575.669, 516601.981000000028871 ] ] ] } },
{ "type": "Feature", "properties": { "fid": 1676730, "crop": "buckwheat" }, "geometry": { "type": "Polygon", "coordinates": [ [ [ 544892.48699999996461, 556782.064999999944121 ], [ 544959.40300000004936, 556708.670999999972992 ], [ 544957.314000000013039, 556703.346000000019558 ], [ 544958.013999999966472, 556701.483 ], [ 544931.476999999955297, 556684.292000000015832 ], [ 544924.895999999949709, 556701.172000000020489 ], [ 544921.74, 556709.941 ], [ 544918.582999999984168, 556719.060999999986961 ], [ 544913.672000000020489, 556729.582999999984168 ], [ 544908.060000000055879, 556740.807999999960884 ], [ 544904.202000000048429, 556747.47199999995064 ], [ 544897.712999999988824, 556757.469000000040978 ], [ 544887.182999999960884, 556777.471000000019558 ], [ 544892.48699999996461, 556782.064999999944121 ] ] ] } },
{ "type": "Feature", "properties": { "fid": 25567, "crop": "buckwheat" }, "geometry": { "type": "Polygon", "coordinates": [ [ [ 544972.444000000017695, 507107.027 ], [ 545003.88, 507116.407 ], [ 545022.716000000014901, 507095.925999999977648 ], [ 545047.121999999973923, 507070.743000000016764 ], [ 545069.033000000054017, 507048.346000000019558 ], [ 545092.890999999945052, 507023.512999999977183 ], [ 545112.854000000050291, 507002.576 ], [ 545162.343, 506947.495999999984633 ], [ 545177.613000000012107, 506931.234 ], [ 545212.949000000022352, 506888.571 ], [ 545224.11199999996461, 506876.955000000016298 ], [ 545249.48699999996461, 506850.856000000028871 ], [ 545294.150000000023283, 506810.951 ], [ 545271.886000000056811, 506788.295999999972992 ], [ 545205.609000000054948, 506854.314000000013039 ], [ 545156.675999999977648, 506910.308000000019092 ], [ 545050.212000000057742, 507026.351000000024214 ], [ 545033.00199999997858, 507043.962999999988824 ], [ 545016.300999999977648, 507061.13900000002468 ], [ 544972.444000000017695, 507107.027 ] ] ] } },
{ "type": "Feature", "properties": { "fid": 2593659, "crop": "buckwheat" }, "geometry": { "type": "Polygon", "coordinates": [ [ [ 545451.930999999982305, 502167.895000000018626 ], [ 545456.684, 502165.314000000013039 ], [ 545452.736000000033528, 502139.114 ], [ 545444.108, 502143.419 ], [ 545388.707000000053085, 502171.775000000023283 ], [ 545338.180999999982305, 502196.129000000015367 ], [ 545286.202999999979511, 502218.718999999982771 ], [ 545255.408999999985099, 502229.773999999975786 ], [ 545242.172000000020489, 502236.290000000037253 ], [ 545205.437999999965541, 502243.609 ], [ 545209.800999999977648, 502249.256 ], [ 545219.297000000020489, 502267.222 ], [ 545296.113999999943189, 502243.532 ], [ 545368.930000000051223, 502211.527 ], [ 545422.576, 502182.788 ], [ 545451.930999999982305, 502167.895000000018626 ] ] ] } },
{ "type": "Feature", "properties": { "fid": 1528147, "crop": "buckwheat" }, "geometry": { "type": "Polygon", "coordinates": [ [ [ 557451.726999999955297, 540950.92000000004191 ], [ 557469.169, 540996.145000000018626 ], [ 557470.633000000030734, 541000.288999999989755 ], [ 557482.353, 540998.297999999951571 ], [ 557494.40500000002794, 540994.871000000042841 ], [ 557509.221000000019558, 540990.226999999955297 ], [ 557521.935999999986961, 540984.035000000032596 ], [ 557510.478, 540956.819000000017695 ], [ 557496.275999999954365, 540920.38800000003539 ], [ 557438.807999999960884, 540790.883000000030734 ], [ 557427.522, 540765.037000000011176 ], [ 557387.724000000045635, 540771.190000000060536 ], [ 557367.258000000030734, 540774.008000000030734 ], [ 557373.356000000028871, 540792.285999999963678 ], [ 557383.837999999988824, 540813.540999999968335 ], [ 557409.248999999952503, 540865.435999999986961 ], [ 557437.241999999969266, 540921.895999999949709 ], [ 557451.726999999955297, 540950.92000000004191 ] ] ] } },
{ "type": "Feature", "properties": { "fid": 224236, "crop": "buckwheat" }, "geometry": { "type": "Polygon", "coordinates": [ [ [ 536051.837000000057742, 513800.278 ], [ 536012.772, 513820.327 ], [ 535991.101999999955297, 513829.466000000014901 ], [ 535984.027, 513833.299 ], [ 535987.234000000054948, 513838.12300000002142 ], [ 536022.332999999984168, 513875.395000000018626 ], [ 536074.832999999984168, 513930.886999999987893 ], [ 536092.964999999967404, 513918.208999999973457 ], [ 536112.424, 513903.762999999977183 ], [ 536129.101000000024214, 513889.129000000015367 ], [ 536116.493999999947846, 513874.462 ], [ 536051.837000000057742, 513800.278 ] ] ] } },
{ "type": "Feature", "properties": { "fid": 1213964, "crop": "buckwheat" }, "geometry": { "type": "Polygon", "coordinates": [ [ [ 558890.228, 521277.416000000026543 ], [ 558774.667000000015832, 521292.076 ], [ 558881.363000000012107, 521433.245 ], [ 558905.086000000010245, 521471.177000000025146 ], [ 558916.081, 521495.858 ], [ 558920.908999999985099, 521503.100000000034925 ], [ 558982.226999999955297, 521503.022999999986496 ], [ 559099.441, 521500.387999999977183 ], [ 559053.275000000023283, 521475.943000000028405 ], [ 559050.554, 521436.202 ], [ 559027.525999999954365, 521390.246999999973923 ], [ 559017.064999999944121, 521375.36099999997532 ], [ 558930.770000000018626, 521293.754000000015367 ], [ 558899.182999999960884, 521260.696999999985565 ], [ 558873.532, 521231.694000000017695 ], [ 558873.032, 521233.540000000037253 ], [ 558890.228, 521277.416000000026543 ] ] ] } },
{ "type": "Feature", "properties": { "fid": 1744796, "crop": "buckwheat" }, "geometry": { "type": "Polygon", "coordinates": [ [ [ 526775.444999999948777, 561934.397 ], [ 526763.160999999963678, 561934.207999999984168 ], [ 526744.162999999942258, 561938.052000000025146 ], [ 526745.376000000047497, 561945.180000000051223 ], [ 526763.167000000015832, 561941.731999999959953 ], [ 526778.062000000034459, 561939.525000000023283 ], [ 526780.49, 561941.035000000032596 ], [ 526824.581, 561940.92000000004191 ], [ 526915.09699999995064, 561937.819000000017695 ], [ 526963.866000000038184, 561939.672999999951571 ], [ 527015.582000000053085, 561942.959000000031665 ], [ 527084.15500000002794, 561951.245 ], [ 527114.155999999959022, 561954.101999999955297 ], [ 527145.013999999966472, 561953.959000000031665 ], [ 527167.586000000010245, 561953.530999999959022 ], [ 527204.587000000057742, 561951.38800000003539 ], [ 527267.875, 561946.816 ], [ 527297.454000000027008, 561946.094000000040978 ], [ 527298.39000000001397, 561938.535000000032596 ], [ 527255.731999999959953, 561938.53000000002794 ], [ 527202.444000000017695, 561940.816 ], [ 527158.442999999970198, 561943.959000000031665 ], [ 527130.584999999962747, 561944.816 ], [ 527108.584999999962747, 561943.101999999955297 ], [ 527078.441, 561939.672999999951571 ], [ 527034.047000000020489, 561933.060999999986961 ], [ 526986.319000000017695, 561929.42000000004191 ], [ 526948.29500000004191, 561929.816 ], [ 526928.008000000030734, 561931.101000000024214 ], [ 526863.721000000019558, 561932.386999999987893 ], [ 526814.148000000044703, 561935.816 ], [ 526775.444999999948777, 561934.397 ] ] ] } },
{ "type": "Feature", "properties": { "fid": 762319, "crop": "buckwheat" }, "geometry": { "type": "Polygon", "coordinates": [ [ [ 522507.837999999988824, 533606.883000000030734 ], [ 522502.951, 533655.839999999967404 ], [ 522500.215000000025611, 533717.150999999954365 ], [ 522518.549, 533711.059 ], [ 522521.973, 533662.984000000054948 ], [ 522524.903999999980442, 533619.055999999982305 ], [ 522530.43, 533577.63 ], [ 522548.319000000017695, 533479.256000000052154 ], [ 522549.201, 533471.483 ], [ 522534.075000000011642, 533472.209000000031665 ], [ 522529.503000000026077, 533496.599000000045635 ], [ 522517.055, 533550.922000000020489 ], [ 522515.23499999998603, 533559.329000000027008 ], [ 522507.837999999988824, 533606.883000000030734 ] ] ] } },
{ "type": "Feature", "properties": { "fid": 204428, "crop": "buckwheat" }, "geometry": { "type": "Polygon", "coordinates": [ [ [ 528756.393999999971129, 530352.550000000046566 ], [ 528752.049, 530311.900999999954365 ], [ 528750.258999999961816, 530292.618999999947846 ], [ 528739.393999999971129, 530224.50199999997858 ], [ 528727.756000000052154, 530226.84699999995064 ], [ 528740.218, 530298.897 ], [ 528740.172999999951571, 530316.824999999953434 ], [ 528740.462999999988824, 530326.577000000048429 ], [ 528742.684, 530336.618999999947846 ], [ 528749.538999999989755, 530373.40500000002794 ], [ 528751.46999999997206, 530386.922999999951571 ], [ 528754.066, 530400.304 ], [ 528766.435999999986961, 530392.908999999985099 ], [ 528762.518000000040047, 530380.422000000020489 ], [ 528756.393999999971129, 530352.550000000046566 ] ] ] } },
{ "type": "Feature", "properties": { "fid": 2420733, "crop": "buckwheat" }, "geometry": { "type": "Polygon", "coordinates": [ [ [ 546231.376000000047497, 522099.98599999997532 ], [ 546240.819000000017695, 522100.423 ], [ 546268.74800000002142, 522104.211000000010245 ], [ 546308.152, 522107.026000000012573 ], [ 546338.028999999980442, 522109.62400000001071 ], [ 546378.841999999945983, 522115.129000000015367 ], [ 546386.73499999998603, 522095.194000000017695 ], [ 546324.172999999951571, 522088.407 ], [ 546265.609000000054948, 522084.833999999973457 ], [ 546232.820000000065193, 522081.227000000013504 ], [ 546230.832999999984168, 522090.717 ], [ 546231.376000000047497, 522099.98599999997532 ] ] ] } },
{ "type": "Feature", "properties": { "fid": 38739, "crop": "buckwheat" }, "geometry": { "type": "Polygon", "coordinates": [ [ [ 523045.958999999973457, 528692.108 ], [ 523044.555, 528698.866000000038184 ], [ 523044.913999999989755, 528701.312000000034459 ], [ 523046.516, 528709.890999999945052 ], [ 523050.88, 528719.837999999988824 ], [ 523060.297000000020489, 528735.104999999981374 ], [ 523093.113000000012107, 528780.515999999945052 ], [ 523110.162000000011176, 528804.974999999976717 ], [ 523118.579000000027008, 528821.160999999963678 ], [ 523123.471000000019558, 528822.743999999947846 ], [ 523131.672000000020489, 528824.613999999943189 ], [ 523154.117000000027474, 528829.074000000022352 ], [ 523170.338999999978114, 528829.067000000039116 ], [ 523174.821, 528827.67000000004191 ], [ 523152.893999999971129, 528799.508000000030734 ], [ 523144.224999999976717, 528789.221000000019558 ], [ 523115.946999999985565, 528748.109000000054948 ], [ 523101.457999999984168, 528729.008000000030734 ], [ 523098.893999999971129, 528726.481000000028871 ], [ 523084.481000000028871, 528713.973 ], [ 523072.794999999983702, 528705.941 ], [ 523045.958999999973457, 528692.108 ] ] ] } },
{ "type": "Feature", "properties": { "fid": 538293, "crop": "buckwheat" }, "geometry": { "type": "Polygon", "coordinates": [ [ [ 556614.993000000016764, 551495.805999999982305 ], [ 556637.09499999997206, 551507.121000000042841 ], [ 556649.398000000044703, 551513.604999999981374 ], [ 556701.270000000018626, 551522.415999999968335 ], [ 556713.572999999974854, 551520.089000000036322 ], [ 556725.256000000052154, 551516.839000000036322 ], [ 556732.90500000002794, 551511.741000000038184 ], [ 556737.142, 551505.471000000019558 ], [ 556734.187999999965541, 551492.49 ], [ 556718.805999999982305, 551456.895000000018626 ], [ 556691.62699999997858, 551407.035000000032596 ], [ 556694.663999999989755, 551405.322999999974854 ], [ 556722.881000000052154, 551400.679 ], [ 556697.65300000004936, 551336.248999999952503 ], [ 556675.098, 551335.988000000012107 ], [ 556655.147, 551340.290000000037253 ], [ 556635.46999999997206, 551349.642 ], [ 556600.243999999947846, 551367.603 ], [ 556540.334999999962747, 551405.871000000042841 ], [ 556512.444000000017695, 551419.49 ], [ 556561.283000000054017, 551458.408000000054017 ], [ 556589.38, 551478.525000000023283 ], [ 556614.993000000016764, 551495.805999999982305 ] ] ] } },
{ "type": "Feature", "properties": { "fid": 204867, "crop": "buckwheat" }, "geometry": { "type": "Polygon", "coordinates": [ [ [ 523074.103, 532226.714999999967404 ], [ 523077.315, 532263.008000000030734 ], [ 523077.920999999972992, 532285.724000000045635 ], [ 523079.077999999979511, 532304.037999999942258 ], [ 523082.996999999973923, 532329.314000000013039 ], [ 523086.800999999977648, 532350.312000000034459 ], [ 523092.977000000013504, 532366.368000000016764 ], [ 523098.378000000026077, 532382.25 ], [ 523105.348, 532398.11199999996461 ], [ 523110.37599999998929, 532413.447999999974854 ], [ 523112.26500000001397, 532423.045999999972992 ], [ 523132.582999999984168, 532414.496999999973923 ], [ 523127.776000000012573, 532392.790999999968335 ], [ 523124.142999999981839, 532362.679 ], [ 523118.878000000026077, 532324.25199999997858 ], [ 523114.218, 532298.226999999955297 ], [ 523110.78000000002794, 532283.601999999955297 ], [ 523109.066999999980908, 532279.042999999946915 ], [ 523108.316, 532273.650999999954365 ], [ 523107.541000000026543, 532261.067999999970198 ], [ 523108.319000000017695, 532247.108 ], [ 523114.462, 532204.599999999976717 ], [ 523101.223999999987427, 532209.662000000011176 ], [ 523092.400000000023283, 532211.096000000019558 ], [ 523083.907, 532209.993000000016764 ], [ 523070.941, 532204.756999999983236 ], [ 523074.103, 532226.714999999967404 ] ] ] } },
{ "type": "Feature", "properties": { "fid": 31529, "crop": "buckwheat" }, "geometry": { "type": "Polygon", "coordinates": [ [ [ 557013.900000000023283, 549526.729999999981374 ], [ 557054.417000000015832, 549535.959999999962747 ], [ 557060.633999999961816, 549492.623999999952503 ], [ 557062.152, 549472.849999999976717 ], [ 557056.48499999998603, 549467.025999999954365 ], [ 557020.223, 549468.299 ], [ 556989.142, 549472.974999999976717 ], [ 557013.900000000023283, 549526.729999999981374 ] ] ] } },
{ "type": "Feature", "properties": { "fid": 2065512, "crop": "buckwheat" }, "geometry": { "type": "Polygon", "coordinates": [ [ [ 539727.533999999985099, 515936.25199999997858 ], [ 539726.214000000036322, 515950.723999999987427 ], [ 539776.86199999996461, 515952.396 ], [ 539805.305999999982305, 515955.01500000001397 ], [ 539838.829000000027008, 515957.744 ], [ 539848.697999999974854, 515958.51 ], [ 539875.314999999944121, 515960.995 ], [ 539889.922000000020489, 515962.434 ], [ 539911.39000000001397, 515965.090000000025611 ], [ 539951.572999999974854, 515968.718999999982771 ], [ 539960.182999999960884, 515966.924999999988358 ], [ 539967.537000000011176, 515962.261 ], [ 539986.729999999981374, 515948.091000000014901 ], [ 539990.62300000002142, 515945.06 ], [ 539995.518999999971129, 515939.481000000028871 ], [ 539997.17000000004191, 515936.23599999997532 ], [ 540002.692999999970198, 515921.943000000028405 ], [ 539945.386999999987893, 515913.637999999977183 ], [ 539925.022, 515910.196999999985565 ], [ 539901.598, 515907.489 ], [ 539885.201, 515905.788 ], [ 539840.39000000001397, 515902.68 ], [ 539789.915999999968335, 515900.356000000028871 ], [ 539762.023999999975786, 515899.141 ], [ 539761.349999999976717, 515903.577999999979511 ], [ 539758.593, 515906.744 ], [ 539753.383999999961816, 515908.88900000002468 ], [ 539745.501000000047497, 515910.49900000001071 ], [ 539742.591000000014901, 515911.663999999989755 ], [ 539735.574000000022352, 515921.337999999988824 ], [ 539727.533999999985099, 515936.25199999997858 ] ] ] } },
{ "type": "Feature", "properties": { "fid": 1775474, "crop": "buckwheat" }, "geometry": { "type": "Polygon", "coordinates": [ [ [ 556722.974000000045635, 551400.652 ], [ 556786.278999999980442, 551380.974000000045635 ], [ 556816.892, 551371.76300000003539 ], [ 556852.459000000031665, 551363.832999999984168 ], [ 556798.859000000054948, 551354.834999999962747 ], [ 556760.50199999997858, 551346.542999999946915 ], [ 556727.584000000031665, 551340.383000000030734 ], [ 556697.768000000040047, 551336.25 ], [ 556722.974000000045635, 551400.652 ] ] ] } },
{ "type": "Feature", "properties": { "fid": 1310974, "crop": "buckwheat" }, "geometry": { "type": "Polygon", "coordinates": [ [ [ 536361.089000000036322, 531680.616999999969266 ], [ 536362.525000000023283, 531695.136000000056811 ], [ 536362.365, 531702.316 ], [ 536362.446, 531702.327000000048429 ], [ 536362.447000000043772, 531702.245 ], [ 536371.621999999973923, 531703.562000000034459 ], [ 536378.959000000031665, 531704.550000000046566 ], [ 536378.650999999954365, 531697.650999999954365 ], [ 536375.037999999942258, 531640.430000000051223 ], [ 536370.184, 531591.743999999947846 ], [ 536353.270999999949709, 531604.190000000060536 ], [ 536361.089000000036322, 531680.616999999969266 ] ] ] } },
{ "type": "Feature", "properties": { "fid": 209419, "crop": "buckwheat" }, "geometry": { "type": "Polygon", "coordinates": [ [ [ 537478.827000000048429, 562409.405999999959022 ], [ 537494.822999999974854, 562385.893999999971129 ], [ 537511.057999999960884, 562363.160999999963678 ], [ 537498.196, 562345.913999999989755 ], [ 537483.49, 562325.459000000031665 ], [ 537432.643999999971129, 562329.231000000028871 ], [ 537449.082999999984168, 562353.532 ], [ 537478.827000000048429, 562409.405999999959022 ] ] ] } },
{ "type": "Feature", "properties": { "fid": 2416615, "crop": "buckwheat" }, "geometry": { "type": "Polygon", "coordinates": [ [ [ 550978.966999999945983, 516001.474999999976717 ], [ 550993.908000000054017, 515999.593 ], [ 551008.787000000011176, 516003.576 ], [ 551013.003000000026077, 515981.587999999988824 ], [ 551022.90300000004936, 515928.864 ], [ 551000.057999999960884, 515902.284999999974389 ], [ 550992.150999999954365, 515940.945 ], [ 550984.462999999988824, 515975.87 ], [ 550978.966999999945983, 516001.474999999976717 ] ] ] } },
{ "type": "Feature", "properties": { "fid": 1383472, "crop": "buckwheat" }, "geometry": { "type": "Polygon", "coordinates": [ [ [ 530048.59699999995064, 544341.621999999973923 ], [ 530051.520000000018626, 544349.567000000039116 ], [ 530065.261000000056811, 544370.782 ], [ 530060.336000000010245, 544374.964999999967404 ], [ 530046.153999999980442, 544354.165000000037253 ], [ 530043.696, 544340.550000000046566 ], [ 530019.424, 544341.542999999946915 ], [ 530042.947000000043772, 544376.057999999960884 ], [ 530068.723, 544413.211000000010245 ], [ 530077.302999999956228, 544422.221000000019558 ], [ 530103.591999999945983, 544425.152 ], [ 530137.25199999997858, 544427.753999999957159 ], [ 530119.702999999979511, 544410.118000000016764 ], [ 530100.037000000011176, 544388.150000000023283 ], [ 530077.745, 544358.865 ], [ 530068.118000000016764, 544345.82999999995809 ], [ 530048.59699999995064, 544341.621999999973923 ] ] ] } },
{ "type": "Feature", "properties": { "fid": 420092, "crop": "buckwheat" }, "geometry": { "type": "Polygon", "coordinates": [ [ [ 536203.618000000016764, 534253.310999999986961 ], [ 536223.63800000003539, 534288.297000000020489 ], [ 536244.087000000057742, 534319.719000000040978 ], [ 536251.745, 534329.652 ], [ 536284.302999999956228, 534376.802000000025146 ], [ 536294.993999999947846, 534374.62 ], [ 536312.810000000055879, 534369.300000000046566 ], [ 536304.788999999989755, 534358.320000000065193 ], [ 536279.930999999982305, 534323.714999999967404 ], [ 536252.856000000028871, 534286.172000000020489 ], [ 536241.060000000055879, 534267.142 ], [ 536230.133999999961816, 534245.525999999954365 ], [ 536228.327999999979511, 534240.481000000028871 ], [ 536214.327000000048429, 534237.685999999986961 ], [ 536196.064000000013039, 534235.464999999967404 ], [ 536203.618000000016764, 534253.310999999986961 ] ] ] } },
{ "type": "Feature", "properties": { "fid": 393516, "crop": "buckwheat" }, "geometry": { "type": "Polygon", "coordinates": [ [ [ 527505.09499999997206, 533992.478 ], [ 527492.395000000018626, 533961.947999999974854 ], [ 527478.922000000020489, 533959.922999999951571 ], [ 527461.050000000046566, 533959.084000000031665 ], [ 527472.908999999985099, 533986.625 ], [ 527475.11199999996461, 533991.383000000030734 ], [ 527484.525000000023283, 534014.799 ], [ 527505.574000000022352, 534067.638999999966472 ], [ 527531.829000000027008, 534064.935000000055879 ], [ 527527.562999999965541, 534051.680000000051223 ], [ 527518.452999999979511, 534027.050000000046566 ], [ 527505.09499999997206, 533992.478 ] ] ] } },
{ "type": "Feature", "properties": { "fid": 1794556, "crop": "buckwheat" }, "geometry": { "type": "Polygon", "coordinates": [ [ [ 527313.699999999953434, 534276.290000000037253 ], [ 527241.560000000055879, 534275.913999999989755 ], [ 527153.964999999967404, 534279.790000000037253 ], [ 527150.843, 534297.09499999997206 ], [ 527228.351999999955297, 534294.440000000060536 ], [ 527308.685000000055879, 534293.385 ], [ 527342.34699999995064, 534293.924 ], [ 527350.46999999997206, 534278.081 ], [ 527313.699999999953434, 534276.290000000037253 ] ] ] } },
{ "type": "Feature", "properties": { "fid": 756552, "crop": "buckwheat" }, "geometry": { "type": "Polygon", "coordinates": [ [ [ 560359.584000000031665, 533656.457000000053085 ], [ 560347.792999999946915, 533647.486000000033528 ], [ 560334.721000000019558, 533640.822000000043772 ], [ 560322.785000000032596, 533636.36199999996461 ], [ 560277.307000000029802, 533672.861000000033528 ], [ 560261.672000000020489, 533682.858 ], [ 560246.292999999946915, 533693.10999999998603 ], [ 560197.593, 533733.863999999943189 ], [ 560162.221000000019558, 533763.339999999967404 ], [ 560152.738000000012107, 533772.310999999986961 ], [ 560129.669, 533793.072999999974854 ], [ 560133.258000000030734, 533798.712000000057742 ], [ 560141.202999999979511, 533806.145000000018626 ], [ 560143.979000000050291, 533807.506999999983236 ], [ 560146.878000000026077, 533807.70499999995809 ], [ 560149.584000000031665, 533805.594000000040978 ], [ 560174.371000000042841, 533777.929 ], [ 560183.238999999943189, 533773.593 ], [ 560191.321, 533769.378000000026077 ], [ 560229.88800000003539, 533732.582999999984168 ], [ 560235.01500000001397, 533730.532 ], [ 560241.165999999968335, 533728.738000000012107 ], [ 560248.856000000028871, 533727.712999999988824 ], [ 560253.726000000024214, 533726.687000000034459 ], [ 560260.513999999966472, 533723.255 ], [ 560268.050999999977648, 533717.231999999959953 ], [ 560276.307999999960884, 533710.571 ], [ 560283.457999999984168, 533704.643999999971129 ], [ 560300.118999999947846, 533695.930000000051223 ], [ 560308.140999999945052, 533692.951 ], [ 560331.287999999942258, 533673.354999999981374 ], [ 560343.435999999986961, 533665.172000000020489 ], [ 560359.584000000031665, 533656.457000000053085 ] ] ] } },
{ "type": "Feature", "properties": { "fid": 1175141, "crop": "buckwheat" }, "geometry": { "type": "Polygon", "coordinates": [ [ [ 525930.434, 530928.59499999997206 ], [ 525924.116000000038184, 530980.081 ], [ 525956.729999999981374, 530994.508000000030734 ], [ 525957.388999999966472, 530982.111000000033528 ], [ 525958.581, 530962.638999999966472 ], [ 525959.457999999984168, 530942.957999999984168 ], [ 525960.459999999962747, 530932.642 ], [ 525964.968, 530902.270999999949709 ], [ 525970.547000000020489, 530865.608 ], [ 525981.598, 530809.140999999945052 ], [ 525996.930000000051223, 530720.322999999974854 ], [ 525966.381000000052154, 530713.231000000028871 ], [ 525950.390999999945052, 530808.998999999952503 ], [ 525934.280999999959022, 530899.636000000056811 ], [ 525930.434, 530928.59499999997206 ] ] ] } },
{ "type": "Feature", "properties": { "fid": 1780378, "crop": "buckwheat" }, "geometry": { "type": "Polygon", "coordinates": [ [ [ 521127.601000000024214, 531285.371000000042841 ], [ 521139.496999999973923, 531289.758999999961816 ], [ 521154.613000000012107, 531293.773000000044703 ], [ 521169.995999999984633, 531296.910000000032596 ], [ 521178.210000000020955, 531298.552000000025146 ], [ 521191.278, 531299.822000000043772 ], [ 521195.086000000010245, 531299.150000000023283 ], [ 521205.778999999980442, 531292.402 ], [ 521207.556999999971595, 531289.292999999946915 ], [ 521206.132999999972526, 531287.211000000010245 ], [ 521181.645000000018626, 531284.066 ], [ 521164.544999999983702, 531281.675999999977648 ], [ 521146.772999999986496, 531278.017 ], [ 521114.528, 531265.969000000040978 ], [ 521104.506999999983236, 531261.365 ], [ 521095.919999999983702, 531256.810000000055879 ], [ 521072.534999999974389, 531241.897 ], [ 521045.19, 531225.75 ], [ 521030.282, 531215.888999999966472 ], [ 521022.217, 531210.287999999942258 ], [ 521012.222, 531217.62699999997858 ], [ 521038.754000000015367, 531234.408000000054017 ], [ 521060.822999999974854, 531248.446 ], [ 521072.621999999973923, 531255.763999999966472 ], [ 521086.202999999979511, 531263.564999999944121 ], [ 521091.925999999977648, 531266.998999999952503 ], [ 521100.38, 531271.694000000017695 ], [ 521127.601000000024214, 531285.371000000042841 ] ] ] } },
{ "type": "Feature", "properties": { "fid": 752638, "crop": "buckwheat" }, "geometry": { "type": "Polygon", "coordinates": [ [ [ 530692.660000000032596, 517660.856000000028871 ], [ 530683.476000000024214, 517670.705000000016298 ], [ 530677.699999999953434, 517675.441 ], [ 530698.746999999973923, 517670.705000000016298 ], [ 530725.576, 517663.337999999988824 ], [ 530737.084999999962747, 517658.580000000016298 ], [ 530740.133999999961816, 517654.549 ], [ 530740.354999999981374, 517644.920999999972992 ], [ 530737.478, 517641.490999999979977 ], [ 530720.435999999986961, 517644.588999999978114 ], [ 530697.307999999960884, 517652.336000000010245 ], [ 530692.660000000032596, 517660.856000000028871 ] ] ] } },
{ "type": "Feature", "properties": { "fid": 248450, "crop": "buckwheat" }, "geometry": { "type": "Polygon", "coordinates": [ [ [ 560914.74800000002142, 530862.412999999942258 ], [ 560925.135, 530850.408999999985099 ], [ 560942.491999999969266, 530832.047999999951571 ], [ 560966.665000000037253, 530814.194000000017695 ], [ 560978.187999999965541, 530808.49800000002142 ], [ 561000.045999999972992, 530803.420999999972992 ], [ 561021.62300000002142, 530797.216000000014901 ], [ 561032.229999999981374, 530791.072999999974854 ], [ 561012.903999999980442, 530760.765999999945052 ], [ 560918.11199999996461, 530813.716000000014901 ], [ 560900.907, 530824.434 ], [ 560890.189000000013039, 530831.767 ], [ 560887.650000000023283, 530835.714999999967404 ], [ 560914.74800000002142, 530862.412999999942258 ] ] ] } },
{ "type": "Feature", "properties": { "fid": 579722, "crop": "buckwheat" }, "geometry": { "type": "Polygon", "coordinates": [ [ [ 557734.729000000050291, 550178.832000000053085 ], [ 557705.375, 550185.174 ], [ 557654.996000000042841, 550190.319000000017695 ], [ 557620.98499999998603, 550191.410000000032596 ], [ 557595.008000000030734, 550190.765999999945052 ], [ 557589.106000000028871, 550211.599000000045635 ], [ 557664.099000000045635, 550208.851000000024214 ], [ 557688.26, 550205.974000000045635 ], [ 557735.903999999980442, 550197.826 ], [ 557743.734000000054948, 550195.13800000003539 ], [ 557757.008999999961816, 550190.642 ], [ 557804.682000000029802, 550171.729999999981374 ], [ 557847.216999999945983, 550151.246999999973923 ], [ 557876.905999999959022, 550134.332999999984168 ], [ 557898.886999999987893, 550121.63 ], [ 557984.814000000013039, 550067.819000000017695 ], [ 558051.042999999946915, 550025.712000000057742 ], [ 558047.971000000019558, 550020.371000000042841 ], [ 558036.197999999974854, 550002.302999999956228 ], [ 557993.805999999982305, 550034.560999999986961 ], [ 557941.851000000024214, 550070.38800000003539 ], [ 557895.033000000054017, 550101.503999999957159 ], [ 557868.912999999942258, 550117.348 ], [ 557838.65300000004936, 550134.047999999951571 ], [ 557801.398999999975786, 550152.888999999966472 ], [ 557752.726999999955297, 550172.158000000054017 ], [ 557734.729000000050291, 550178.832000000053085 ] ] ] } },
{ "type": "Feature", "properties": { "fid": 473241, "crop": "buckwheat" }, "geometry": { "type": "Polygon", "coordinates": [ [ [ 551690.430999999982305, 536036.515999999945052 ], [ 551657.165999999968335, 536066.768000000040047 ], [ 551808.731999999959953, 536225.743999999947846 ], [ 551876.349000000045635, 536298.081 ], [ 551880.488000000012107, 536296.363000000012107 ], [ 551908.422999999951571, 536268.008999999961816 ], [ 551690.430999999982305, 536036.515999999945052 ] ] ] } },
{ "type": "Feature", "properties": { "fid": 660834, "crop": "buckwheat" }, "geometry": { "type": "Polygon", "coordinates": [ [ [ 552430.707000000053085, 526797.381000000052154 ], [ 552502.295999999972992, 526778.136000000056811 ], [ 552580.351999999955297, 526759.662000000011176 ], [ 552641.935000000055879, 526745.344000000040978 ], [ 552646.400000000023283, 526733.334999999962747 ], [ 552655.636999999987893, 526719.787000000011176 ], [ 552664.810000000055879, 526713.523000000044703 ], [ 552663.873999999952503, 526710.091000000014901 ], [ 552511.611000000033528, 526740.356999999959953 ], [ 552477.13800000003539, 526747.650999999954365 ], [ 552430.15500000002794, 526761.050000000046566 ], [ 552430.707000000053085, 526797.381000000052154 ] ] ] } },
{ "type": "Feature", "properties": { "fid": 1540275, "crop": "buckwheat" }, "geometry": { "type": "Polygon", "coordinates": [ [ [ 523234.73599999997532, 542392.209000000031665 ], [ 523310.455000000016298, 542461.810000000055879 ], [ 523330.424, 542480.819000000017695 ], [ 523379.392, 542532.577999999979511 ], [ 523386.44, 542529.897 ], [ 523386.309, 542529.675999999977648 ], [ 523376.028999999980442, 542498.224000000045635 ], [ 523363.668, 542468.790999999968335 ], [ 523360.805, 542466.008000000030734 ], [ 523338.191, 542443.70499999995809 ], [ 523258.316, 542370.73499999998603 ], [ 523234.73599999997532, 542392.209000000031665 ] ] ] } },
{ "type": "Feature", "properties": { "fid": 933994, "crop": "buckwheat" }, "geometry": { "type": "Polygon", "coordinates": [ [ [ 539741.023000000044703, 543899.13 ], [ 539770.192000000039116, 543891.599999999976717 ], [ 539743.555000000051223, 543600.314999999944121 ], [ 539714.886000000056811, 543627.636000000056811 ], [ 539702.111000000033528, 543645.319000000017695 ], [ 539694.126000000047497, 543666.650999999954365 ], [ 539693.351000000024214, 543691.986000000033528 ], [ 539700.557999999960884, 543765.179 ], [ 539702.371000000042841, 543790.604000000050291 ], [ 539712.569000000017695, 543902.136000000056811 ], [ 539741.023000000044703, 543899.13 ] ] ] } },
{ "type": "Feature", "properties": { "fid": 2356684, "crop": "buckwheat" }, "geometry": { "type": "Polygon", "coordinates": [ [ [ 558135.99800000002142, 561474.64000000001397 ], [ 558131.011999999987893, 561477.582000000053085 ], [ 558121.415999999968335, 561502.074000000022352 ], [ 558102.908999999985099, 561622.12 ], [ 558093.684, 561731.73699999996461 ], [ 558093.158000000054017, 561868.223 ], [ 558093.282, 561874.848 ], [ 558099.653999999980442, 561991.128999999957159 ], [ 558112.13, 562061.831 ], [ 558117.334999999962747, 562094.027 ], [ 558140.871000000042841, 562272.778999999980442 ], [ 558141.02800000004936, 562273.055999999982305 ], [ 558141.319000000017695, 562278.003999999957159 ], [ 558237.216999999945983, 562252.412999999942258 ], [ 558235.327999999979511, 562244.305000000051223 ], [ 558223.459999999962747, 562190.897 ], [ 558218.167999999946915, 562159.381000000052154 ], [ 558208.522, 562097.177999999956228 ], [ 558204.148000000044703, 562062.430000000051223 ], [ 558199.822999999974854, 562035.62300000002142 ], [ 558192.709999999962747, 561994.447999999974854 ], [ 558188.672999999951571, 561973.378000000026077 ], [ 558187.241000000038184, 561962.327999999979511 ], [ 558185.194000000017695, 561945.547999999951571 ], [ 558183.761999999987893, 561930.405999999959022 ], [ 558183.172000000020489, 561900.533000000054017 ], [ 558182.329000000027008, 561872.290999999968335 ], [ 558183.557000000029802, 561803.741000000038184 ], [ 558187.241000000038184, 561702.450000000069849 ], [ 558194.652, 561615.694000000017695 ], [ 558197.961000000010245, 561588.790999999968335 ], [ 558204.429, 561533.631999999983236 ], [ 558210.218, 561493.353 ], [ 558212.013999999966472, 561478.439000000013039 ], [ 558200.115, 561484.542000000015832 ], [ 558193.875, 561485.055000000051223 ], [ 558189.238000000012107, 561484.34499999997206 ], [ 558174.444999999948777, 561482.859000000054948 ], [ 558162.65500000002794, 561481.12 ], [ 558146.341999999945983, 561476.783999999985099 ], [ 558135.99800000002142, 561474.64000000001397 ] ] ] } },
{ "type": "Feature", "properties": { "fid": 2231034, "crop": "buckwheat" }, "geometry": { "type": "Polygon", "coordinates": [ [ [ 535824.074999999953434, 558082.633999999961816 ], [ 535825.892, 558083.520000000018626 ], [ 535827.474999999976717, 558084.185000000055879 ], [ 535888.782, 558049.003000000026077 ], [ 535878.449999999953434, 558023.454000000027008 ], [ 535834.751000000047497, 558037.631999999983236 ], [ 535827.199000000022352, 558051.667000000015832 ], [ 535822.712000000057742, 558063.089999999967404 ], [ 535821.582000000053085, 558077.45499999995809 ], [ 535824.074999999953434, 558082.633999999961816 ] ] ] } },
{ "type": "Feature", "properties": { "fid": 818919, "crop": "buckwheat" }, "geometry": { "type": "Polygon", "coordinates": [ [ [ 527469.812000000034459, 559728.611000000033528 ], [ 527516.669, 559701.42000000004191 ], [ 527569.006999999983236, 559667.550000000046566 ], [ 527572.537000000011176, 559652.128999999957159 ], [ 527571.832999999984168, 559646.564000000013039 ], [ 527464.719000000040978, 559718.971000000019558 ], [ 527469.812000000034459, 559728.611000000033528 ] ] ] } },
{ "type": "Feature", "properties": { "fid": 570546, "crop": "buckwheat" }, "geometry": { "type": "Polygon", "coordinates": [ [ [ 534375.167999999946915, 518804.636 ], [ 534384.913999999989755, 518807.979 ], [ 534414.079000000027008, 518815.351000000024214 ], [ 534448.719000000040978, 518823.778999999980442 ], [ 534459.903999999980442, 518826.954000000027008 ], [ 534481.066, 518831.941999999980908 ], [ 534498.229999999981374, 518835.245999999984633 ], [ 534524.297000000020489, 518839.802000000025146 ], [ 534574.935000000055879, 518845.696999999985565 ], [ 534595.434, 518847.108 ], [ 534604.528999999980442, 518847.608 ], [ 534656.057999999960884, 518854.98499999998603 ], [ 534665.481999999959953, 518855.848 ], [ 534672.675999999977648, 518854.98499999998603 ], [ 534679.03000000002794, 518853.435 ], [ 534683.395000000018626, 518849.590000000025611 ], [ 534605.537000000011176, 518837.882999999972526 ], [ 534576.476999999955297, 518834.837 ], [ 534517.042000000015832, 518827.371999999973923 ], [ 534502.01500000001397, 518825.193000000028405 ], [ 534454.736000000033528, 518815.598999999987427 ], [ 534432.609000000054948, 518810.31 ], [ 534381.359000000054948, 518797.230000000039581 ], [ 534376.238000000012107, 518801.25099999998929 ], [ 534375.167999999946915, 518804.636 ] ] ] } },
{ "type": "Feature", "properties": { "fid": 2012855, "crop": "buckwheat" }, "geometry": { "type": "Polygon", "coordinates": [ [ [ 554652.22199999995064, 550973.468 ], [ 554655.772, 550979.642 ], [ 554689.604000000050291, 551027.397 ], [ 554721.071, 551073.169 ], [ 554733.560000000055879, 551087.177000000025146 ], [ 554751.535000000032596, 551098.52800000004936 ], [ 554763.388999999966472, 551112.300999999977648 ], [ 554775.147, 551116.642 ], [ 554784.052000000025146, 551119.800999999977648 ], [ 554798.397, 551140.591000000014901 ], [ 554807.408999999985099, 551136.283999999985099 ], [ 554793.466999999945983, 551115.337000000057742 ], [ 554787.212000000057742, 551106.040000000037253 ], [ 554772.327000000048429, 551086.745 ], [ 554766.814000000013039, 551080.40500000002794 ], [ 554762.373999999952503, 551072.07999999995809 ], [ 554758.544, 551067.449000000022352 ], [ 554740.076, 551036.025000000023283 ], [ 554721.363000000012107, 551009.133000000030734 ], [ 554703.724999999976717, 550976.152 ], [ 554696.104000000050291, 550969.680999999982305 ], [ 554675.61199999996461, 550968.746000000042841 ], [ 554664.827999999979511, 550968.962000000057742 ], [ 554651.674, 550972.123999999952503 ], [ 554652.22199999995064, 550973.468 ] ] ] } },
{ "type": "Feature", "properties": { "fid": 2216965, "crop": "buckwheat" }, "geometry": { "type": "Polygon", "coordinates": [ [ [ 535210.454000000027008, 539816.596000000019558 ], [ 535212.773999999975786, 539823.060000000055879 ], [ 535216.841999999945983, 539837.305999999982305 ], [ 535250.466000000014901, 539901.690000000060536 ], [ 535319.229999999981374, 540026.505 ], [ 535328.951, 540029.424 ], [ 535430.538999999989755, 539993.415999999968335 ], [ 535450.464000000036322, 539996.922999999951571 ], [ 535478.721000000019558, 540006.667999999946915 ], [ 535503.162999999942258, 540017.503999999957159 ], [ 535380.478, 539794.767 ], [ 535356.873999999952503, 539802.753999999957159 ], [ 535327.570000000065193, 539805.11199999996461 ], [ 535210.454000000027008, 539816.596000000019558 ] ] ] } },
{ "type": "Feature", "properties": { "fid": 1775322, "crop": "buckwheat" }, "geometry": { "type": "Polygon", "coordinates": [ [ [ 556184.618999999947846, 551117.03000000002794 ], [ 556115.070000000065193, 551127.604000000050291 ], [ 556142.412999999942258, 551178.601000000024214 ], [ 556161.716000000014901, 551239.790000000037253 ], [ 556174.449000000022352, 551276.14000000001397 ], [ 556200.035999999963678, 551329.88800000003539 ], [ 556217.084999999962747, 551359.67000000004191 ], [ 556250.535999999963678, 551330.751000000047497 ], [ 556266.937999999965541, 551365.280999999959022 ], [ 556348.109000000054948, 551524.587000000057742 ], [ 556395.069000000017695, 551531.37 ], [ 556405.505, 551544.935999999986961 ], [ 556423.246000000042841, 551568.937999999965541 ], [ 556487.658000000054017, 551655.032 ], [ 556539.295999999972992, 551636.991999999969266 ], [ 556551.812999999965541, 551626.633000000030734 ], [ 556566.498999999952503, 551610.290999999968335 ], [ 556569.277, 551599.878000000026077 ], [ 556568.057000000029802, 551582.503000000026077 ], [ 556563.138999999966472, 551549.582000000053085 ], [ 556530.733, 551513.628999999957159 ], [ 556492.486000000033528, 551469.038999999989755 ], [ 556450.805000000051223, 551430.503000000026077 ], [ 556436.812000000034459, 551412.925000000046566 ], [ 556417.922000000020489, 551388.26 ], [ 556376.807000000029802, 551312.221000000019558 ], [ 556380.729999999981374, 551302.648999999975786 ], [ 556373.675999999977648, 551287.697999999974854 ], [ 556355.920999999972992, 551251.180999999982305 ], [ 556329.591000000014901, 551214.24800000002142 ], [ 556304.278999999980442, 551183.863000000012107 ], [ 556270.885, 551147.85999999998603 ], [ 556261.804, 551138.812999999965541 ], [ 556256.537000000011176, 551135.267 ], [ 556239.300000000046566, 551119.050999999977648 ], [ 556223.778999999980442, 551115.226999999955297 ], [ 556184.618999999947846, 551117.03000000002794 ] ] ] } },
{ "type": "Feature", "properties": { "fid": 2215448, "crop": "buckwheat" }, "geometry": { "type": "Polygon", "coordinates": [ [ [ 521014.382999999972526, 544356.484000000054948 ], [ 521047.744, 544333.709000000031665 ], [ 521084.74, 544304.420999999972992 ], [ 521107.050999999977648, 544285.234000000054948 ], [ 521135.283999999985099, 544258.599999999976717 ], [ 521155.892, 544235.59499999997206 ], [ 521173.504000000015367, 544216.241000000038184 ], [ 521212.859, 544170.699999999953434 ], [ 521223.444000000017695, 544159.446 ], [ 521246.156000000017229, 544136.392 ], [ 521292.93, 544093.415000000037253 ], [ 521338.593999999982771, 544048.540999999968335 ], [ 521346.407, 544041.261000000056811 ], [ 521380.35999999998603, 544009.799 ], [ 521386.489, 544004.949000000022352 ], [ 521382.522999999986496, 543994.292000000015832 ], [ 521338.322999999974854, 544034.949999999953434 ], [ 521261.074000000022352, 544107.844000000040978 ], [ 521232.870999999984633, 544134.557000000029802 ], [ 521209.830000000016298, 544157.341000000014901 ], [ 521186.495999999984633, 544183.432000000029802 ], [ 521145.75, 544227.993999999947846 ], [ 521145.102000000013504, 544228.547999999951571 ], [ 521135.770000000018626, 544238.908000000054017 ], [ 521114.695, 544257.640999999945052 ], [ 521088.104, 544282.82999999995809 ], [ 521052.069000000017695, 544312.381999999983236 ], [ 521040.230000000039581, 544320.866000000038184 ], [ 521028.074000000022352, 544329.246999999973923 ], [ 521026.43, 544329.792000000015832 ], [ 521023.213999999978114, 544331.871999999973923 ], [ 521019.697999999974854, 544345.14000000001397 ], [ 521014.382999999972526, 544356.484000000054948 ] ] ] } },
{ "type": "Feature", "properties": { "fid": 1278422, "crop": "buckwheat" }, "geometry": { "type": "Polygon", "coordinates": [ [ [ 557815.280999999959022, 558608.922000000020489 ], [ 557808.827000000048429, 558610.974999999976717 ], [ 557787.118000000016764, 558619.287000000011176 ], [ 557768.440000000060536, 558625.25199999997858 ], [ 557734.285000000032596, 558635.829000000027008 ], [ 557710.060000000055879, 558643.930000000051223 ], [ 557719.317999999970198, 558656.763999999966472 ], [ 557765.037000000011176, 558642.517 ], [ 557807.48699999996461, 558627.464000000036322 ], [ 557818.28000000002794, 558622.995 ], [ 557815.280999999959022, 558608.922000000020489 ] ] ] } },
{ "type": "Feature", "properties": { "fid": 2274238, "crop": "buckwheat" }, "geometry": { "type": "Polygon", "coordinates": [ [ [ 546632.787000000011176, 540274.670999999972992 ], [ 546643.167999999946915, 540278.832000000053085 ], [ 546672.430000000051223, 540292.785000000032596 ], [ 546694.983, 540302.929 ], [ 546709.454000000027008, 540309.616999999969266 ], [ 546726.363999999943189, 540321.030999999959022 ], [ 546746.800999999977648, 540338.952999999979511 ], [ 546755.603, 540348.751000000047497 ], [ 546763.270000000018626, 540359.922000000020489 ], [ 546771.047999999951571, 540374.160999999963678 ], [ 546785.331, 540404.386999999987893 ], [ 546802.104999999981374, 540431.956 ], [ 546816.408999999985099, 540452.505 ], [ 546822.712000000057742, 540462.12699999997858 ], [ 546840.136999999987893, 540441.589000000036322 ], [ 546859.98499999998603, 540425.782 ], [ 546826.731999999959953, 540373.435000000055879 ], [ 546810.785999999963678, 540344.591999999945983 ], [ 546796.988000000012107, 540320.922000000020489 ], [ 546779.294, 540293.207999999984168 ], [ 546772.052000000025146, 540284.662000000011176 ], [ 546761.128000000026077, 540274.071 ], [ 546743.155999999959022, 540261.495 ], [ 546707.440000000060536, 540242.959000000031665 ], [ 546705.01300000003539, 540243.956 ], [ 546692.273000000044703, 540244.084999999962747 ], [ 546670.042999999946915, 540244.084999999962747 ], [ 546655.613000000012107, 540246.29500000004191 ], [ 546644.172999999951571, 540251.365 ], [ 546636.113000000012107, 540262.155999999959022 ], [ 546633.511999999987893, 540268.785999999963678 ], [ 546632.731999999959953, 540272.816 ], [ 546632.787000000011176, 540274.670999999972992 ] ] ] } },
{ "type": "Feature", "properties": { "fid": 2108748, "crop": "buckwheat" }, "geometry": { "type": "Polygon", "coordinates": [ [ [ 525334.23499999998603, 558386.060000000055879 ], [ 525427.108, 558347.346000000019558 ], [ 525431.824000000022352, 558345.106999999959953 ], [ 525441.912999999942258, 558338.177999999956228 ], [ 525458.422999999951571, 558310.111000000033528 ], [ 525469.209999999962747, 558283.255 ], [ 525472.354999999981374, 558274.998999999952503 ], [ 525481.756999999983236, 558232.814000000013039 ], [ 525478.410000000032596, 558233.73499999998603 ], [ 525474.854000000050291, 558234.162000000011176 ], [ 525460.48699999996461, 558242.696 ], [ 525445.125, 558251.37300000002142 ], [ 525426.491000000038184, 558259.481000000028871 ], [ 525409.919, 558265.447000000043772 ], [ 525401.437999999965541, 558293.941 ], [ 525396.334999999962747, 558302.581 ], [ 525379.834999999962747, 558321.356999999959953 ], [ 525368.028999999980442, 558332.025000000023283 ], [ 525365.218, 558341.299 ], [ 525357.344000000040978, 558347.451 ], [ 525351.153999999980442, 558350.292999999946915 ], [ 525339.574999999953434, 558368.248999999952503 ], [ 525335.523000000044703, 558377.731999999959953 ], [ 525334.23499999998603, 558386.060000000055879 ] ], [ [ 525416.533999999985099, 558306.278999999980442 ], [ 525413.596000000019558, 558308.660999999963678 ], [ 525410.275000000023283, 558307.844000000040978 ], [ 525408.853, 558304.714000000036322 ], [ 525412.836000000010245, 558300.305000000051223 ], [ 525422.508000000030734, 558297.175000000046566 ], [ 525427.344000000040978, 558295.268000000040047 ], [ 525428.755, 558298.167999999946915 ], [ 525426.361000000033528, 558299.189000000013039 ], [ 525420.255, 558302.481000000028871 ], [ 525416.533999999985099, 558306.278999999980442 ] ], [ [ 525416.248999999952503, 558340.133000000030734 ], [ 525420.517, 558337.856999999959953 ], [ 525422.792999999946915, 558342.550999999977648 ], [ 525417.53000000002794, 558344.542000000015832 ], [ 525416.248999999952503, 558340.133000000030734 ] ] ] } },
{ "type": "Feature", "properties": { "fid": 2420394, "crop": "grain_maize_corn_popcorn" }, "geometry": { "type": "Polygon", "coordinates": [ [ [ 554827.415999999968335, 512474.629000000015367 ], [ 554832.447999999974854, 512485.131 ], [ 554857.988999999943189, 512470.572999999974854 ], [ 554884.204000000027008, 512454.62400000001071 ], [ 554904.452999999979511, 512440.336000000010245 ], [ 554938.712000000057742, 512419.096000000019558 ], [ 554967.032, 512400.14000000001397 ], [ 554983.587000000057742, 512387.208999999973457 ], [ 554983.093, 512386.5 ], [ 554995.008999999961816, 512382.12300000002142 ], [ 555015.153999999980442, 512361.114 ], [ 555026.072000000043772, 512347.10999999998603 ], [ 555035.148999999975786, 512332.356000000028871 ], [ 555053.435999999986961, 512300.458999999973457 ], [ 555059.785999999963678, 512281.995 ], [ 555051.993999999947846, 512252.843999999982771 ], [ 555045.162000000011176, 512237.136 ], [ 555038.248999999952503, 512223.976000000024214 ], [ 555030.540999999968335, 512228.077 ], [ 554994.949000000022352, 512253.587 ], [ 554977.687000000034459, 512268.571 ], [ 554986.528999999980442, 512293.07 ], [ 554987.667000000015832, 512299.526000000012573 ], [ 554995.998999999952503, 512324.465000000025611 ], [ 554997.277, 512338.047000000020489 ], [ 554994.182999999960884, 512370.348 ], [ 554988.979000000050291, 512327.606000000028871 ], [ 554984.321, 512307.267 ], [ 554980.13800000003539, 512297.821 ], [ 554975.03000000002794, 512286.18 ], [ 554948.511999999987893, 512305.443000000028405 ], [ 554946.241000000038184, 512310.147 ], [ 554952.07999999995809, 512332.365999999979977 ], [ 554954.881999999983236, 512346.017 ], [ 554893.49, 512387.350000000034925 ], [ 554894.175000000046566, 512403.566 ], [ 554877.275000000023283, 512414.528 ], [ 554850.26, 512430.78000000002794 ], [ 554828.005, 512442.590000000025611 ], [ 554818.807000000029802, 512447.645000000018626 ], [ 554827.415999999968335, 512474.629000000015367 ] ] ] } },
{ "type": "Feature", "properties": { "fid": 1117097, "crop": "grain_maize_corn_popcorn" }, "geometry": { "type": "Polygon", "coordinates": [ [ [ 551526.190000000060536, 550059.152 ], [ 551517.76300000003539, 550073.77800000004936 ], [ 551524.709000000031665, 550078.854000000050291 ], [ 551533.300000000046566, 550080.794 ], [ 551568.432000000029802, 550082.560999999986961 ], [ 551607.71999999997206, 550083.785999999963678 ], [ 551608.699999999953434, 550068.62 ], [ 551614.746000000042841, 550056.917999999946915 ], [ 551631.908999999985099, 550040.729999999981374 ], [ 551642.82999999995809, 550020.25199999997858 ], [ 551659.182000000029802, 550001.432000000029802 ], [ 551629.238000000012107, 549992.066 ], [ 551595.756000000052154, 549981.537999999942258 ], [ 551551.692000000039116, 550031.300000000046566 ], [ 551526.190000000060536, 550059.152 ] ] ] } },
{ "type": "Feature", "properties": { "fid": 1793782, "crop": "grain_maize_corn_popcorn" }, "geometry": { "type": "Polygon", "coordinates": [ [ [ 552775.709000000031665, 544956.903999999980442 ], [ 552794.316, 544939.103 ], [ 552809.508000000030734, 544927.479000000050291 ], [ 552839.241000000038184, 544912.09499999997206 ], [ 552879.599999999976717, 544896.479999999981374 ], [ 552884.675000000046566, 544894.474999999976717 ], [ 552899.952999999979511, 544889.140999999945052 ], [ 552923.04500000004191, 544881.243000000016764 ], [ 552923.116999999969266, 544877.797000000020489 ], [ 552923.057999999960884, 544877.816 ], [ 552923.071, 544874.38800000003539 ], [ 552923.724000000045635, 544840.444999999948777 ], [ 552925.241000000038184, 544776.26300000003539 ], [ 552924.49, 544756.721000000019558 ], [ 552924.606999999959953, 544734.392 ], [ 552926.361000000033528, 544721.299 ], [ 552927.13, 544714.268999999971129 ], [ 552927.939000000013039, 544700.033000000054017 ], [ 552932.189000000013039, 544648.912000000011176 ], [ 552935.846000000019558, 544592.327999999979511 ], [ 552935.964999999967404, 544591.047999999951571 ], [ 552943.059, 544503.63 ], [ 552946.243999999947846, 544476.17000000004191 ], [ 552940.506000000052154, 544470.696 ], [ 552921.143999999971129, 544457.035000000032596 ], [ 552908.108, 544458.496999999973923 ], [ 552896.962999999988824, 544457.785999999963678 ], [ 552889.606000000028871, 544456.224999999976717 ], [ 552869.032, 544449.113000000012107 ], [ 552854.62, 544444.537000000011176 ], [ 552842.618000000016764, 544440.393999999971129 ], [ 552843.935999999986961, 544422.488999999943189 ], [ 552840.822000000043772, 544420.441 ], [ 552814.32999999995809, 544402.572000000043772 ], [ 552811.839999999967404, 544403.638999999966472 ], [ 552810.180000000051223, 544411.743000000016764 ], [ 552801.807000000029802, 544485.78000000002794 ], [ 552797.292000000015832, 544542.824000000022352 ], [ 552796.385, 544572.316 ], [ 552789.25199999997858, 544714.560999999986961 ], [ 552789.116000000038184, 544735.579000000027008 ], [ 552790.108, 544771.103 ], [ 552787.973, 544826.403999999980442 ], [ 552786.692000000039116, 544882.773000000044703 ], [ 552779.645999999949709, 544920.138999999966472 ], [ 552775.709000000031665, 544956.903999999980442 ] ] ] } },
{ "type": "Feature", "properties": { "fid": 1853397, "crop": "grain_maize_corn_popcorn" }, "geometry": { "type": "Polygon", "coordinates": [ [ [ 556001.356999999959953, 512866.74 ], [ 556025.446, 512848.723999999987427 ], [ 556056.087999999988824, 512818.082 ], [ 556101.557000000029802, 512773.601000000024214 ], [ 556112.101000000024214, 512759.762999999977183 ], [ 556126.927999999956228, 512739.005 ], [ 556149.332999999984168, 512713.963999999978114 ], [ 556173.701, 512688.24800000002142 ], [ 556191.974000000045635, 512665.979 ], [ 556209.616000000038184, 512644.011 ], [ 556194.743000000016764, 512630.441999999980908 ], [ 556180.935999999986961, 512619.988000000012107 ], [ 556165.616000000038184, 512640.585000000020955 ], [ 556149.40500000002794, 512658.478 ], [ 556112.314000000013039, 512703.189000000013039 ], [ 556074.648000000044703, 512750.055999999982305 ], [ 556030.643999999971129, 512796.598999999987427 ], [ 555982.680999999982305, 512841.753000000026077 ], [ 556001.356999999959953, 512866.74 ] ] ] } },
{ "type": "Feature", "properties": { "fid": 1967292, "crop": "grain_maize_corn_popcorn" }, "geometry": { "type": "Polygon", "coordinates": [ [ [ 553483.037000000011176, 514089.568000000028405 ], [ 553485.174, 514099.968 ], [ 553490.440000000060536, 514115.990999999979977 ], [ 553497.694000000017695, 514129.167000000015832 ], [ 553501.726999999955297, 514132.662000000011176 ], [ 553505.288999999989755, 514132.995999999984633 ], [ 553545.241000000038184, 514111.406000000017229 ], [ 553573.508000000030734, 514093.711000000010245 ], [ 553636.62300000002142, 514052.762999999977183 ], [ 553661.312999999965541, 514038.402 ], [ 553675.633999999961816, 514031.865999999979977 ], [ 553682.457999999984168, 514029.164999999979045 ], [ 553710.836000000010245, 514022.043 ], [ 553725.787999999942258, 514016.694000000017695 ], [ 553758.070000000065193, 514004.160000000032596 ], [ 553765.589000000036322, 514000.119 ], [ 553777.587999999988824, 513995.358 ], [ 553787.78000000002794, 513993.62599999998929 ], [ 553805.435000000055879, 513992.403 ], [ 553817.893999999971129, 513989.992000000027474 ], [ 553889.574999999953434, 513981.397999999986496 ], [ 553889.341000000014901, 513978.528999999980442 ], [ 553879.366999999969266, 513972.580000000016298 ], [ 553860.430999999982305, 513958.048 ], [ 553836.48699999996461, 513937.060999999986961 ], [ 553818.336000000010245, 513941.825000000011642 ], [ 553803.604000000050291, 513944.086000000010245 ], [ 553703.082000000053085, 513965.59499999997206 ], [ 553656.964999999967404, 513977.268999999971129 ], [ 553615.591999999945983, 513997.755 ], [ 553607.192999999970198, 514001.685999999986961 ], [ 553597.540999999968335, 514007.544999999983702 ], [ 553547.689000000013039, 514043.082999999984168 ], [ 553503.724000000045635, 514069.534999999974389 ], [ 553482.535000000032596, 514081.068000000028405 ], [ 553483.037000000011176, 514089.568000000028405 ] ] ] } },
{ "type": "Feature", "properties": { "fid": 478311, "crop": "grain_maize_corn_popcorn" }, "geometry": { "type": "Polygon", "coordinates": [ [ [ 554428.849999999976717, 511992.615999999979977 ], [ 554485.947000000043772, 511983.631999999983236 ], [ 554493.017, 511979.01 ], [ 554504.979999999981374, 511974.115 ], [ 554528.243999999947846, 511969.357000000018161 ], [ 554541.712999999988824, 511970.031000000017229 ], [ 554555.317000000039116, 511971.782 ], [ 554558.689000000013039, 511965.517999999981839 ], [ 554561.51300000003539, 511952.924 ], [ 554559.63800000003539, 511938.40500000002794 ], [ 554545.97199999995064, 511934.795999999972992 ], [ 554532.447999999974854, 511929.191 ], [ 554517.724999999976717, 511924.064000000013039 ], [ 554512.650999999954365, 511923.604 ], [ 554497.726000000024214, 511923.604 ], [ 554476.900999999954365, 511926.033999999985099 ], [ 554454.341000000014901, 511929.158 ], [ 554433.148999999975786, 511932.316 ], [ 554428.849999999976717, 511992.615999999979977 ] ] ] } },
{ "type": "Feature", "properties": { "fid": 932428, "crop": "grain_maize_corn_popcorn" }, "geometry": { "type": "Polygon", "coordinates": [ [ [ 556692.511999999987893, 549363.366000000038184 ], [ 556589.273999999975786, 549364.218 ], [ 556548.97199999995064, 549376.479999999981374 ], [ 556560.207000000053085, 549400.532 ], [ 556697.692999999970198, 549374.444000000017695 ], [ 556692.511999999987893, 549363.366000000038184 ] ] ] } },
{ "type": "Feature", "properties": { "fid": 1824503, "crop": "grain_maize_corn_popcorn" }, "geometry": { "type": "Polygon", "coordinates": [ [ [ 559716.780999999959022, 516555.950000000011642 ], [ 559720.635, 516626.973999999987427 ], [ 559721.584000000031665, 516643.910000000032596 ], [ 559731.172999999951571, 516710.191 ], [ 559740.040999999968335, 516759.418 ], [ 559746.348, 516788.041000000026543 ], [ 559749.642, 516809.967 ], [ 559747.194000000017695, 516949.016 ], [ 559747.267, 516976.011 ], [ 559751.326, 517008.36099999997532 ], [ 559753.944000000017695, 517017.261999999987893 ], [ 559786.229999999981374, 516995.098 ], [ 559805.427000000025146, 517012.375 ], [ 559844.508999999961816, 516987.525000000023283 ], [ 559890.59499999997206, 516953.484 ], [ 559931.724000000045635, 516921.146 ], [ 559945.790000000037253, 516911.591000000014901 ], [ 559953.246999999973923, 516905.743000000016764 ], [ 559961.275000000023283, 516917.087 ], [ 559998.035999999963678, 516898.359 ], [ 559998.893999999971129, 516700.893999999971129 ], [ 559997.934, 516701.294999999983702 ], [ 559990.947999999974854, 516704.387999999977183 ], [ 559927.263999999966472, 516736.06 ], [ 559926.701, 516734.443000000028405 ], [ 559837.321, 516776.055 ], [ 559825.256999999983236, 516735.034999999974389 ], [ 559808.454000000027008, 516687.346000000019558 ], [ 559803.09499999997206, 516632.064000000013039 ], [ 559790.957999999984168, 516549.042000000015832 ], [ 559717.0, 516554.642 ], [ 559716.780999999959022, 516555.950000000011642 ] ] ] } },
{ "type": "Feature", "properties": { "fid": 1980151, "crop": "grain_maize_corn_popcorn" }, "geometry": { "type": "Polygon", "coordinates": [ [ [ 552768.532, 515486.531000000017229 ], [ 552812.457999999984168, 515483.07 ], [ 552864.082999999984168, 515476.382999999972526 ], [ 552915.197999999974854, 515465.924999999988358 ], [ 552925.821, 515463.50099999998929 ], [ 552980.885, 515447.944000000017695 ], [ 553031.48499999998603, 515435.436999999976251 ], [ 553040.09499999997206, 515432.822999999974854 ], [ 553051.180000000051223, 515427.188000000023749 ], [ 553087.603, 515413.191999999980908 ], [ 553116.47199999995064, 515401.804 ], [ 553134.871000000042841, 515395.294 ], [ 553180.189000000013039, 515382.457 ], [ 553199.858, 515376.78000000002794 ], [ 553198.057999999960884, 515364.631999999983236 ], [ 553162.145000000018626, 515375.768999999971129 ], [ 553128.172999999951571, 515387.528999999980442 ], [ 553076.15300000004936, 515404.463999999978114 ], [ 553053.861000000033528, 515411.483 ], [ 552980.268000000040047, 515429.396 ], [ 552895.162999999942258, 515451.552000000025146 ], [ 552858.941, 515458.669999999983702 ], [ 552805.008000000030734, 515468.973 ], [ 552768.422999999951571, 515470.716000000014901 ], [ 552768.532, 515486.531000000017229 ] ] ] } },
{ "type": "Feature", "properties": { "fid": 1850302, "crop": "grain_maize_corn_popcorn" }, "geometry": { "type": "Polygon", "coordinates": [ [ [ 547269.699000000022352, 521840.157 ], [ 547275.800999999977648, 521809.441 ], [ 547280.023999999975786, 521782.62599999998929 ], [ 547293.934, 521725.712999999988824 ], [ 547309.223, 521674.049999999988358 ], [ 547315.060000000055879, 521654.23599999997532 ], [ 547323.603, 521620.468999999982771 ], [ 547336.900000000023283, 521555.697999999974854 ], [ 547336.70499999995809, 521547.646 ], [ 547312.991000000038184, 521554.180999999982305 ], [ 547303.687000000034459, 521604.199000000022352 ], [ 547298.312999999965541, 521637.98599999997532 ], [ 547289.996000000042841, 521666.223999999987427 ], [ 547277.856000000028871, 521698.299999999988358 ], [ 547271.792999999946915, 521720.968999999982771 ], [ 547262.040000000037253, 521762.615999999979977 ], [ 547254.373999999952503, 521808.276000000012573 ], [ 547249.966999999945983, 521831.816999999980908 ], [ 547260.74800000002142, 521838.12300000002142 ], [ 547269.699000000022352, 521840.157 ] ] ] } },
{ "type": "Feature", "properties": { "fid": 2312004, "crop": "grain_maize_corn_popcorn" }, "geometry": { "type": "Polygon", "coordinates": [ [ [ 552525.608, 547832.756000000052154 ], [ 552512.785999999963678, 547781.498999999952503 ], [ 552506.349999999976717, 547752.625 ], [ 552501.48699999996461, 547719.631999999983236 ], [ 552493.437000000034459, 547687.287999999942258 ], [ 552461.658000000054017, 547689.525000000023283 ], [ 552445.92000000004191, 547687.324999999953434 ], [ 552458.09499999997206, 547760.37300000002142 ], [ 552464.038999999989755, 547786.24 ], [ 552471.775000000023283, 547818.969000000040978 ], [ 552478.008000000030734, 547837.407 ], [ 552525.608, 547832.756000000052154 ] ] ] } },
{ "type": "Feature", "properties": { "fid": 478012, "crop": "grain_maize_corn_popcorn" }, "geometry": { "type": "Polygon", "coordinates": [ [ [ 554125.256999999983236, 511635.977000000013504 ], [ 554141.839000000036322, 511645.532 ], [ 554163.73699999996461, 511652.908999999985099 ], [ 554216.932000000029802, 511664.362000000022817 ], [ 554228.60999999998603, 511666.802000000025146 ], [ 554238.022, 511666.628000000026077 ], [ 554242.729000000050291, 511666.454000000027008 ], [ 554278.157, 511651.272 ], [ 554275.317000000039116, 511635.302000000025146 ], [ 554266.957000000053085, 511594.118000000016764 ], [ 554260.052000000025146, 511560.799999999988358 ], [ 554255.775000000023283, 511507.664999999979045 ], [ 554224.077999999979511, 511498.598999999987427 ], [ 554199.675999999977648, 511493.37 ], [ 554187.648999999975786, 511492.150000000023283 ], [ 554183.316, 511505.646 ], [ 554167.952000000048429, 511536.946 ], [ 554161.53000000002794, 511550.804 ], [ 554138.488000000012107, 511603.761999999987893 ], [ 554125.256999999983236, 511635.977000000013504 ] ] ] } },
{ "type": "Feature", "properties": { "fid": 89636, "crop": "grain_maize_corn_popcorn" }, "geometry": { "type": "Polygon", "coordinates": [ [ [ 558734.267, 520760.365 ], [ 558729.663999999989755, 520774.957 ], [ 558772.332000000053085, 520794.488000000012107 ], [ 558778.011999999987893, 520786.59499999997206 ], [ 558844.334999999962747, 520761.946999999985565 ], [ 558855.121000000042841, 520793.685999999986961 ], [ 558893.662999999942258, 520775.052000000025146 ], [ 558924.761999999987893, 520759.696999999985565 ], [ 558932.976999999955297, 520754.583999999973457 ], [ 558942.843, 520747.516 ], [ 558927.072000000043772, 520719.525000000023283 ], [ 558852.800999999977648, 520751.952 ], [ 558805.206, 520721.395000000018626 ], [ 558758.133999999961816, 520693.963999999978114 ], [ 558743.86199999996461, 520720.900000000023283 ], [ 558741.312000000034459, 520727.59499999997206 ], [ 558739.201, 520742.805 ], [ 558736.212000000057742, 520755.342 ], [ 558734.267, 520760.365 ] ] ] } },
{ "type": "Feature", "properties": { "fid": 2042676, "crop": "grain_maize_corn_popcorn" }, "geometry": { "type": "Polygon", "coordinates": [ [ [ 539278.817000000039116, 533476.300000000046566 ], [ 539270.699999999953434, 533453.712999999988824 ], [ 539244.23699999996461, 533375.964000000036322 ], [ 539224.895000000018626, 533318.753000000026077 ], [ 539208.761000000056811, 533266.839000000036322 ], [ 539196.50199999997858, 533222.417000000015832 ], [ 539179.020999999949709, 533159.386999999987893 ], [ 539160.234000000054948, 533088.611000000033528 ], [ 539136.941, 533107.316 ], [ 539162.015999999945052, 533194.143999999971129 ], [ 539178.087000000057742, 533250.577000000048429 ], [ 539203.12699999997858, 533334.667000000015832 ], [ 539217.093, 533376.474999999976717 ], [ 539232.464999999967404, 533423.427999999956228 ], [ 539253.545999999972992, 533490.802000000025146 ], [ 539270.792000000015832, 533481.218 ], [ 539278.817000000039116, 533476.300000000046566 ] ] ] } },
{ "type": "Feature", "properties": { "fid": 477563, "crop": "grain_maize_corn_popcorn" }, "geometry": { "type": "Polygon", "coordinates": [ [ [ 554034.689000000013039, 515991.62400000001071 ], [ 554036.006000000052154, 516016.436999999976251 ], [ 554035.547000000020489, 516026.076 ], [ 554262.496999999973923, 515970.754000000015367 ], [ 554255.214000000036322, 515959.680999999982305 ], [ 554251.084999999962747, 515952.99 ], [ 554244.050000000046566, 515937.521 ], [ 554140.631000000052154, 515962.868000000016764 ], [ 554052.13800000003539, 515987.088999999978114 ], [ 554034.689000000013039, 515991.62400000001071 ] ] ] } },
{ "type": "Feature", "properties": { "fid": 1385663, "crop": "grain_maize_corn_popcorn" }, "geometry": { "type": "Polygon", "coordinates": [ [ [ 511450.452, 522683.043 ], [ 511429.886999999987893, 522692.141 ], [ 511453.560999999986961, 522691.754000000015367 ], [ 511523.031000000017229, 522696.590000000025611 ], [ 511606.351000000024214, 522699.887999999977183 ], [ 511658.454000000027008, 522697.689000000013039 ], [ 511691.210000000020955, 522699.887999999977183 ], [ 511717.591000000014901, 522702.526000000012573 ], [ 511734.040000000037253, 522700.424999999988358 ], [ 511749.24800000002142, 522702.305999999982305 ], [ 511741.114, 522658.118000000016764 ], [ 511702.202, 522655.040000000037253 ], [ 511686.813000000023749, 522653.281000000017229 ], [ 511658.234, 522650.858 ], [ 511615.35999999998603, 522647.617000000027474 ], [ 511570.117000000027474, 522650.919999999983702 ], [ 511560.62400000001071, 522650.863000000012107 ], [ 511536.661000000021886, 522659.436999999976251 ], [ 511450.452, 522683.043 ] ] ] } },
{ "type": "Feature", "properties": { "fid": 2319124, "crop": "grain_maize_corn_popcorn" }, "geometry": { "type": "Polygon", "coordinates": [ [ [ 560490.79500000004191, 542849.067999999970198 ], [ 560506.876000000047497, 542861.613999999943189 ], [ 560521.59699999995064, 542872.194000000017695 ], [ 560555.998999999952503, 542890.954000000027008 ], [ 560807.633000000030734, 542709.28000000002794 ], [ 561023.878000000026077, 542665.145999999949709 ], [ 561008.90300000004936, 542591.158999999985099 ], [ 560974.584000000031665, 542597.822000000043772 ], [ 560936.353, 542601.800000000046566 ], [ 560866.344000000040978, 542615.61199999996461 ], [ 560827.074999999953434, 542626.844000000040978 ], [ 560778.694999999948777, 542645.148000000044703 ], [ 560758.805999999982305, 542654.601999999955297 ], [ 560736.694000000017695, 542666.400999999954365 ], [ 560702.988000000012107, 542686.123999999952503 ], [ 560638.726000000024214, 542732.067999999970198 ], [ 560577.672000000020489, 542776.805999999982305 ], [ 560514.996999999973923, 542820.78000000002794 ], [ 560492.356999999959953, 542838.202000000048429 ], [ 560488.935999999986961, 542842.753000000026077 ], [ 560490.79500000004191, 542849.067999999970198 ] ] ] } },
{ "type": "Feature", "properties": { "fid": 2320622, "crop": "grain_maize_corn_popcorn" }, "geometry": { "type": "Polygon", "coordinates": [ [ [ 560338.353, 543577.652 ], [ 560354.343, 543572.907 ], [ 560369.23699999996461, 543567.133999999961816 ], [ 560381.013999999966472, 543561.01500000001397 ], [ 560392.327999999979511, 543553.51 ], [ 560418.086000000010245, 543532.033000000054017 ], [ 560308.473, 542990.518000000040047 ], [ 560241.348, 542989.081 ], [ 560219.745, 542991.663999999989755 ], [ 560338.353, 543577.652 ] ] ] } },
{ "type": "Feature", "properties": { "fid": 656155, "crop": "grain_maize_corn_popcorn" }, "geometry": { "type": "Polygon", "coordinates": [ [ [ 559594.01500000001397, 528484.949999999953434 ], [ 559605.466000000014901, 528491.371000000042841 ], [ 559602.26300000003539, 528439.285999999963678 ], [ 559600.98499999998603, 528397.275000000023283 ], [ 559599.535000000032596, 528366.040999999968335 ], [ 559597.645999999949709, 528307.601000000024214 ], [ 559596.98699999996461, 528260.773999999975786 ], [ 559595.228, 528216.586000000010245 ], [ 559594.320000000065193, 528114.038999999989755 ], [ 559587.008000000030734, 528117.020000000018626 ], [ 559584.685000000055879, 528118.211000000010245 ], [ 559584.802999999956228, 528120.824000000022352 ], [ 559584.748999999952503, 528242.782 ], [ 559585.054, 528272.182999999960884 ], [ 559586.288999999989755, 528341.805999999982305 ], [ 559592.881999999983236, 528452.685999999986961 ], [ 559594.01500000001397, 528484.949999999953434 ] ] ] } },
{ "type": "Feature", "properties": { "fid": 1116457, "crop": "grain_maize_corn_popcorn" }, "geometry": { "type": "Polygon", "coordinates": [ [ [ 553100.603, 548865.518999999971129 ], [ 553102.647, 548884.75 ], [ 553108.089999999967404, 548980.520999999949709 ], [ 553112.991000000038184, 549024.346000000019558 ], [ 553120.324000000022352, 549082.310000000055879 ], [ 553146.03000000002794, 549078.044 ], [ 553142.594000000040978, 549051.236000000033528 ], [ 553139.261999999987893, 548963.702000000048429 ], [ 553137.25199999997858, 548905.518000000040047 ], [ 553136.11199999996461, 548862.506999999983236 ], [ 553130.337999999988824, 548749.738000000012107 ], [ 553120.893000000040047, 548706.24800000002142 ], [ 553106.898000000044703, 548710.758000000030734 ], [ 553083.441, 548717.925000000046566 ], [ 553086.182000000029802, 548728.63 ], [ 553089.528999999980442, 548751.13800000003539 ], [ 553094.180000000051223, 548785.690000000060536 ], [ 553100.603, 548865.518999999971129 ] ] ] } },
{ "type": "Feature", "properties": { "fid": 437359, "crop": "grain_maize_corn_popcorn" }, "geometry": { "type": "Polygon", "coordinates": [ [ [ 559540.848, 516962.434 ], [ 559538.317999999970198, 516960.003000000026077 ], [ 559526.334000000031665, 516951.424999999988358 ], [ 559514.202999999979511, 516945.477000000013504 ], [ 559500.481999999959953, 516941.240999999979977 ], [ 559491.469000000040978, 516940.61099999997532 ], [ 559471.506999999983236, 516941.825000000011642 ], [ 559446.251000000047497, 516945.354 ], [ 559428.179, 516949.425999999977648 ], [ 559393.753000000026077, 516956.162000000011176 ], [ 559362.321, 516964.434 ], [ 559340.704000000027008, 516967.412000000011176 ], [ 559324.334000000031665, 516964.865999999979977 ], [ 559314.37300000002142, 516958.875 ], [ 559307.462000000057742, 516951.824000000022352 ], [ 559302.245, 516942.657 ], [ 559299.449000000022352, 516931.756 ], [ 559296.368000000016764, 516911.826 ], [ 559292.508000000030734, 516879.291000000026543 ], [ 559287.919, 516835.88 ], [ 559285.462999999988824, 516836.74800000002142 ], [ 559273.910999999963678, 516884.663 ], [ 559266.878000000026077, 516915.878000000026077 ], [ 559264.731999999959953, 516934.196 ], [ 559264.437000000034459, 517004.673 ], [ 559272.226999999955297, 517093.444000000017695 ], [ 559271.304, 517142.232000000018161 ], [ 559352.966999999945983, 517161.771 ], [ 559394.731999999959953, 517173.227000000013504 ], [ 559407.187999999965541, 517173.227000000013504 ], [ 559426.473, 517176.568000000028405 ], [ 559436.73499999998603, 517182.533999999985099 ], [ 559454.302000000025146, 517198.246999999973923 ], [ 559474.92000000004191, 517209.980000000039581 ], [ 559491.626000000047497, 517218.093999999982771 ], [ 559526.508000000030734, 517231.43 ], [ 559535.893999999971129, 517241.661000000021886 ], [ 559536.544, 517233.859 ], [ 559539.454000000027008, 517003.675999999977648 ], [ 559540.848, 516962.434 ] ], [ [ 559281.258999999961816, 517105.131999999983236 ], [ 559396.27800000004936, 517105.397999999986496 ], [ 559447.28000000002794, 517105.663 ], [ 559467.468, 517110.179 ], [ 559428.951, 517110.976000000024214 ], [ 559277.98499999998603, 517108.993000000016764 ], [ 559277.403999999980442, 517109.284999999974389 ], [ 559277.98499999998603, 517107.245 ], [ 559281.258999999961816, 517105.131999999983236 ] ] ] } },
{ "type": "Feature", "properties": { "fid": 2068346, "crop": "grain_maize_corn_popcorn" }, "geometry": { "type": "Polygon", "coordinates": [ [ [ 538564.724999999976717, 557557.324999999953434 ], [ 538571.35999999998603, 557557.687000000034459 ], [ 538571.962999999988824, 557555.515999999945052 ], [ 538571.72199999995064, 557552.378999999957159 ], [ 538567.542999999946915, 557550.077000000048429 ], [ 538550.587000000057742, 557542.956 ], [ 538512.868999999947846, 557527.366000000038184 ], [ 538483.457000000053085, 557513.221000000019558 ], [ 538397.868999999947846, 557468.765999999945052 ], [ 538295.819000000017695, 557417.800000000046566 ], [ 538274.572000000043772, 557405.62699999997858 ], [ 538253.988999999943189, 557391.90500000002794 ], [ 538231.856999999959953, 557375.52800000004936 ], [ 538212.158999999985099, 557357.822000000043772 ], [ 538197.10999999998603, 557340.78000000002794 ], [ 538169.650999999954365, 557300.956 ], [ 538161.136999999987893, 557286.432999999960884 ], [ 538142.733, 557311.787000000011176 ], [ 538173.008999999961816, 557357.574000000022352 ], [ 538186.027, 557373.785999999963678 ], [ 538205.10999999998603, 557391.812999999965541 ], [ 538220.672000000020489, 557404.238000000012107 ], [ 538236.378000000026077, 557415.890999999945052 ], [ 538274.589999999967404, 557436.765999999945052 ], [ 538327.419, 557461.349999999976717 ], [ 538381.072999999974854, 557489.091000000014901 ], [ 538437.522, 557518.320000000065193 ], [ 538466.087000000057742, 557534.01300000003539 ], [ 538496.741999999969266, 557550.207000000053085 ], [ 538542.165999999968335, 557554.550999999977648 ], [ 538549.886999999987893, 557553.827000000048429 ], [ 538564.724999999976717, 557557.324999999953434 ] ] ] } },
{ "type": "Feature", "properties": { "fid": 2288376, "crop": "grain_maize_corn_popcorn" }, "geometry": { "type": "Polygon", "coordinates": [ [ [ 557376.75, 528403.155999999959022 ], [ 557397.79500000004191, 528441.415000000037253 ], [ 557417.731000000028871, 528483.113000000012107 ], [ 557447.481000000028871, 528548.442999999970198 ], [ 557475.160000000032596, 528613.047999999951571 ], [ 557497.09499999997206, 528670.846000000019558 ], [ 557512.425000000046566, 528713.535999999963678 ], [ 557530.699000000022352, 528768.359000000054948 ], [ 557539.344000000040978, 528800.572000000043772 ], [ 557546.949000000022352, 528828.547000000020489 ], [ 557566.611000000033528, 528814.944000000017695 ], [ 557553.474999999976717, 528768.447000000043772 ], [ 557532.832999999984168, 528703.601999999955297 ], [ 557513.297000000020489, 528651.741999999969266 ], [ 557501.635, 528619.255 ], [ 557484.197000000043772, 528575.606000000028871 ], [ 557471.302999999956228, 528544.942000000039116 ], [ 557451.804, 528500.09499999997206 ], [ 557423.827999999979511, 528442.962999999988824 ], [ 557394.984000000054948, 528388.523000000044703 ], [ 557376.376000000047497, 528402.214999999967404 ], [ 557376.75, 528403.155999999959022 ] ] ] } },
{ "type": "Feature", "properties": { "fid": 2430567, "crop": "grain_maize_corn_popcorn" }, "geometry": { "type": "Polygon", "coordinates": [ [ [ 539390.716999999945983, 524024.989 ], [ 539402.566, 524031.309 ], [ 539420.180000000051223, 523998.946 ], [ 539438.300999999977648, 523968.191 ], [ 539456.316, 523938.147999999986496 ], [ 539491.638999999966472, 523880.104999999981374 ], [ 539548.628999999957159, 523785.712 ], [ 539583.930000000051223, 523725.07 ], [ 539599.20499999995809, 523699.272 ], [ 539583.984000000054948, 523699.238000000012107 ], [ 539567.441, 523729.829000000027008 ], [ 539546.084000000031665, 523766.23599999997532 ], [ 539509.01300000003539, 523827.210000000020955 ], [ 539479.135, 523877.117000000027474 ], [ 539444.525999999954365, 523933.451 ], [ 539415.393999999971129, 523982.686999999976251 ], [ 539390.716999999945983, 524024.989 ] ] ] } },
{ "type": "Feature", "properties": { "fid": 1221416, "crop": "grain_maize_corn_popcorn" }, "geometry": { "type": "Polygon", "coordinates": [ [ [ 554455.881000000052154, 511174.364 ], [ 554473.094000000040978, 511220.886999999987893 ], [ 554484.077000000048429, 511248.619 ], [ 554502.449000000022352, 511288.984 ], [ 554543.361000000033528, 511279.228 ], [ 554522.440000000060536, 511217.824000000022352 ], [ 554503.61199999996461, 511161.392 ], [ 554495.072000000043772, 511137.033999999985099 ], [ 554480.988999999943189, 511101.531000000017229 ], [ 554442.716999999945983, 511116.175999999977648 ], [ 554440.457999999984168, 511116.98599999997532 ], [ 554455.881000000052154, 511174.364 ] ] ] } },
{ "type": "Feature", "properties": { "fid": 478076, "crop": "grain_maize_corn_popcorn" }, "geometry": { "type": "Polygon", "coordinates": [ [ [ 557407.523999999975786, 514912.721000000019558 ], [ 557425.832999999984168, 514934.273999999975786 ], [ 557435.054, 514954.436999999976251 ], [ 557440.535999999963678, 514960.243000000016764 ], [ 557454.309, 514971.685 ], [ 557471.037000000011176, 514978.100000000034925 ], [ 557484.062999999965541, 514977.982000000018161 ], [ 557492.827000000048429, 514989.495999999984633 ], [ 557499.966999999945983, 515004.128000000026077 ], [ 557520.905999999959022, 515061.858 ], [ 557534.505, 515090.472 ], [ 557541.675999999977648, 515094.729 ], [ 557557.819000000017695, 515093.337 ], [ 557576.015999999945052, 515091.308000000019092 ], [ 557600.153999999980442, 515086.743000000016764 ], [ 557539.822999999974854, 514990.37300000002142 ], [ 557501.469000000040978, 514920.412000000011176 ], [ 557494.194000000017695, 514903.593999999982771 ], [ 557488.768000000040047, 514888.343999999982771 ], [ 557404.261000000056811, 514908.879000000015367 ], [ 557407.523999999975786, 514912.721000000019558 ] ] ] } },
{ "type": "Feature", "properties": { "fid": 2380497, "crop": "grain_maize_corn_popcorn" }, "geometry": { "type": "Polygon", "coordinates": [ [ [ 555877.589999999967404, 524807.731999999959953 ], [ 555881.150000000023283, 524851.158999999985099 ], [ 555884.432000000029802, 524878.822000000043772 ], [ 555892.275999999954365, 524913.099000000045635 ], [ 555910.964999999967404, 524977.809 ], [ 555924.748999999952503, 525016.231999999959953 ], [ 555963.535999999963678, 525104.03000000002794 ], [ 555978.633999999961816, 525139.728 ], [ 555987.322000000043772, 525156.993000000016764 ], [ 556008.606999999959953, 525150.959000000031665 ], [ 555985.837000000057742, 525096.236000000033528 ], [ 556008.564000000013039, 525088.358 ], [ 556002.917999999946915, 525077.87 ], [ 555990.339000000036322, 525050.233 ], [ 555964.63, 524990.191 ], [ 555951.555000000051223, 524954.648999999975786 ], [ 555940.685000000055879, 524914.302000000025146 ], [ 555935.393999999971129, 524894.135 ], [ 555930.160999999963678, 524863.48699999996461 ], [ 555927.824999999953434, 524837.886999999987893 ], [ 555928.658000000054017, 524822.59499999997206 ], [ 555928.82999999995809, 524776.881999999983236 ], [ 555926.082999999984168, 524773.040000000037253 ], [ 555923.542000000015832, 524768.346000000019558 ], [ 555918.567000000039116, 524757.410000000032596 ], [ 555912.09699999995064, 524746.859000000054948 ], [ 555903.957000000053085, 524737.385 ], [ 555890.145000000018626, 524722.51 ], [ 555885.202000000048429, 524716.927999999956228 ], [ 555882.503999999957159, 524742.299 ], [ 555877.589999999967404, 524807.731999999959953 ] ] ] } },
{ "type": "Feature", "properties": { "fid": 2169733, "crop": "grain_maize_corn_popcorn" }, "geometry": { "type": "Polygon", "coordinates": [ [ [ 537633.690000000060536, 559872.957000000053085 ], [ 537620.809, 559907.331 ], [ 537595.37300000002142, 559964.483 ], [ 537577.245, 560003.587999999988824 ], [ 537560.62, 560044.711000000010245 ], [ 537547.525999999954365, 560078.189000000013039 ], [ 537541.76500000001397, 560089.957000000053085 ], [ 537530.851999999955297, 560106.40300000004936 ], [ 537516.322999999974854, 560123.098 ], [ 537525.067000000039116, 560132.768000000040047 ], [ 537556.398000000044703, 560094.400000000023283 ], [ 537571.179, 560105.069000000017695 ], [ 537590.724000000045635, 560058.113999999943189 ], [ 537618.442000000039116, 559993.783999999985099 ], [ 537636.893999999971129, 559954.290000000037253 ], [ 537653.283000000054017, 559915.54500000004191 ], [ 537666.587999999988824, 559874.535999999963678 ], [ 537682.611000000033528, 559815.243999999947846 ], [ 537692.136000000056811, 559763.187000000034459 ], [ 537694.211000000010245, 559737.574999999953434 ], [ 537681.209000000031665, 559741.856999999959953 ], [ 537662.812999999965541, 559748.158999999985099 ], [ 537659.052000000025146, 559766.898999999975786 ], [ 537647.496999999973923, 559817.87 ], [ 537633.690000000060536, 559872.957000000053085 ] ] ] } },
{ "type": "Feature", "properties": { "fid": 1855264, "crop": "grain_maize_corn_popcorn" }, "geometry": { "type": "Polygon", "coordinates": [ [ [ 559578.837999999988824, 514528.667000000015832 ], [ 559583.601000000024214, 514550.548 ], [ 559594.606999999959953, 514548.867000000027474 ], [ 559621.974999999976717, 514545.087 ], [ 559655.466999999945983, 514542.740999999979977 ], [ 559689.714999999967404, 514540.222 ], [ 559724.408000000054017, 514541.958999999973457 ], [ 559758.030999999959022, 514548.085000000020955 ], [ 559775.493999999947846, 514550.691 ], [ 559778.741999999969266, 514539.767 ], [ 559780.446, 514523.713999999978114 ], [ 559780.185000000055879, 514520.717 ], [ 559746.302000000025146, 514516.025000000023283 ], [ 559710.724000000045635, 514512.37599999998929 ], [ 559674.234000000054948, 514510.161000000021886 ], [ 559656.51, 514511.463999999978114 ], [ 559636.701, 514514.201 ], [ 559611.419, 514520.717 ], [ 559590.567000000039116, 514524.23599999997532 ], [ 559578.577999999979511, 514526.191 ], [ 559578.837999999988824, 514528.667000000015832 ] ] ] } },
{ "type": "Feature", "properties": { "fid": 647581, "crop": "grain_maize_corn_popcorn" }, "geometry": { "type": "Polygon", "coordinates": [ [ [ 556794.035999999963678, 513842.563000000023749 ], [ 556845.491999999969266, 513812.549999999988358 ], [ 556866.601000000024214, 513845.87599999998929 ], [ 556928.802000000025146, 513799.974999999976717 ], [ 556979.621999999973923, 513765.586000000010245 ], [ 556994.822000000043772, 513756.158999999985099 ], [ 557020.99, 513742.273999999975786 ], [ 557046.782, 513720.62400000001071 ], [ 557049.116999999969266, 513715.032 ], [ 557049.444999999948777, 513700.356000000028871 ], [ 557045.712000000057742, 513688.174 ], [ 557031.941, 513661.441 ], [ 557028.814000000013039, 513645.340000000025611 ], [ 557018.212999999988824, 513613.506 ], [ 557006.807999999960884, 513597.593999999982771 ], [ 556991.207000000053085, 513594.583999999973457 ], [ 556903.14000000001397, 513587.370999999984633 ], [ 556817.812000000034459, 513582.798 ], [ 556825.22199999995064, 513610.24900000001071 ], [ 556827.61199999996461, 513636.891 ], [ 556832.363000000012107, 513654.136 ], [ 556822.101000000024214, 513688.326 ], [ 556826.506999999983236, 513694.006 ], [ 556822.363999999943189, 513688.199000000022352 ], [ 556829.375, 513665.465000000025611 ], [ 556828.949999999953434, 513687.348999999987427 ], [ 556840.422999999951571, 513696.06 ], [ 556850.332999999984168, 513702.957 ], [ 556874.087000000057742, 513721.364 ], [ 556881.344000000040978, 513729.830000000016298 ], [ 556877.88800000003539, 513733.803000000014435 ], [ 556864.067000000039116, 513745.206 ], [ 556823.983, 513775.441999999980908 ], [ 556792.883999999961816, 513801.185 ], [ 556787.701, 513806.886 ], [ 556791.155999999959022, 513824.681999999971595 ], [ 556792.538999999989755, 513839.195 ], [ 556794.035999999963678, 513842.563000000023749 ] ] ] } },
{ "type": "Feature", "properties": { "fid": 1277909, "crop": "grain_maize_corn_popcorn" }, "geometry": { "type": "Polygon", "coordinates": [ [ [ 560537.87699999997858, 553518.378999999957159 ], [ 560569.060000000055879, 553505.182000000029802 ], [ 560462.885, 553278.942000000039116 ], [ 560430.066, 553288.653999999980442 ], [ 560537.87699999997858, 553518.378999999957159 ] ] ] } },
{ "type": "Feature", "properties": { "fid": 1913425, "crop": "grain_maize_corn_popcorn" }, "geometry": { "type": "Polygon", "coordinates": [ [ [ 554678.898000000044703, 551435.756000000052154 ], [ 554643.135, 551471.886000000056811 ], [ 554618.008999999961816, 551499.212999999988824 ], [ 554599.064000000013039, 551519.256000000052154 ], [ 554587.90500000002794, 551530.881999999983236 ], [ 554605.606000000028871, 551530.878000000026077 ], [ 554657.077000000048429, 551537.081 ], [ 554681.930000000051223, 551541.02800000004936 ], [ 554678.898000000044703, 551435.756000000052154 ] ] ] } },
{ "type": "Feature", "properties": { "fid": 1220232, "crop": "grain_maize_corn_popcorn" }, "geometry": { "type": "Polygon", "coordinates": [ [ [ 556183.197000000043772, 525000.373999999952503 ], [ 556167.844000000040978, 525004.547000000020489 ], [ 556148.169, 525013.192000000039116 ], [ 556126.63, 525021.738000000012107 ], [ 556087.572000000043772, 525036.405999999959022 ], [ 556120.682000000029802, 525094.376000000047497 ], [ 556158.738000000012107, 525077.478 ], [ 556188.385, 525066.743999999947846 ], [ 556213.604999999981374, 525060.174 ], [ 556192.435000000055879, 524997.343 ], [ 556183.197000000043772, 525000.373999999952503 ] ] ] } },
{ "type": "Feature", "properties": { "fid": 1287441, "crop": "grain_maize_corn_popcorn" }, "geometry": { "type": "Polygon", "coordinates": [ [ [ 560528.366000000038184, 553057.201 ], [ 560537.273000000044703, 553159.952999999979511 ], [ 560851.662999999942258, 553173.699000000022352 ], [ 560851.638999999966472, 553156.807000000029802 ], [ 560854.057000000029802, 553138.359000000054948 ], [ 560868.871999999973923, 553079.996000000042841 ], [ 560870.957000000053085, 553072.182000000029802 ], [ 560528.366000000038184, 553057.201 ] ] ] } },
{ "type": "Feature", "properties": { "fid": 1211215, "crop": "grain_maize_corn_popcorn" }, "geometry": { "type": "Polygon", "coordinates": [ [ [ 555996.067999999970198, 524861.231000000028871 ], [ 555999.410000000032596, 524878.834000000031665 ], [ 556007.949000000022352, 524912.277 ], [ 556014.253000000026077, 524930.711000000010245 ], [ 556022.12300000002142, 524948.895999999949709 ], [ 556041.393000000040047, 524989.606999999959953 ], [ 556053.606999999959953, 525012.40500000002794 ], [ 556068.356999999959953, 525040.868000000016764 ], [ 556084.185000000055879, 525032.95499999995809 ], [ 556061.940000000060536, 524985.576 ], [ 556044.392, 524946.976999999955297 ], [ 556029.13, 524907.349000000045635 ], [ 556023.24, 524882.849999999976717 ], [ 556021.231999999959953, 524868.256999999983236 ], [ 556019.944999999948777, 524856.569000000017695 ], [ 556018.285999999963678, 524842.285000000032596 ], [ 556015.743000000016764, 524803.59499999997206 ], [ 556015.207000000053085, 524784.047999999951571 ], [ 556014.537999999942258, 524769.856999999959953 ], [ 556015.876000000047497, 524749.910000000032596 ], [ 556018.103, 524722.197999999974854 ], [ 556002.650999999954365, 524732.246000000042841 ], [ 556001.283999999985099, 524740.270999999949709 ], [ 555996.731999999959953, 524771.062000000034459 ], [ 555993.920999999972992, 524805.469000000040978 ], [ 555996.067999999970198, 524861.231000000028871 ] ] ] } },
{ "type": "Feature", "properties": { "fid": 1001215, "crop": "grain_maize_corn_popcorn" }, "geometry": { "type": "Polygon", "coordinates": [ [ [ 549415.993999999947846, 514705.113000000012107 ], [ 549465.594000000040978, 514711.992000000027474 ], [ 549528.187999999965541, 514720.231000000028871 ], [ 549528.488000000012107, 514717.261 ], [ 549528.481999999959953, 514701.451 ], [ 549504.033000000054017, 514698.517999999981839 ], [ 549416.99, 514685.321 ], [ 549415.993999999947846, 514705.113000000012107 ] ] ] } },
{ "type": "Feature", "properties": { "fid": 1534384, "crop": "grain_maize_corn_popcorn" }, "geometry": { "type": "Polygon", "coordinates": [ [ [ 556933.452999999979511, 550008.92000000004191 ], [ 556931.692999999970198, 550053.190000000060536 ], [ 556932.635, 550079.40300000004936 ], [ 556939.150000000023283, 550153.033000000054017 ], [ 557488.993000000016764, 550039.332999999984168 ], [ 557419.854999999981374, 550005.207000000053085 ], [ 557415.042999999946915, 550003.109000000054948 ], [ 557341.209000000031665, 549960.824999999953434 ], [ 557289.810999999986961, 549935.212999999988824 ], [ 556933.452999999979511, 550008.92000000004191 ] ] ] } },
{ "type": "Feature", "properties": { "fid": 1463990, "crop": "grain_maize_corn_popcorn" }, "geometry": { "type": "Polygon", "coordinates": [ [ [ 536496.910999999963678, 524588.775000000023283 ], [ 536502.628999999957159, 524605.601999999955297 ], [ 536508.493999999947846, 524624.746000000042841 ], [ 536514.645999999949709, 524648.964000000036322 ], [ 536519.228, 524669.121000000042841 ], [ 536525.978, 524702.650999999954365 ], [ 536531.511000000056811, 524727.218 ], [ 536547.336000000010245, 524726.554 ], [ 536563.192000000039116, 524720.425000000046566 ], [ 536550.991000000038184, 524674.214999999967404 ], [ 536541.699000000022352, 524638.115 ], [ 536534.001000000047497, 524609.099999999976717 ], [ 536524.464000000036322, 524578.505 ], [ 536496.910999999963678, 524588.775000000023283 ] ] ] } },
{ "type": "Feature", "properties": { "fid": 2228406, "crop": "grain_maize_corn_popcorn" }, "geometry": { "type": "Polygon", "coordinates": [ [ [ 554756.738000000012107, 511671.295999999972992 ], [ 554771.082999999984168, 511670.472 ], [ 554787.077000000048429, 511673.770000000018626 ], [ 554813.591000000014901, 511682.467 ], [ 554850.564999999944121, 511698.657 ], [ 554883.506000000052154, 511716.50099999998929 ], [ 554902.618999999947846, 511727.933000000019092 ], [ 554932.746000000042841, 511748.218999999982771 ], [ 554959.795999999972992, 511763.795999999972992 ], [ 554997.505, 511784.660000000032596 ], [ 554998.929, 511783.814000000013039 ], [ 554993.437000000034459, 511775.93 ], [ 554980.861000000033528, 511758.396 ], [ 554956.765999999945052, 511730.362000000022817 ], [ 554918.790000000037253, 511684.406000000017229 ], [ 554906.951, 511672.341000000014901 ], [ 554880.459999999962747, 511642.393999999971129 ], [ 554864.273999999975786, 511621.581 ], [ 554855.90500000002794, 511628.935999999986961 ], [ 554851.84699999995064, 511631.724999999976717 ], [ 554847.981999999959953, 511630.202 ], [ 554843.292999999946915, 511626.759000000020023 ], [ 554825.098, 511622.0 ], [ 554803.003000000026077, 511626.989 ], [ 554790.189000000013039, 511628.141 ], [ 554772.479999999981374, 511627.420999999972992 ], [ 554755.491999999969266, 511629.436999999976251 ], [ 554741.511000000056811, 511634.989 ], [ 554726.069000000017695, 511645.531000000017229 ], [ 554756.738000000012107, 511671.295999999972992 ] ] ] } },
{ "type": "Feature", "properties": { "fid": 1558635, "crop": "grain_maize_corn_popcorn" }, "geometry": { "type": "Polygon", "coordinates": [ [ [ 541132.09499999997206, 537841.226000000024214 ], [ 541098.71999999997206, 537876.050999999977648 ], [ 541077.071, 537897.331 ], [ 541084.513999999966472, 537904.672000000020489 ], [ 541096.339000000036322, 537916.334000000031665 ], [ 541117.787999999942258, 537941.209000000031665 ], [ 541136.696, 537967.493000000016764 ], [ 541146.12, 537983.72199999995064 ], [ 541156.939000000013039, 538002.917999999946915 ], [ 541172.12, 538035.339999999967404 ], [ 541181.032, 538058.408000000054017 ], [ 541193.471000000019558, 538091.613000000012107 ], [ 541196.434, 538101.165999999968335 ], [ 541206.848, 538099.420999999972992 ], [ 541220.064000000013039, 538098.022 ], [ 541241.231000000028871, 538099.238999999943189 ], [ 541267.731000000028871, 538102.538999999989755 ], [ 541274.545999999972992, 538103.669 ], [ 541274.748999999952503, 538103.685000000055879 ], [ 541267.440000000060536, 538078.979000000050291 ], [ 541252.079000000027008, 538034.292000000015832 ], [ 541241.604999999981374, 538007.060999999986961 ], [ 541224.052999999956228, 537969.533000000054017 ], [ 541211.238000000012107, 537946.38 ], [ 541199.716000000014901, 537926.674 ], [ 541177.042000000015832, 537895.158000000054017 ], [ 541152.685000000055879, 537866.726999999955297 ], [ 541138.22199999995064, 537852.263999999966472 ], [ 541129.770999999949709, 537843.783000000054017 ], [ 541132.09499999997206, 537841.226000000024214 ] ] ] } },
{ "type": "Feature", "properties": { "fid": 477799, "crop": "grain_maize_corn_popcorn" }, "geometry": { "type": "Polygon", "coordinates": [ [ [ 555724.207000000053085, 512482.419 ], [ 555736.949000000022352, 512478.299 ], [ 555753.216000000014901, 512456.613000000012107 ], [ 555767.913999999989755, 512433.88 ], [ 555777.236000000033528, 512411.63 ], [ 555783.643000000040047, 512386.470000000030268 ], [ 555787.897, 512337.326 ], [ 555783.819000000017695, 512315.825000000011642 ], [ 555773.991999999969266, 512321.086000000010245 ], [ 555776.452999999979511, 512327.229 ], [ 555777.027, 512336.408999999985099 ], [ 555773.297999999951571, 512342.433000000019092 ], [ 555770.01500000001397, 512345.816999999980908 ], [ 555762.094000000040978, 512348.03000000002794 ], [ 555754.405999999959022, 512348.262999999977183 ], [ 555748.73499999998603, 512353.468999999982771 ], [ 555742.601000000024214, 512358.49900000001071 ], [ 555736.577000000048429, 512369.973999999987427 ], [ 555724.265999999945052, 512396.707999999984168 ], [ 555717.354999999981374, 512412.433000000019092 ], [ 555702.150999999954365, 512439.113000000012107 ], [ 555684.981999999959953, 512461.018999999971129 ], [ 555698.611000000033528, 512490.837999999988824 ], [ 555724.207000000053085, 512482.419 ] ] ] } },
{ "type": "Feature", "properties": { "fid": 1790975, "crop": "grain_maize_corn_popcorn" }, "geometry": { "type": "Polygon", "coordinates": [ [ [ 550042.476000000024214, 551619.85999999998603 ], [ 550047.243999999947846, 551638.062000000034459 ], [ 550053.094000000040978, 551660.814999999944121 ], [ 550062.081, 551700.90300000004936 ], [ 550064.932999999960884, 551716.538999999989755 ], [ 550088.724999999976717, 551767.858 ], [ 550101.199999999953434, 551789.74800000002142 ], [ 550115.285000000032596, 551825.719000000040978 ], [ 550123.422999999951571, 551849.106999999959953 ], [ 550123.892, 551850.086000000010245 ], [ 550126.552999999956228, 551862.339999999967404 ], [ 550130.454000000027008, 551865.158000000054017 ], [ 550149.305999999982305, 551865.158000000054017 ], [ 550171.841999999945983, 551860.39000000001397 ], [ 550184.844000000040978, 551854.756000000052154 ], [ 550203.696, 551846.522 ], [ 550217.648999999975786, 551838.707999999984168 ], [ 550239.51300000003539, 551828.111000000033528 ], [ 550284.957000000053085, 551809.033999999985099 ], [ 550318.544, 551794.731999999959953 ], [ 550343.680999999982305, 551784.113999999943189 ], [ 550363.775999999954365, 551775.535000000032596 ], [ 550346.932000000029802, 551762.726000000024214 ], [ 550271.087999999988824, 551714.121999999973923 ], [ 550252.236000000033528, 551700.903999999980442 ], [ 550205.647, 551668.616000000038184 ], [ 550060.037000000011176, 551568.824999999953434 ], [ 550050.49800000002142, 551584.449999999953434 ], [ 550041.60999999998603, 551599.924 ], [ 550040.093, 551605.341999999945983 ], [ 550042.476000000024214, 551619.85999999998603 ] ] ] } },
{ "type": "Feature", "properties": { "fid": 1776269, "crop": "grain_maize_corn_popcorn" }, "geometry": { "type": "Polygon", "coordinates": [ [ [ 554592.701, 552961.537999999942258 ], [ 554608.913999999989755, 552951.420999999972992 ], [ 554654.089000000036322, 552926.82999999995809 ], [ 554678.23499999998603, 552911.628999999957159 ], [ 554705.270000000018626, 552895.719000000040978 ], [ 554723.290000000037253, 552886.223 ], [ 554744.662999999942258, 552876.207000000053085 ], [ 554757.525999999954365, 552871.964000000036322 ], [ 554778.023999999975786, 552863.74800000002142 ], [ 554769.288999999989755, 552841.194999999948777 ], [ 554747.53000000002794, 552789.895000000018626 ], [ 554739.746999999973923, 552790.371999999973923 ], [ 554700.199999999953434, 552809.430000000051223 ], [ 554662.718, 552828.807000000029802 ], [ 554547.691, 552874.062999999965541 ], [ 554538.755, 552878.01 ], [ 554592.701, 552961.537999999942258 ] ] ] } },
{ "type": "Feature", "properties": { "fid": 1701328, "crop": "grain_maize_corn_popcorn" }, "geometry": { "type": "Polygon", "coordinates": [ [ [ 553309.187999999965541, 509371.88900000002468 ], [ 553302.320000000065193, 509371.641 ], [ 553286.337000000057742, 509382.837 ], [ 553257.395000000018626, 509405.227000000013504 ], [ 553242.912000000011176, 509418.281000000017229 ], [ 553232.434, 509432.792000000015832 ], [ 553222.763999999966472, 509452.191999999980908 ], [ 553209.142, 509476.293 ], [ 553194.826, 509498.26500000001397 ], [ 553186.15500000002794, 509518.798 ], [ 553275.491000000038184, 509561.286000000021886 ], [ 553317.645999999949709, 509580.26 ], [ 553359.768000000040047, 509599.303000000014435 ], [ 553368.645000000018626, 509568.293 ], [ 553394.052000000025146, 509462.726000000024214 ], [ 553403.40300000004936, 509423.642999999981839 ], [ 553400.898999999975786, 509420.058000000019092 ], [ 553387.118999999947846, 509414.243000000016764 ], [ 553366.927000000025146, 509406.065 ], [ 553349.440000000060536, 509396.753000000026077 ], [ 553335.01, 509386.517 ], [ 553316.292999999946915, 509375.336000000010245 ], [ 553309.187999999965541, 509371.88900000002468 ] ] ] } },
{ "type": "Feature", "properties": { "fid": 1837183, "crop": "grain_maize_corn_popcorn" }, "geometry": { "type": "Polygon", "coordinates": [ [ [ 547958.888999999966472, 523017.005 ], [ 547987.076, 523012.887999999977183 ], [ 548024.665999999968335, 523011.791000000026543 ], [ 548024.616999999969266, 523009.457999999984168 ], [ 548023.268999999971129, 522985.59499999997206 ], [ 548026.846000000019558, 522959.870999999984633 ], [ 548030.498999999952503, 522919.079000000027008 ], [ 548038.846000000019558, 522871.544999999983702 ], [ 548043.63800000003539, 522832.994 ], [ 548045.434, 522783.647999999986496 ], [ 548042.48499999998603, 522762.168 ], [ 548033.363999999943189, 522747.892 ], [ 548005.172000000020489, 522719.482000000018161 ], [ 548000.677999999956228, 522704.710000000020955 ], [ 548001.089999999967404, 522649.172000000020489 ], [ 547990.339000000036322, 522640.410000000032596 ], [ 547968.109000000054948, 522624.512999999977183 ], [ 547978.317999999970198, 522658.982000000018161 ], [ 547984.702000000048429, 522684.772 ], [ 547987.669, 522711.768999999971129 ], [ 547987.669, 522729.272999999986496 ], [ 547972.834999999962747, 522860.994 ], [ 547968.718, 522904.352000000013504 ], [ 547965.121999999973923, 522936.348 ], [ 547958.888999999966472, 523017.005 ] ] ] } },
{ "type": "Feature", "properties": { "fid": 1380961, "crop": "grain_maize_corn_popcorn" }, "geometry": { "type": "Polygon", "coordinates": [ [ [ 555336.849000000045635, 516307.038 ], [ 555365.476999999955297, 516379.69 ], [ 555376.175000000046566, 516404.712 ], [ 555380.155999999959022, 516417.652 ], [ 555384.535999999963678, 516440.147999999986496 ], [ 555389.082999999984168, 516477.200000000011642 ], [ 555396.435999999986961, 516535.01 ], [ 555398.662999999942258, 516558.385 ], [ 555407.912999999942258, 516565.392 ], [ 555417.162999999942258, 516572.397999999986496 ], [ 555427.839999999967404, 516576.256 ], [ 555429.437000000034459, 516576.832999999984168 ], [ 555439.084000000031665, 516579.305 ], [ 555443.525999999954365, 516549.185999999986961 ], [ 555442.687999999965541, 516512.590000000025611 ], [ 555438.49800000002142, 516470.408 ], [ 555434.378999999957159, 516436.213999999978114 ], [ 555428.533000000054017, 516401.724999999976717 ], [ 555423.356999999959953, 516383.410000000032596 ], [ 555420.645999999949709, 516372.842 ], [ 555412.238999999943189, 516354.756 ], [ 555406.172999999951571, 516335.528999999980442 ], [ 555397.745, 516317.928000000014435 ], [ 555388.959999999962747, 516293.526000000012573 ], [ 555380.358, 516294.104 ], [ 555372.047999999951571, 516294.548 ], [ 555352.658000000054017, 516299.516 ], [ 555336.849000000045635, 516307.038 ] ] ] } },
{ "type": "Feature", "properties": { "fid": 656346, "crop": "grain_maize_corn_popcorn" }, "geometry": { "type": "Polygon", "coordinates": [ [ [ 555531.669, 527607.922999999951571 ], [ 555504.915000000037253, 527632.78000000002794 ], [ 555516.116999999969266, 527679.023999999975786 ], [ 555525.599999999976717, 527729.40300000004936 ], [ 555529.859000000054948, 527760.368999999947846 ], [ 555533.527, 527779.775999999954365 ], [ 555545.182000000029802, 527876.096000000019558 ], [ 555573.76500000001397, 527869.758999999961816 ], [ 555572.158000000054017, 527839.942000000039116 ], [ 555561.542000000015832, 527750.258000000030734 ], [ 555547.746000000042841, 527668.01 ], [ 555531.669, 527607.922999999951571 ] ] ] } },
{ "type": "Feature", "properties": { "fid": 1131900, "crop": "grain_maize_corn_popcorn" }, "geometry": { "type": "Polygon", "coordinates": [ [ [ 518127.378000000026077, 539625.577000000048429 ], [ 518108.555, 539616.052000000025146 ], [ 518047.761999999987893, 539584.091999999945983 ], [ 518014.601000000024214, 539565.397 ], [ 517986.462999999988824, 539547.376000000047497 ], [ 517964.68, 539533.241000000038184 ], [ 517925.229, 539503.064000000013039 ], [ 517878.239, 539465.437999999965541 ], [ 517831.680999999982305, 539427.263999999966472 ], [ 517833.793, 539445.932999999960884 ], [ 517863.947999999974854, 539469.427999999956228 ], [ 517895.803000000014435, 539496.491000000038184 ], [ 517937.104999999981374, 539529.197999999974854 ], [ 517967.867000000027474, 539550.731000000028871 ], [ 517990.658, 539565.412999999942258 ], [ 518003.941, 539573.802999999956228 ], [ 518028.521, 539588.14000000001397 ], [ 518077.629000000015367, 539615.32999999995809 ], [ 518126.956, 539639.101000000024214 ], [ 518131.462999999988824, 539641.770999999949709 ], [ 518140.166000000026543, 539645.253000000026077 ], [ 518141.528999999980442, 539632.528999999980442 ], [ 518127.378000000026077, 539625.577000000048429 ] ] ] } },
{ "type": "Feature", "properties": { "fid": 2518161, "crop": "grain_maize_corn_popcorn" }, "geometry": { "type": "Polygon", "coordinates": [ [ [ 558645.59699999995064, 520828.791000000026543 ], [ 558643.849999999976717, 520827.568000000028405 ], [ 558629.966999999945983, 520825.540000000037253 ], [ 558622.057000000029802, 520825.180999999982305 ], [ 558601.082000000053085, 520826.020000000018626 ], [ 558577.79500000004191, 520828.354 ], [ 558555.907, 520831.911000000021886 ], [ 558512.817000000039116, 520837.352000000013504 ], [ 558524.827000000048429, 520913.007999999972526 ], [ 558579.731000000028871, 520893.783 ], [ 558619.143999999971129, 520876.691 ], [ 558647.09699999995064, 520865.044 ], [ 558647.636999999987893, 520830.711000000010245 ], [ 558645.59699999995064, 520828.791000000026543 ] ] ] } },
{ "type": "Feature", "properties": { "fid": 2312005, "crop": "grain_maize_corn_popcorn" }, "geometry": { "type": "Polygon", "coordinates": [ [ [ 552575.648999999975786, 547642.344000000040978 ], [ 552569.572999999974854, 547644.194000000017695 ], [ 552559.648000000044703, 547649.86199999996461 ], [ 552551.90500000002794, 547661.731999999959953 ], [ 552544.091000000014901, 547669.96999999997206 ], [ 552537.82999999995809, 547672.199000000022352 ], [ 552549.194999999948777, 547727.633000000030734 ], [ 552556.25199999997858, 547763.86199999996461 ], [ 552574.167000000015832, 547817.657 ], [ 552582.290999999968335, 547818.657 ], [ 552594.84699999995064, 547817.827000000048429 ], [ 552607.071, 547814.692999999970198 ], [ 552620.910999999963678, 547809.974000000045635 ], [ 552619.160999999963678, 547804.913999999989755 ], [ 552609.064999999944121, 547772.988999999943189 ], [ 552596.150000000023283, 547730.305000000051223 ], [ 552593.797999999951571, 547712.87300000002142 ], [ 552588.393999999971129, 547677.865 ], [ 552582.508999999961816, 547654.452999999979511 ], [ 552575.648999999975786, 547642.344000000040978 ] ] ] } },
{ "type": "Feature", "properties": { "fid": 932427, "crop": "grain_maize_corn_popcorn" }, "geometry": { "type": "Polygon", "coordinates": [ [ [ 556296.321, 552500.052000000025146 ], [ 556307.947999999974854, 552501.417000000015832 ], [ 556326.566, 552502.511000000056811 ], [ 556331.976000000024214, 552486.52800000004936 ], [ 556337.14000000001397, 552465.135 ], [ 556336.067999999970198, 552458.721000000019558 ], [ 556330.020000000018626, 552455.643999999971129 ], [ 556308.814000000013039, 552453.116999999969266 ], [ 556248.07999999995809, 552451.381999999983236 ], [ 556247.241999999969266, 552490.339999999967404 ], [ 556296.321, 552500.052000000025146 ] ] ] } },
{ "type": "Feature", "properties": { "fid": 1218927, "crop": "grain_maize_corn_popcorn" }, "geometry": { "type": "Polygon", "coordinates": [ [ [ 555921.376000000047497, 514921.650000000023283 ], [ 555918.064999999944121, 514952.865 ], [ 555943.702000000048429, 514940.06 ], [ 555966.581, 514931.066 ], [ 555980.658999999985099, 514926.61099999997532 ], [ 555987.01300000003539, 514874.62400000001071 ], [ 555931.782, 514851.01 ], [ 555921.376000000047497, 514921.650000000023283 ] ] ] } },
{ "type": "Feature", "properties": { "fid": 579320, "crop": "grain_maize_corn_popcorn" }, "geometry": { "type": "Polygon", "coordinates": [ [ [ 554339.457000000053085, 551583.402 ], [ 554312.177000000025146, 551578.329000000027008 ], [ 554267.743000000016764, 551818.65500000002794 ], [ 554332.270999999949709, 551817.672000000020489 ], [ 554374.677000000025146, 551588.344000000040978 ], [ 554369.859000000054948, 551587.716000000014901 ], [ 554339.457000000053085, 551583.402 ] ] ] } },
{ "type": "Feature", "properties": { "fid": 1589492, "crop": "grain_maize_corn_popcorn" }, "geometry": { "type": "Polygon", "coordinates": [ [ [ 551518.775000000023283, 538059.564000000013039 ], [ 551527.353, 538108.768999999971129 ], [ 551534.292999999946915, 538150.667000000015832 ], [ 551543.741999999969266, 538198.476999999955297 ], [ 551548.447000000043772, 538222.827999999979511 ], [ 551550.810000000055879, 538231.089000000036322 ], [ 551555.650000000023283, 538233.162999999942258 ], [ 551555.822000000043772, 538237.655999999959022 ], [ 551552.24, 538241.621000000042841 ], [ 551553.767, 538249.185999999986961 ], [ 551558.976000000024214, 538283.88800000003539 ], [ 551560.959000000031665, 538300.40500000002794 ], [ 551565.584000000031665, 538328.483 ], [ 551569.547000000020489, 538351.937999999965541 ], [ 551573.180999999982305, 538369.775999999954365 ], [ 551577.143999999971129, 538390.587000000057742 ], [ 551580.778999999980442, 538408.09499999997206 ], [ 551584.082000000053085, 538425.934 ], [ 551586.741999999969266, 538440.976000000024214 ], [ 551670.631000000052154, 538409.417000000015832 ], [ 551705.537000000011176, 538396.680999999982305 ], [ 551685.523000000044703, 538328.202999999979511 ], [ 551676.552000000025146, 538295.395999999949709 ], [ 551665.297000000020489, 538254.995 ], [ 551651.87300000002142, 538213.699999999953434 ], [ 551647.017, 538197.75199999997858 ], [ 551641.508000000030734, 538178.37699999997858 ], [ 551636.503999999957159, 538157.831 ], [ 551633.768999999971129, 538145.527 ], [ 551630.71999999997206, 538128.959000000031665 ], [ 551608.187000000034459, 538115.89000000001397 ], [ 551591.131000000052154, 538105.822999999974854 ], [ 551572.111000000033528, 538095.197000000043772 ], [ 551552.74800000002142, 538082.248999999952503 ], [ 551532.643999999971129, 538067.912000000011176 ], [ 551522.14000000001397, 538061.006000000052154 ], [ 551518.775000000023283, 538059.564000000013039 ] ] ] } },
{ "type": "Feature", "properties": { "fid": 574541, "crop": "grain_maize_corn_popcorn" }, "geometry": { "type": "Polygon", "coordinates": [ [ [ 554832.582000000053085, 563049.12300000002142 ], [ 554892.549, 563022.45499999995809 ], [ 554643.363999999943189, 562486.170999999972992 ], [ 554618.214000000036322, 562434.481000000028871 ], [ 554563.327999999979511, 562469.665999999968335 ], [ 554832.582000000053085, 563049.12300000002142 ] ] ] } },
{ "type": "Feature", "properties": { "fid": 1572517, "crop": "grain_maize_corn_popcorn" }, "geometry": { "type": "Polygon", "coordinates": [ [ [ 558099.655999999959022, 519061.195 ], [ 558094.511000000056811, 519073.950000000011642 ], [ 558173.995, 519062.968 ], [ 558178.400999999954365, 519057.113000000012107 ], [ 558203.032, 518990.663999999989755 ], [ 558166.033000000054017, 518964.294999999983702 ], [ 558141.988000000012107, 518990.300999999977648 ], [ 558124.202999999979511, 519014.167000000015832 ], [ 558099.655999999959022, 519061.195 ] ] ] } },
{ "type": "Feature", "properties": { "fid": 2420946, "crop": "grain_maize_corn_popcorn" }, "geometry": { "type": "Polygon", "coordinates": [ [ [ 555930.128000000026077, 515809.205000000016298 ], [ 555932.111000000033528, 515813.076 ], [ 555955.324000000022352, 515842.772 ], [ 555968.165000000037253, 515836.852000000013504 ], [ 555955.76, 515844.009000000020023 ], [ 555972.03000000002794, 515864.031000000017229 ], [ 556004.780999999959022, 515902.153 ], [ 556015.070000000065193, 515916.710000000020955 ], [ 556018.581, 515930.968999999982771 ], [ 556019.069000000017695, 515956.924999999988358 ], [ 556019.998999999952503, 515975.568000000028405 ], [ 556024.636000000056811, 516002.387999999977183 ], [ 556040.20499999995809, 516000.658999999985099 ], [ 556045.571, 515999.299 ], [ 556052.726999999955297, 516000.37300000002142 ], [ 556059.167999999946915, 516002.162000000011176 ], [ 556067.40500000002794, 516007.443000000028405 ], [ 556076.064999999944121, 516013.869 ], [ 556083.327999999979511, 516020.572999999974854 ], [ 556098.527, 516030.966000000014901 ], [ 556107.476000000024214, 516039.854999999981374 ], [ 556115.04500000004191, 516007.271 ], [ 556115.64000000001397, 515994.531000000017229 ], [ 556115.631000000052154, 515973.970000000030268 ], [ 556112.775999999954365, 515947.113000000012107 ], [ 556105.956, 515920.284999999974389 ], [ 556076.064999999944121, 515833.966000000014901 ], [ 556069.008000000030734, 515804.827999999979511 ], [ 556064.932000000029802, 515793.299999999988358 ], [ 556058.61199999996461, 515794.733 ], [ 556065.125, 515792.057000000029802 ], [ 556062.572999999974854, 515777.533999999985099 ], [ 556059.574000000022352, 515774.805999999982305 ], [ 556054.481999999959953, 515772.663999999989755 ], [ 556038.452000000048429, 515777.315 ], [ 556022.768000000040047, 515776.479 ], [ 556012.26, 515780.137999999977183 ], [ 555999.136000000056811, 515782.544 ], [ 555990.562000000034459, 515783.588999999978114 ], [ 555985.437999999965541, 515784.53000000002794 ], [ 555980.733, 515784.739 ], [ 555976.341000000014901, 515783.694000000017695 ], [ 555967.767, 515781.392999999981839 ], [ 555962.538999999989755, 515780.13900000002468 ], [ 555951.978, 515780.661000000021886 ], [ 555946.435999999986961, 515783.276000000012573 ], [ 555942.496000000042841, 515787.12300000002142 ], [ 555933.574999999953434, 515797.392 ], [ 555926.589999999967404, 515801.809 ], [ 555930.128000000026077, 515809.205000000016298 ] ] ] } },
{ "type": "Feature", "properties": { "fid": 1327271, "crop": "grain_maize_corn_popcorn" }, "geometry": { "type": "Polygon", "coordinates": [ [ [ 544765.866999999969266, 543452.116000000038184 ], [ 544782.908999999985099, 543439.721000000019558 ], [ 544837.839000000036322, 543406.336000000010245 ], [ 544856.770000000018626, 543392.194000000017695 ], [ 544872.425000000046566, 543377.12300000002142 ], [ 544916.932000000029802, 543324.36199999996461 ], [ 544940.491999999969266, 543283.804 ], [ 544890.24800000002142, 543141.648000000044703 ], [ 544868.042000000015832, 543143.535000000032596 ], [ 544853.755, 543140.648000000044703 ], [ 544779.030999999959022, 543144.525999999954365 ], [ 544737.822000000043772, 543158.26300000003539 ], [ 544709.133999999961816, 543181.981000000028871 ], [ 544675.603, 543205.922000000020489 ], [ 544763.481999999959953, 543454.523999999975786 ], [ 544765.866999999969266, 543452.116000000038184 ] ] ] } },
{ "type": "Feature", "properties": { "fid": 1001491, "crop": "grain_maize_corn_popcorn" }, "geometry": { "type": "Polygon", "coordinates": [ [ [ 547747.383999999961816, 521587.152 ], [ 547756.098, 521576.863000000012107 ], [ 547696.709999999962747, 521556.134000000020023 ], [ 547667.106000000028871, 521545.341000000014901 ], [ 547638.128000000026077, 521533.28000000002794 ], [ 547607.549, 521518.313000000023749 ], [ 547579.868000000016764, 521505.76 ], [ 547564.724000000045635, 521503.587 ], [ 547552.942999999970198, 521505.142999999981839 ], [ 547550.415999999968335, 521558.708999999973457 ], [ 547549.128000000026077, 521571.00099999998929 ], [ 547593.199999999953434, 521571.653 ], [ 547617.849000000045635, 521572.549 ], [ 547643.903999999980442, 521575.281000000017229 ], [ 547688.809, 521581.821999999985565 ], [ 547692.827999999979511, 521576.166000000026543 ], [ 547696.709999999962747, 521573.837 ], [ 547747.383999999961816, 521587.152 ] ] ] } },
{ "type": "Feature", "properties": { "fid": 2333514, "crop": "grain_maize_corn_popcorn" }, "geometry": { "type": "Polygon", "coordinates": [ [ [ 517655.862000000022817, 539217.429 ], [ 517664.25099999998929, 539235.746000000042841 ], [ 517668.809, 539253.420999999972992 ], [ 517670.962999999988824, 539272.101000000024214 ], [ 517674.365, 539281.180000000051223 ], [ 517711.520000000018626, 539323.930000000051223 ], [ 517734.395000000018626, 539342.832000000053085 ], [ 517746.74800000002142, 539359.770999999949709 ], [ 517766.0, 539370.351000000024214 ], [ 517777.392999999981839, 539363.241999999969266 ], [ 517783.242000000027474, 539359.631000000052154 ], [ 517798.452, 539357.988000000012107 ], [ 517810.245999999984633, 539370.447999999974854 ], [ 517820.478, 539381.307999999960884 ], [ 517825.533, 539389.030999999959022 ], [ 517828.621999999973923, 539396.753999999957159 ], [ 517829.61099999997532, 539404.751000000047497 ], [ 517875.613000000012107, 539443.533000000054017 ], [ 517927.180999999982305, 539485.910999999963678 ], [ 517974.840000000025611, 539521.243000000016764 ], [ 518038.038, 539561.895999999949709 ], [ 518119.201, 539605.792000000015832 ], [ 518141.636999999987893, 539616.873999999952503 ], [ 518140.088999999978114, 539601.358 ], [ 518129.722, 539585.35999999998603 ], [ 518047.135, 539537.437000000034459 ], [ 518012.528, 539517.113000000012107 ], [ 517989.679, 539500.900000000023283 ], [ 517946.40500000002794, 539471.439000000013039 ], [ 517916.505, 539447.172000000020489 ], [ 517859.913, 539396.92000000004191 ], [ 517835.593999999982771, 539374.684 ], [ 517824.215000000025611, 539364.957000000053085 ], [ 517821.645000000018626, 539362.386999999987893 ], [ 517814.436999999976251, 539356.261000000056811 ], [ 517812.326, 539353.618000000016764 ], [ 517765.065, 539312.929 ], [ 517727.732000000018161, 539278.113000000012107 ], [ 517692.356000000028871, 539242.87699999997858 ], [ 517676.136, 539222.743000000016764 ], [ 517668.305999999982305, 539210.856999999959953 ], [ 517663.552000000025146, 539188.625 ], [ 517654.009000000020023, 539190.165999999968335 ], [ 517655.862000000022817, 539217.429 ] ] ] } },
{ "type": "Feature", "properties": { "fid": 1286250, "crop": "grain_maize_corn_popcorn" }, "geometry": { "type": "Polygon", "coordinates": [ [ [ 552669.441, 561257.898000000044703 ], [ 552696.932000000029802, 561334.365 ], [ 552720.40300000004936, 561367.429 ], [ 553057.783999999985099, 561291.140999999945052 ], [ 553020.131000000052154, 561177.09699999995064 ], [ 552668.96999999997206, 561256.496000000042841 ], [ 552669.441, 561257.898000000044703 ] ] ] } },
{ "type": "Feature", "properties": { "fid": 936916, "crop": "grain_maize_corn_popcorn" }, "geometry": { "type": "Polygon", "coordinates": [ [ [ 556955.587000000057742, 550999.5 ], [ 556927.383000000030734, 551019.660000000032596 ], [ 556917.591999999945983, 551030.907 ], [ 556903.491999999969266, 551043.190000000060536 ], [ 556917.511000000056811, 551066.42000000004191 ], [ 556927.452000000048429, 551060.60999999998603 ], [ 556949.12, 551049.04500000004191 ], [ 556988.52800000004936, 551029.969000000040978 ], [ 556955.587000000057742, 550999.5 ] ] ] } },
{ "type": "Feature", "properties": { "fid": 1221419, "crop": "grain_maize_corn_popcorn" }, "geometry": { "type": "Polygon", "coordinates": [ [ [ 554907.488999999943189, 512221.918 ], [ 554918.836000000010245, 512254.598999999987427 ], [ 554960.951, 512237.25199999997858 ], [ 554993.98499999998603, 512226.245 ], [ 554988.84699999995064, 512210.612000000022817 ], [ 554976.571, 512176.462 ], [ 554961.417999999946915, 512144.143999999971129 ], [ 554891.400999999954365, 512187.597 ], [ 554907.488999999943189, 512221.918 ] ] ] } },
{ "type": "Feature", "properties": { "fid": 466074, "crop": "grain_maize_corn_popcorn" }, "geometry": { "type": "Polygon", "coordinates": [ [ [ 547897.481000000028871, 522804.891 ], [ 547892.692000000039116, 522855.054 ], [ 547883.675000000046566, 522916.352000000013504 ], [ 547874.97199999995064, 522962.223 ], [ 547872.952000000048429, 522998.762999999977183 ], [ 547942.579000000027008, 523009.071999999985565 ], [ 547951.420999999972992, 522938.934 ], [ 547953.800000000046566, 522909.129000000015367 ], [ 547965.606000000028871, 522822.207999999984168 ], [ 547967.283999999985099, 522803.609 ], [ 547897.481000000028871, 522804.891 ] ] ] } },
{ "type": "Feature", "properties": { "fid": 900836, "crop": "grain_maize_corn_popcorn" }, "geometry": { "type": "Polygon", "coordinates": [ [ [ 558747.935999999986961, 536353.587000000057742 ], [ 558754.540000000037253, 536507.290000000037253 ], [ 558758.29500000004191, 536608.032 ], [ 558763.086000000010245, 536725.866999999969266 ], [ 558775.508999999961816, 536729.359000000054948 ], [ 558755.314000000013039, 536230.089999999967404 ], [ 558665.545999999972992, 535963.03000000002794 ], [ 558618.76300000003539, 535971.36199999996461 ], [ 558602.638999999966472, 535975.729000000050291 ], [ 558594.98699999996461, 535979.974999999976717 ], [ 558585.709000000031665, 535985.974999999976717 ], [ 558579.332999999984168, 535987.449000000022352 ], [ 558572.70499999995809, 535994.35999999998603 ], [ 558572.559, 535996.861000000033528 ], [ 558657.052000000025146, 536248.23699999996461 ], [ 558661.530999999959022, 536358.885 ], [ 558747.935999999986961, 536353.587000000057742 ] ] ] } },
{ "type": "Feature", "properties": { "fid": 1854885, "crop": "grain_maize_corn_popcorn" }, "geometry": { "type": "Polygon", "coordinates": [ [ [ 555871.020999999949709, 512791.368000000016764 ], [ 555884.331, 512808.027 ], [ 555909.839999999967404, 512838.56 ], [ 555892.75199999997858, 512849.913999999989755 ], [ 555854.643999999971129, 512872.733 ], [ 555877.758999999961816, 512905.618000000016764 ], [ 555884.623999999952503, 512914.850000000034925 ], [ 555887.937999999965541, 512921.713999999978114 ], [ 555890.422999999951571, 512931.537000000011176 ], [ 555889.729999999981374, 512948.457 ], [ 555891.265999999945052, 512953.451 ], [ 555987.400999999954365, 512880.667000000015832 ], [ 556001.356999999959953, 512866.74 ], [ 555981.523000000044703, 512840.205000000016298 ], [ 555991.890999999945052, 512829.194000000017695 ], [ 555942.451, 512779.556999999971595 ], [ 555915.685000000055879, 512753.740999999979977 ], [ 555871.020999999949709, 512791.368000000016764 ] ] ] } },
{ "type": "Feature", "properties": { "fid": 2459267, "crop": "grain_maize_corn_popcorn" }, "geometry": { "type": "Polygon", "coordinates": [ [ [ 560273.228, 553631.116999999969266 ], [ 560279.908999999985099, 553633.787999999942258 ], [ 560316.033999999985099, 553618.020999999949709 ], [ 560351.912000000011176, 553600.142 ], [ 560233.09499999997206, 553346.964999999967404 ], [ 560156.070000000065193, 553369.758999999961816 ], [ 560153.468, 553375.952000000048429 ], [ 560230.895000000018626, 553541.125 ], [ 560273.228, 553631.116999999969266 ] ] ] } },
{ "type": "Feature", "properties": { "fid": 1183423, "crop": "grain_maize_corn_popcorn" }, "geometry": { "type": "Polygon", "coordinates": [ [ [ 559906.263999999966472, 535841.03000000002794 ], [ 559909.238999999943189, 535841.90500000002794 ], [ 559913.087000000057742, 535843.479999999981374 ], [ 559924.761000000056811, 535851.202999999979511 ], [ 559836.400999999954365, 535520.810999999986961 ], [ 559823.912999999942258, 535524.429 ], [ 559781.086000000010245, 535537.363999999943189 ], [ 559867.437999999965541, 535860.224000000045635 ], [ 559903.464999999967404, 535841.20499999995809 ], [ 559906.263999999966472, 535841.03000000002794 ] ] ] } },
{ "type": "Feature", "properties": { "fid": 1264518, "crop": "grain_maize_corn_popcorn" }, "geometry": { "type": "Polygon", "coordinates": [ [ [ 539107.579000000027008, 523959.64000000001397 ], [ 539123.435999999986961, 523960.582 ], [ 539134.74, 523943.15500000002794 ], [ 539157.191, 523908.457999999984168 ], [ 539217.854000000050291, 523819.569000000017695 ], [ 539246.478, 523779.580000000016298 ], [ 539267.562000000034459, 523748.474999999976717 ], [ 539278.858, 523732.197999999974854 ], [ 539249.559, 523746.306999999971595 ], [ 539237.888999999966472, 523764.332 ], [ 539229.711000000010245, 523776.196 ], [ 539198.886999999987893, 523821.175999999977648 ], [ 539174.304, 523859.003000000026077 ], [ 539155.464000000036322, 523887.106000000028871 ], [ 539129.087999999988824, 523925.413999999989755 ], [ 539107.579000000027008, 523959.64000000001397 ] ] ] } },
{ "type": "Feature", "properties": { "fid": 1915431, "crop": "grain_maize_corn_popcorn" }, "geometry": { "type": "Polygon", "coordinates": [ [ [ 554527.995, 551269.966999999945983 ], [ 554534.12300000002142, 551327.724000000045635 ], [ 554537.728, 551366.87 ], [ 554551.540000000037253, 551365.476999999955297 ], [ 554563.456, 551363.650999999954365 ], [ 554555.615, 551285.773999999975786 ], [ 554553.245, 551259.34699999995064 ], [ 554527.995, 551269.966999999945983 ] ] ] } },
{ "type": "Feature", "properties": { "fid": 2056988, "crop": "grain_maize_corn_popcorn" }, "geometry": { "type": "Polygon", "coordinates": [ [ [ 551764.941, 553921.321 ], [ 551769.768000000040047, 553515.660000000032596 ], [ 551734.976999999955297, 553480.895999999949709 ], [ 551712.503999999957159, 553455.886000000056811 ], [ 551691.956, 553430.802000000025146 ], [ 551691.035999999963678, 553506.704000000027008 ], [ 551689.0, 553681.047000000020489 ], [ 551686.223, 553916.118999999947846 ], [ 551706.410000000032596, 553918.84499999997206 ], [ 551739.224999999976717, 553921.572000000043772 ], [ 551764.941, 553921.321 ] ] ] } },
{ "type": "Feature", "properties": { "fid": 2418402, "crop": "grain_maize_corn_popcorn" }, "geometry": { "type": "Polygon", "coordinates": [ [ [ 554638.42000000004191, 511257.629000000015367 ], [ 554639.263999999966472, 511264.656000000017229 ], [ 554642.185999999986961, 511280.613000000012107 ], [ 554647.552999999956228, 511304.662000000011176 ], [ 554655.511000000056811, 511334.76 ], [ 554661.064000000013039, 511334.553000000014435 ], [ 554676.846000000019558, 511327.195 ], [ 554694.121000000042841, 511312.548 ], [ 554725.290999999968335, 511282.129000000015367 ], [ 554736.557000000029802, 511273.867000000027474 ], [ 554755.684, 511261.509000000020023 ], [ 554762.84499999997206, 511254.713999999978114 ], [ 554766.224999999976717, 511248.330000000016298 ], [ 554764.206, 511230.446 ], [ 554760.152, 511220.26400000002468 ], [ 554755.069000000017695, 511219.369 ], [ 554741.814999999944121, 511224.670999999972992 ], [ 554711.927999999956228, 511232.911000000021886 ], [ 554638.42000000004191, 511257.629000000015367 ] ] ] } },
{ "type": "Feature", "properties": { "fid": 579616, "crop": "grain_maize_corn_popcorn" }, "geometry": { "type": "Polygon", "coordinates": [ [ [ 554072.675999999977648, 552121.449999999953434 ], [ 554277.025999999954365, 552118.356999999959953 ], [ 554273.459000000031665, 552048.724000000045635 ], [ 554118.768999999971129, 552051.066 ], [ 554108.24, 552069.148000000044703 ], [ 554094.611000000033528, 552090.011999999987893 ], [ 554072.675999999977648, 552121.449999999953434 ] ] ] } },
{ "type": "Feature", "properties": { "fid": 656605, "crop": "grain_maize_corn_popcorn" }, "geometry": { "type": "Polygon", "coordinates": [ [ [ 554693.826, 527709.256000000052154 ], [ 554723.322000000043772, 527698.456 ], [ 554773.658000000054017, 527680.287000000011176 ], [ 554784.003000000026077, 527668.290000000037253 ], [ 554794.964999999967404, 527655.292999999946915 ], [ 554790.243000000016764, 527652.040000000037253 ], [ 554745.663999999989755, 527668.116000000038184 ], [ 554686.680999999982305, 527689.569000000017695 ], [ 554693.826, 527709.256000000052154 ] ] ] } },
{ "type": "Feature", "properties": { "fid": 1221417, "crop": "grain_maize_corn_popcorn" }, "geometry": { "type": "Polygon", "coordinates": [ [ [ 554500.736000000033528, 511397.446999999985565 ], [ 554495.292999999946915, 511407.657 ], [ 554500.601000000024214, 511406.819000000017695 ], [ 554543.900999999954365, 511387.543 ], [ 554642.206, 511336.37300000002142 ], [ 554648.937000000034459, 511332.511 ], [ 554647.261000000056811, 511321.896 ], [ 554645.025999999954365, 511303.738000000012107 ], [ 554634.179, 511257.26500000001397 ], [ 554594.834999999962747, 511267.710000000020955 ], [ 554539.148999999975786, 511282.843999999982771 ], [ 554512.522, 511289.410000000032596 ], [ 554497.052999999956228, 511295.056999999971595 ], [ 554493.883000000030734, 511299.161000000021886 ], [ 554505.113999999943189, 511331.900000000023283 ], [ 554508.23499999998603, 511344.996999999973923 ], [ 554508.422999999951571, 511357.931999999971595 ], [ 554508.986000000033528, 511368.310999999986961 ], [ 554507.305999999982305, 511383.074000000022352 ], [ 554500.736000000033528, 511397.446999999985565 ] ] ] } },
{ "type": "Feature", "properties": { "fid": 1112876, "crop": "grain_maize_corn_popcorn" }, "geometry": { "type": "Polygon", "coordinates": [ [ [ 559753.643000000040047, 543637.606000000028871 ], [ 559786.805999999982305, 543651.871000000042841 ], [ 559816.294, 543660.787000000011176 ], [ 559823.690000000060536, 543673.447999999974854 ], [ 559827.917999999946915, 543683.327999999979511 ], [ 559828.738000000012107, 543697.54500000004191 ], [ 559852.057000000029802, 543704.60999999998603 ], [ 559868.87, 543706.709999999962747 ], [ 559887.778999999980442, 543705.810999999986961 ], [ 559904.123999999952503, 543703.707999999984168 ], [ 559909.422999999951571, 543702.273000000044703 ], [ 559784.723, 543086.229999999981374 ], [ 559771.961000000010245, 543087.51300000003539 ], [ 559761.807000000029802, 543087.935999999986961 ], [ 559756.768000000040047, 543077.462000000057742 ], [ 559719.549, 543091.14000000001397 ], [ 559691.895000000018626, 543103.174 ], [ 559663.305000000051223, 543118.934 ], [ 559650.589000000036322, 543128.425999999977648 ], [ 559753.643000000040047, 543637.606000000028871 ] ] ] } },
{ "type": "Feature", "properties": { "fid": 715213, "crop": "grain_maize_corn_popcorn" }, "geometry": { "type": "Polygon", "coordinates": [ [ [ 557581.34699999995064, 520223.179 ], [ 557580.861000000033528, 520229.358 ], [ 557586.040999999968335, 520232.902 ], [ 557597.775999999954365, 520237.76400000002468 ], [ 557606.829000000027008, 520234.579000000027008 ], [ 557619.066, 520225.022999999986496 ], [ 557659.084000000031665, 520184.435 ], [ 557695.169, 520146.329000000027008 ], [ 557669.158000000054017, 520123.973 ], [ 557663.520000000018626, 520122.288 ], [ 557613.366999999969266, 520172.550999999977648 ], [ 557600.915999999968335, 520183.637999999977183 ], [ 557593.520000000018626, 520192.456 ], [ 557587.59499999997206, 520202.300999999977648 ], [ 557583.564000000013039, 520213.740999999979977 ], [ 557581.34699999995064, 520223.179 ] ] ] } },
{ "type": "Feature", "properties": { "fid": 1921527, "crop": "grain_maize_corn_popcorn" }, "geometry": { "type": "Polygon", "coordinates": [ [ [ 542938.50199999997858, 546922.511999999987893 ], [ 542943.371999999973923, 546923.729999999981374 ], [ 542951.581, 546925.782 ], [ 542966.26, 546850.809 ], [ 542993.224000000045635, 546728.191 ], [ 542999.947999999974854, 546706.067999999970198 ], [ 543046.57999999995809, 546565.304 ], [ 543056.123999999952503, 546532.336000000010245 ], [ 543087.14000000001397, 546414.128999999957159 ], [ 543081.283000000054017, 546416.081 ], [ 543072.050999999977648, 546420.552000000025146 ], [ 543066.523000000044703, 546423.229000000050291 ], [ 543046.797000000020489, 546432.780999999959022 ], [ 543041.187999999965541, 546469.913999999989755 ], [ 543023.381999999983236, 546531.196 ], [ 542991.055000000051223, 546629.287000000011176 ], [ 542969.547999999951571, 546697.040000000037253 ], [ 542955.493999999947846, 546747.344000000040978 ], [ 542939.435000000055879, 546820.371000000042841 ], [ 542919.479999999981374, 546917.756999999983236 ], [ 542938.50199999997858, 546922.511999999987893 ] ] ] } },
{ "type": "Feature", "properties": { "fid": 939401, "crop": "grain_maize_corn_popcorn" }, "geometry": { "type": "Polygon", "coordinates": [ [ [ 536804.92000000004191, 523945.12599999998929 ], [ 536829.228, 523983.101000000024214 ], [ 536863.694000000017695, 524037.563000000023749 ], [ 536883.147, 524025.12300000002142 ], [ 536857.631000000052154, 523986.591000000014901 ], [ 536826.069000000017695, 523935.364 ], [ 536804.92000000004191, 523945.12599999998929 ] ] ] } },
{ "type": "Feature", "properties": { "fid": 1224815, "crop": "grain_maize_corn_popcorn" }, "geometry": { "type": "Polygon", "coordinates": [ [ [ 544413.089999999967404, 558893.952999999979511 ], [ 544452.790999999968335, 558882.76 ], [ 544208.778999999980442, 558401.087000000057742 ], [ 544171.491999999969266, 558420.199000000022352 ], [ 544411.675000000046566, 558894.307999999960884 ], [ 544413.089999999967404, 558893.952999999979511 ] ] ] } },
{ "type": "Feature", "properties": { "fid": 2228216, "crop": "grain_maize_corn_popcorn" }, "geometry": { "type": "Polygon", "coordinates": [ [ [ 548759.932999999960884, 515720.222 ], [ 548756.410000000032596, 515723.98499999998603 ], [ 548767.912999999942258, 515734.588999999978114 ], [ 548777.726999999955297, 515740.63 ], [ 548807.483, 515726.218999999982771 ], [ 548835.496000000042841, 515711.223 ], [ 548875.398000000044703, 515691.092 ], [ 548893.47199999995064, 515681.759000000020023 ], [ 548875.851000000024214, 515648.283999999985099 ], [ 548820.579000000027008, 515683.553000000014435 ], [ 548780.986000000033528, 515707.413 ], [ 548759.932999999960884, 515720.222 ] ] ] } },
{ "type": "Feature", "properties": { "fid": 1026850, "crop": "grain_maize_corn_popcorn" }, "geometry": { "type": "Polygon", "coordinates": [ [ [ 529653.707999999984168, 518223.202 ], [ 529644.415999999968335, 518227.838999999978114 ], [ 529620.903999999980442, 518255.136999999987893 ], [ 529599.974999999976717, 518281.132999999972526 ], [ 529597.319000000017695, 518288.038 ], [ 529599.267, 518291.933000000019092 ], [ 529628.082999999984168, 518309.082 ], [ 529633.084999999962747, 518306.629000000015367 ], [ 529646.006000000052154, 518291.00099999998929 ], [ 529652.320000000065193, 518283.981000000028871 ], [ 529677.88, 518252.62699999997858 ], [ 529697.402, 518231.596000000019558 ], [ 529695.476000000024214, 518229.316999999980908 ], [ 529685.84699999995064, 518225.183000000019092 ], [ 529677.40300000004936, 518221.924999999988358 ], [ 529667.182999999960884, 518219.441999999980908 ], [ 529659.24, 518220.416000000026543 ], [ 529653.707999999984168, 518223.202 ] ] ] } },
{ "type": "Feature", "properties": { "fid": 1054904, "crop": "grain_maize_corn_popcorn" }, "geometry": { "type": "Polygon", "coordinates": [ [ [ 557448.648000000044703, 527877.018999999971129 ], [ 557471.001000000047497, 527922.699000000022352 ], [ 557481.02800000004936, 527945.076 ], [ 557519.116999999969266, 528025.537999999942258 ], [ 557554.245, 528097.413999999989755 ], [ 557564.337999999988824, 528064.219000000040978 ], [ 557568.697000000043772, 528045.848 ], [ 557572.604000000050291, 528028.723 ], [ 557550.035999999963678, 527984.10999999998603 ], [ 557526.393000000040047, 527935.033000000054017 ], [ 557503.851000000024214, 527887.604000000050291 ], [ 557490.550999999977648, 527858.09699999995064 ], [ 557469.530999999959022, 527867.665999999968335 ], [ 557448.648000000044703, 527877.018999999971129 ] ] ] } },
{ "type": "Feature", "properties": { "fid": 1277911, "crop": "grain_maize_corn_popcorn" }, "geometry": { "type": "Polygon", "coordinates": [ [ [ 560525.964999999967404, 552924.562000000034459 ], [ 560919.11199999996461, 552941.73699999996461 ], [ 560929.375, 552930.518000000040047 ], [ 560945.440000000060536, 552915.452000000048429 ], [ 561006.74, 552865.209000000031665 ], [ 561017.128000000026077, 552853.902 ], [ 561024.283999999985099, 552844.807000000029802 ], [ 561035.128000000026077, 552824.082999999984168 ], [ 561041.49800000002142, 552811.503999999957159 ], [ 560527.537999999942258, 552789.01500000001397 ], [ 560525.964999999967404, 552924.562000000034459 ] ] ] } },
{ "type": "Feature", "properties": { "fid": 371148, "crop": "grain_maize_corn_popcorn" }, "geometry": { "type": "Polygon", "coordinates": [ [ [ 554508.400000000023283, 552466.140999999945052 ], [ 554504.976999999955297, 552470.567999999970198 ], [ 554493.324000000022352, 552592.75199999997858 ], [ 554688.221000000019558, 552613.483 ], [ 554695.027, 552548.343 ], [ 554694.468, 552548.067000000039116 ], [ 554674.670999999972992, 552535.060000000055879 ], [ 554623.057000000029802, 552490.805999999982305 ], [ 554603.243999999947846, 552482.851999999955297 ], [ 554576.947999999974854, 552478.968 ], [ 554508.400000000023283, 552466.140999999945052 ] ] ] } },
{ "type": "Feature", "properties": { "fid": 1116158, "crop": "grain_maize_corn_popcorn" }, "geometry": { "type": "Polygon", "coordinates": [ [ [ 554205.290000000037253, 549380.743000000016764 ], [ 554164.245, 549290.540000000037253 ], [ 554158.582999999984168, 549276.675000000046566 ], [ 554059.731999999959953, 549286.998999999952503 ], [ 554033.839999999967404, 549288.294 ], [ 554024.425999999977648, 549285.574000000022352 ], [ 554005.20499999995809, 549274.67000000004191 ], [ 554011.321, 549308.794 ], [ 554029.343, 549381.175999999977648 ], [ 554046.381999999983236, 549440.337000000057742 ], [ 554119.848, 549416.253999999957159 ], [ 554164.723, 549396.96999999997206 ], [ 554205.290000000037253, 549380.743000000016764 ] ] ] } },
{ "type": "Feature", "properties": { "fid": 1853575, "crop": "grain_maize_corn_popcorn" }, "geometry": { "type": "Polygon", "coordinates": [ [ [ 555999.359000000054948, 512894.441 ], [ 556010.147, 512906.153999999980442 ], [ 556014.743999999947846, 512914.441999999980908 ], [ 556031.552999999956228, 512938.055 ], [ 556052.307000000029802, 512920.121999999973923 ], [ 556068.473, 512905.284999999974389 ], [ 556086.337000000057742, 512889.266 ], [ 556105.337999999988824, 512868.996999999973923 ], [ 556125.24, 512846.525000000023283 ], [ 556140.684, 512828.920999999972992 ], [ 556154.604999999981374, 512811.492000000027474 ], [ 556160.042000000015832, 512804.244 ], [ 556173.442999999970198, 512780.75199999997858 ], [ 556186.731000000028871, 512759.935999999986961 ], [ 556179.652, 512749.31 ], [ 556151.988000000012107, 512719.169999999983702 ], [ 556136.238000000012107, 512736.166000000026543 ], [ 556108.402, 512772.53000000002794 ], [ 556073.050000000046566, 512809.98499999998603 ], [ 556051.495, 512831.686999999976251 ], [ 556025.658000000054017, 512855.457 ], [ 555989.930000000051223, 512882.179 ], [ 555999.359000000054948, 512894.441 ] ] ] } },
{ "type": "Feature", "properties": { "fid": 436850, "crop": "grain_maize_corn_popcorn" }, "geometry": { "type": "Polygon", "coordinates": [ [ [ 559959.385, 517375.724999999976717 ], [ 559960.589999999967404, 517377.816 ], [ 559966.555999999982305, 517393.768999999971129 ], [ 559973.84499999997206, 517430.37699999997858 ], [ 559979.662000000011176, 517461.37 ], [ 559983.962000000057742, 517483.128000000026077 ], [ 560031.775999999954365, 517478.884000000020023 ], [ 560062.63800000003539, 517477.135 ], [ 560104.712999999988824, 517474.049 ], [ 560124.091999999945983, 517471.678000000014435 ], [ 560116.756000000052154, 517423.906000000017229 ], [ 560107.386999999987893, 517425.492000000027474 ], [ 560082.800999999977648, 517428.270000000018626 ], [ 560054.408000000054017, 517430.945 ], [ 560043.459000000031665, 517379.585000000020955 ], [ 559959.385, 517375.724999999976717 ] ] ] } },
{ "type": "Feature", "properties": { "fid": 2268127, "crop": "grain_maize_corn_popcorn" }, "geometry": { "type": "Polygon", "coordinates": [ [ [ 557563.593, 528117.839000000036322 ], [ 557636.983, 528264.856000000028871 ], [ 557665.320000000065193, 528323.767 ], [ 557709.275999999954365, 528414.613999999943189 ], [ 557733.037999999942258, 528468.907 ], [ 557747.375, 528505.082000000053085 ], [ 557761.317000000039116, 528541.910999999963678 ], [ 557771.763999999966472, 528572.283999999985099 ], [ 557785.886000000056811, 528613.878000000026077 ], [ 557809.577999999979511, 528692.131999999983236 ], [ 557830.753999999957159, 528684.633000000030734 ], [ 557829.287999999942258, 528680.093 ], [ 557848.772, 528673.927000000025146 ], [ 557846.85999999998603, 528667.560999999986961 ], [ 557832.471000000019558, 528620.081 ], [ 557812.294, 528562.182999999960884 ], [ 557793.871999999973923, 528511.01 ], [ 557776.783000000054017, 528468.645000000018626 ], [ 557749.133999999961816, 528401.402 ], [ 557730.143000000040047, 528359.474999999976717 ], [ 557712.871999999973923, 528322.986000000033528 ], [ 557633.003999999957159, 528159.925000000046566 ], [ 557581.287999999942258, 528050.638999999966472 ], [ 557578.145000000018626, 528053.571 ], [ 557569.98499999998603, 528080.314000000013039 ], [ 557563.98699999996461, 528101.013999999966472 ], [ 557560.699000000022352, 528112.042000000015832 ], [ 557563.593, 528117.839000000036322 ] ] ] } },
{ "type": "Feature", "properties": { "fid": 477737, "crop": "grain_maize_corn_popcorn" }, "geometry": { "type": "Polygon", "coordinates": [ [ [ 555529.95499999995809, 512568.10999999998603 ], [ 555534.557000000029802, 512570.596000000019558 ], [ 555563.87, 512585.410000000032596 ], [ 555585.662999999942258, 512557.293 ], [ 555571.288999999989755, 512543.017999999981839 ], [ 555566.797999999951571, 512538.434 ], [ 555581.354999999981374, 512504.848 ], [ 555589.922000000020489, 512480.027 ], [ 555593.381000000052154, 512466.842 ], [ 555590.273999999975786, 512465.109 ], [ 555577.951, 512463.403 ], [ 555565.966999999945983, 512464.587 ], [ 555561.238999999943189, 512462.892 ], [ 555554.167999999946915, 512461.666000000026543 ], [ 555522.45499999995809, 512566.470000000030268 ], [ 555526.753000000026077, 512567.593 ], [ 555529.95499999995809, 512568.10999999998603 ] ] ] } },
{ "type": "Feature", "properties": { "fid": 1915403, "crop": "grain_maize_corn_popcorn" }, "geometry": { "type": "Polygon", "coordinates": [ [ [ 554113.983, 553095.871999999973923 ], [ 554115.75199999997858, 553102.947999999974854 ], [ 554118.738000000012107, 553106.968 ], [ 554124.687999999965541, 553113.253000000026077 ], [ 554134.180999999982305, 553118.73499999998603 ], [ 554145.787999999942258, 553121.827999999979511 ], [ 554155.998999999952503, 553122.755 ], [ 554170.371999999973923, 553122.408000000054017 ], [ 554186.736000000033528, 553119.091000000014901 ], [ 554207.98699999996461, 553109.84699999995064 ], [ 554241.631000000052154, 553087.196 ], [ 554255.288999999989755, 553075.204000000027008 ], [ 554267.841999999945983, 553060.452999999979511 ], [ 554270.863000000012107, 553055.998999999952503 ], [ 554277.273999999975786, 553045.89000000001397 ], [ 554289.050999999977648, 553015.51 ], [ 554242.01500000001397, 552945.373999999952503 ], [ 554125.12300000002142, 552962.042999999946915 ], [ 554125.158000000054017, 552972.721000000019558 ], [ 554125.45499999995809, 553022.224000000045635 ], [ 554117.091000000014901, 553054.349999999976717 ], [ 554114.013999999966472, 553071.731999999959953 ], [ 554113.983, 553095.871999999973923 ] ] ] } },
{ "type": "Feature", "properties": { "fid": 477614, "crop": "grain_maize_corn_popcorn" }, "geometry": { "type": "Polygon", "coordinates": [ [ [ 553605.191, 516037.923 ], [ 553651.85999999998603, 516120.878000000026077 ], [ 553664.052000000025146, 516140.901000000012573 ], [ 553672.886999999987893, 516141.012999999977183 ], [ 553688.395000000018626, 516135.484 ], [ 553708.844000000040978, 516126.003000000026077 ], [ 553725.113000000012107, 516117.326 ], [ 553753.90500000002794, 516102.196 ], [ 553758.743000000016764, 516099.892 ], [ 553757.733, 516090.461000000010245 ], [ 553751.613999999943189, 516088.740999999979977 ], [ 553710.15500000002794, 516076.928000000014435 ], [ 553674.322000000043772, 516065.343999999982771 ], [ 553635.353, 516049.988000000012107 ], [ 553605.191, 516037.923 ] ] ] } },
{ "type": "Feature", "properties": { "fid": 2312187, "crop": "grain_maize_corn_popcorn" }, "geometry": { "type": "Polygon", "coordinates": [ [ [ 551011.202999999979511, 551024.006000000052154 ], [ 550992.726000000024214, 551025.169 ], [ 550965.570000000065193, 551027.45499999995809 ], [ 550979.550999999977648, 551072.726000000024214 ], [ 550985.435000000055879, 551102.003999999957159 ], [ 550985.981000000028871, 551107.128000000026077 ], [ 550987.910000000032596, 551150.854000000050291 ], [ 550989.839999999967404, 551165.001000000047497 ], [ 550998.841999999945983, 551166.287000000011176 ], [ 551014.275000000023283, 551166.287000000011176 ], [ 551017.810999999986961, 551167.251000000047497 ], [ 551021.550999999977648, 551166.518000000040047 ], [ 551030.508999999961816, 551167.14000000001397 ], [ 551036.45499999995809, 551168.718 ], [ 551044.037000000011176, 551168.549 ], [ 551053.177999999956228, 551169.822999999974854 ], [ 551061.133000000030734, 551170.782 ], [ 551068.922000000020489, 551171.902 ], [ 551108.157, 551180.432999999960884 ], [ 551120.049, 551182.334000000031665 ], [ 551122.038999999989755, 551166.40300000004936 ], [ 551126.199999999953434, 551120.343 ], [ 551118.123999999952503, 551107.770999999949709 ], [ 551108.479000000050291, 551096.518000000040047 ], [ 551105.584999999962747, 551091.694999999948777 ], [ 551104.62, 551070.474999999976717 ], [ 551103.655999999959022, 551053.756999999983236 ], [ 551103.334000000031665, 551041.861000000033528 ], [ 551102.691, 551029.321 ], [ 551100.118999999947846, 551024.498999999952503 ], [ 551094.022, 551018.368000000016764 ], [ 551011.202999999979511, 551024.006000000052154 ] ] ] } },
{ "type": "Feature", "properties": { "fid": 1697349, "crop": "grain_maize_corn_popcorn" }, "geometry": { "type": "Polygon", "coordinates": [ [ [ 555602.655999999959022, 528112.165000000037253 ], [ 555487.518999999971129, 528121.788999999989755 ], [ 555492.618000000016764, 528154.532 ], [ 555530.140999999945052, 528150.628000000026077 ], [ 555607.736000000033528, 528141.944000000017695 ], [ 555602.655999999959022, 528112.165000000037253 ] ] ] } },
{ "type": "Feature", "properties": { "fid": 1211599, "crop": "grain_maize_corn_popcorn" }, "geometry": { "type": "Polygon", "coordinates": [ [ [ 556253.567000000039116, 512732.338999999978114 ], [ 556255.731000000028871, 512734.672000000020489 ], [ 556259.829000000027008, 512733.50099999998929 ], [ 556270.555000000051223, 512726.993000000016764 ], [ 556280.228, 512718.867000000027474 ], [ 556286.878000000026077, 512711.604 ], [ 556293.128000000026077, 512700.592 ], [ 556299.48499999998603, 512666.548 ], [ 556290.150999999954365, 512656.761999999987893 ], [ 556286.687999999965541, 512656.31 ], [ 556266.905999999959022, 512671.967 ], [ 556258.753000000026077, 512679.01400000002468 ], [ 556251.788999999989755, 512686.946 ], [ 556243.631000000052154, 512697.411000000021886 ], [ 556250.255, 512725.112000000022817 ], [ 556253.567000000039116, 512732.338999999978114 ] ] ] } },
{ "type": "Feature", "properties": { "fid": 557476, "crop": "grain_maize_corn_popcorn" }, "geometry": { "type": "Polygon", "coordinates": [ [ [ 542594.621000000042841, 546764.059 ], [ 542685.199000000022352, 546782.922000000020489 ], [ 542698.466000000014901, 546705.937999999965541 ], [ 542602.459000000031665, 546703.689000000013039 ], [ 542598.515999999945052, 546729.452999999979511 ], [ 542594.621000000042841, 546764.059 ] ] ] } },
{ "type": "Feature", "properties": { "fid": 1054902, "crop": "grain_maize_corn_popcorn" }, "geometry": { "type": "Polygon", "coordinates": [ [ [ 558060.341000000014901, 527654.24800000002142 ], [ 558081.87, 527698.167000000015832 ], [ 558101.72199999995064, 527694.858 ], [ 558073.871000000042841, 527643.598 ], [ 558060.341000000014901, 527654.24800000002142 ] ] ] } },
{ "type": "Feature", "properties": { "fid": 1855265, "crop": "grain_maize_corn_popcorn" }, "geometry": { "type": "Polygon", "coordinates": [ [ [ 554389.557999999960884, 511913.522999999986496 ], [ 554418.486000000033528, 511916.313000000023749 ], [ 554433.190000000060536, 511916.313000000023749 ], [ 554472.527, 511912.794 ], [ 554492.544, 511910.528 ], [ 554515.410999999963678, 511911.088999999978114 ], [ 554545.334000000031665, 511922.554 ], [ 554561.832999999984168, 511924.792000000015832 ], [ 554580.290000000037253, 511922.275000000023283 ], [ 554594.832000000053085, 511918.35999999998603 ], [ 554600.841999999945983, 511912.335000000020955 ], [ 554609.011999999987893, 511908.270000000018626 ], [ 554656.187999999965541, 511910.903999999980442 ], [ 554678.511000000056811, 511911.531000000017229 ], [ 554688.669, 511913.537000000011176 ], [ 554698.326, 511917.174 ], [ 554720.826, 511917.994 ], [ 554722.498999999952503, 511915.935999999986961 ], [ 554719.608, 511903.870999999984633 ], [ 554712.067999999970198, 511891.429 ], [ 554708.172000000020489, 511885.271 ], [ 554706.788999999989755, 511879.993000000016764 ], [ 554706.662999999942258, 511874.462999999988824 ], [ 554709.050999999977648, 511860.01 ], [ 554714.020000000018626, 511853.835000000020955 ], [ 554714.187999999965541, 511848.308000000019092 ], [ 554712.189000000013039, 511842.799999999988358 ], [ 554688.253000000026077, 511843.006999999983236 ], [ 554655.307000000029802, 511841.428000000014435 ], [ 554627.36199999996461, 511844.635 ], [ 554613.84699999995064, 511846.696999999985565 ], [ 554612.515999999945052, 511838.756999999983236 ], [ 554606.341000000014901, 511817.298 ], [ 554559.956, 511833.378000000026077 ], [ 554536.476000000024214, 511842.854999999981374 ], [ 554486.086000000010245, 511858.64000000001397 ], [ 554456.73699999996461, 511866.077999999979511 ], [ 554420.900000000023283, 511880.993000000016764 ], [ 554408.682999999960884, 511889.794999999983702 ], [ 554389.557999999960884, 511913.522999999986496 ] ], [ [ 554491.988000000012107, 511896.990999999979977 ], [ 554494.447999999974854, 511895.011999999987893 ], [ 554561.674, 511886.87300000002142 ], [ 554603.468, 511878.617000000027474 ], [ 554609.483, 511877.614 ], [ 554613.849000000045635, 511876.24900000001071 ], [ 554613.466000000014901, 511879.19 ], [ 554601.75199999997858, 511881.908 ], [ 554598.714000000036322, 511883.835000000020955 ], [ 554596.981999999959953, 511882.977000000013504 ], [ 554563.593, 511889.379000000015367 ], [ 554540.746999999973923, 511892.62300000002142 ], [ 554499.699000000022352, 511896.179 ], [ 554491.988000000012107, 511896.990999999979977 ] ] ] } },
{ "type": "Feature", "properties": { "fid": 1131899, "crop": "grain_maize_corn_popcorn" }, "geometry": { "type": "Polygon", "coordinates": [ [ [ 518181.822999999974854, 539664.596000000019558 ], [ 518205.593, 539674.942999999970198 ], [ 518220.273999999975786, 539680.814999999944121 ], [ 518246.00199999997858, 539690.322999999974854 ], [ 518274.246999999973923, 539701.089999999967404 ], [ 518290.047000000020489, 539706.962999999988824 ], [ 518310.740999999979977, 539713.954000000027008 ], [ 518355.205000000016298, 539728.076 ], [ 518423.99900000001071, 539750.028999999980442 ], [ 518431.536000000021886, 539739.304 ], [ 518307.467, 539699.544 ], [ 518289.569000000017695, 539693.251000000047497 ], [ 518272.152, 539687.363000000012107 ], [ 518256.850000000034925, 539680.947000000043772 ], [ 518203.717, 539659.273999999975786 ], [ 518144.487000000022817, 539633.152 ], [ 518144.215000000025611, 539647.848 ], [ 518181.822999999974854, 539664.596000000019558 ] ] ] } },
{ "type": "Feature", "properties": { "fid": 1217821, "crop": "grain_maize_corn_popcorn" }, "geometry": { "type": "Polygon", "coordinates": [ [ [ 556283.486000000033528, 517163.441999999980908 ], [ 556251.944000000017695, 517190.645000000018626 ], [ 556255.584000000031665, 517199.495999999984633 ], [ 556270.191, 517237.753000000026077 ], [ 556285.464000000036322, 517291.359 ], [ 556296.147, 517351.093 ], [ 556298.969000000040978, 517372.425999999977648 ], [ 556300.623999999952503, 517406.174 ], [ 556299.135, 517480.619 ], [ 556297.354000000050291, 517524.963999999978114 ], [ 556337.537999999942258, 517518.669999999983702 ], [ 556349.427000000025146, 517516.353 ], [ 556350.052999999956228, 517506.837 ], [ 556351.932999999960884, 517471.103 ], [ 556354.336000000010245, 517422.021 ], [ 556354.898000000044703, 517393.492000000027474 ], [ 556350.253999999957159, 517351.581 ], [ 556343.471000000019558, 517309.726000000024214 ], [ 556332.386999999987893, 517259.600000000034925 ], [ 556327.226000000024214, 517236.781000000017229 ], [ 556312.457000000053085, 517197.38900000002468 ], [ 556292.841000000014901, 517155.37300000002142 ], [ 556283.486000000033528, 517163.441999999980908 ] ] ] } },
{ "type": "Feature", "properties": { "fid": 2227320, "crop": "hemp_cannabis" }, "geometry": { "type": "Polygon", "coordinates": [ [ [ 545475.202000000048429, 558668.87 ], [ 545469.685000000055879, 558683.62699999997858 ], [ 545461.871999999973923, 558700.13 ], [ 545499.895999999949709, 558769.672999999951571 ], [ 545528.709000000031665, 558828.986000000033528 ], [ 545536.618999999947846, 558844.5 ], [ 545548.131999999983236, 558840.332000000053085 ], [ 545559.603, 558835.179 ], [ 545574.971000000019558, 558828.479999999981374 ], [ 545567.02800000004936, 558809.496999999973923 ], [ 545552.885, 558782.008999999961816 ], [ 545536.751000000047497, 558753.525000000023283 ], [ 545526.792000000015832, 558733.606000000028871 ], [ 545495.320000000065193, 558675.442999999970198 ], [ 545479.783000000054017, 558650.743000000016764 ], [ 545475.202000000048429, 558668.87 ] ] ] } },
{ "type": "Feature", "properties": { "fid": 819123, "crop": "hemp_cannabis" }, "geometry": { "type": "Polygon", "coordinates": [ [ [ 528946.535000000032596, 552495.915000000037253 ], [ 528945.253999999957159, 552502.849999999976717 ], [ 528950.924, 552509.741000000038184 ], [ 528979.520999999949709, 552504.417999999946915 ], [ 529012.067999999970198, 552498.701 ], [ 529024.212999999988824, 552495.098 ], [ 529029.310000000055879, 552492.011000000056811 ], [ 529034.775999999954365, 552493.525999999954365 ], [ 529049.158999999985099, 552491.517 ], [ 529077.893000000040047, 552484.187000000034459 ], [ 529106.603, 552475.635 ], [ 529163.657, 552456.772 ], [ 529184.035000000032596, 552451.054 ], [ 529246.929, 552437.12699999997858 ], [ 529241.76500000001397, 552417.87300000002142 ], [ 529170.741999999969266, 552430.957999999984168 ], [ 529163.684, 552435.807000000029802 ], [ 529155.285999999963678, 552439.538999999989755 ], [ 529149.184, 552440.042000000015832 ], [ 529118.846000000019558, 552451.555000000051223 ], [ 529085.662999999942258, 552462.196 ], [ 529057.809, 552469.966000000014901 ], [ 529034.645000000018626, 552476.709999999962747 ], [ 529027.542000000015832, 552479.442000000039116 ], [ 529018.625, 552478.027 ], [ 528986.26500000001397, 552484.92000000004191 ], [ 528975.626000000047497, 552489.348 ], [ 528946.535000000032596, 552495.915000000037253 ] ] ] } },
{ "type": "Feature", "properties": { "fid": 2355112, "crop": "hemp_cannabis" }, "geometry": { "type": "Polygon", "coordinates": [ [ [ 541797.570000000065193, 507702.445 ], [ 541863.231999999959953, 507635.672000000020489 ], [ 541848.606000000028871, 507586.919999999983702 ], [ 541838.712999999988824, 507554.202 ], [ 541829.615, 507562.641 ], [ 541782.665999999968335, 507628.717 ], [ 541787.302999999956228, 507654.220000000030268 ], [ 541797.570000000065193, 507702.445 ] ] ] } },
{ "type": "Feature", "properties": { "fid": 2272848, "crop": "hemp_cannabis" }, "geometry": { "type": "Polygon", "coordinates": [ [ [ 537820.520999999949709, 553383.064000000013039 ], [ 537820.615, 553440.741000000038184 ], [ 537823.334999999962747, 553488.944999999948777 ], [ 537822.368999999947846, 553532.371000000042841 ], [ 537820.324999999953434, 553567.044 ], [ 537811.692999999970198, 553600.75199999997858 ], [ 537803.363000000012107, 553623.025000000023283 ], [ 537806.530999999959022, 553624.40500000002794 ], [ 537824.020999999949709, 553631.908999999985099 ], [ 537832.701, 553609.320000000065193 ], [ 537844.898999999975786, 553570.128000000026077 ], [ 537848.366999999969266, 553549.417000000015832 ], [ 537854.267, 553517.0 ], [ 537853.38, 553494.812999999965541 ], [ 537851.672000000020489, 553456.192000000039116 ], [ 537851.47199999995064, 553421.334000000031665 ], [ 537853.702000000048429, 553385.079000000027008 ], [ 537849.780999999959022, 553327.153999999980442 ], [ 537849.959000000031665, 553316.052000000025146 ], [ 537849.952000000048429, 553270.952000000048429 ], [ 537821.692999999970198, 553287.702000000048429 ], [ 537820.942999999970198, 553311.454000000027008 ], [ 537820.520999999949709, 553383.064000000013039 ] ] ] } },
{ "type": "Feature", "properties": { "fid": 2313669, "crop": "hemp_cannabis" }, "geometry": { "type": "Polygon", "coordinates": [ [ [ 531145.01500000001397, 554402.084999999962747 ], [ 531164.52800000004936, 554412.88800000003539 ], [ 531205.207999999984168, 554434.547999999951571 ], [ 531236.481000000028871, 554450.245 ], [ 531263.064999999944121, 554467.09499999997206 ], [ 531307.243000000016764, 554501.67000000004191 ], [ 531323.413999999989755, 554516.131000000052154 ], [ 531355.819000000017695, 554543.626000000047497 ], [ 531411.400999999954365, 554589.974000000045635 ], [ 531442.751000000047497, 554576.675000000046566 ], [ 531447.187000000034459, 554570.99 ], [ 531471.01300000003539, 554552.767 ], [ 531488.322999999974854, 554535.160000000032596 ], [ 531501.564000000013039, 554515.437000000034459 ], [ 531507.148000000044703, 554502.302000000025146 ], [ 531509.321, 554491.888999999966472 ], [ 531300.231000000028871, 554387.018999999971129 ], [ 531358.327999999979511, 554308.778999999980442 ], [ 531277.462999999988824, 554262.468 ], [ 531221.26300000003539, 554347.341000000014901 ], [ 531195.13800000003539, 554332.684 ], [ 531186.267, 554349.278999999980442 ], [ 531176.49800000002142, 554362.716999999945983 ], [ 531160.118999999947846, 554381.941 ], [ 531145.01500000001397, 554402.084999999962747 ] ] ] } },
{ "type": "Feature", "properties": { "fid": 379918, "crop": "hemp_cannabis" }, "geometry": { "type": "Polygon", "coordinates": [ [ [ 538841.229000000050291, 552625.116999999969266 ], [ 538843.334999999962747, 552719.410999999963678 ], [ 538844.90500000002794, 552765.103 ], [ 538850.187999999965541, 552760.27800000004936 ], [ 538861.787999999942258, 552753.005 ], [ 538867.047999999951571, 552626.957000000053085 ], [ 538866.991000000038184, 552625.78000000002794 ], [ 538841.229000000050291, 552625.116999999969266 ] ] ] } },
{ "type": "Feature", "properties": { "fid": 630448, "crop": "hemp_cannabis" }, "geometry": { "type": "Polygon", "coordinates": [ [ [ 539937.682000000029802, 521902.632999999972526 ], [ 539961.182999999960884, 521910.256 ], [ 540019.832000000053085, 521791.857000000018161 ], [ 540025.307999999960884, 521780.931999999971595 ], [ 540040.464000000036322, 521749.778 ], [ 540059.214000000036322, 521711.384000000020023 ], [ 540028.890999999945052, 521716.596000000019558 ], [ 539937.682000000029802, 521902.632999999972526 ] ] ] } },
{ "type": "Feature", "properties": { "fid": 1065797, "crop": "hemp_cannabis" }, "geometry": { "type": "Polygon", "coordinates": [ [ [ 549486.522, 516113.217 ], [ 549530.444999999948777, 516116.939000000013039 ], [ 549529.885, 516135.990999999979977 ], [ 549537.348, 516142.109 ], [ 549567.393999999971129, 516143.711000000010245 ], [ 549579.567000000039116, 516142.901000000012573 ], [ 549582.892, 516135.848 ], [ 549583.199000000022352, 516123.848999999987427 ], [ 549577.667999999946915, 516065.157 ], [ 549563.224999999976717, 516051.943000000028405 ], [ 549540.792999999946915, 516038.729 ], [ 549522.496999999973923, 516031.98499999998603 ], [ 549504.868000000016764, 516025.202 ], [ 549497.199000000022352, 516028.221000000019558 ], [ 549493.837000000057742, 516039.427000000025146 ], [ 549486.522, 516113.217 ] ] ] } },
{ "type": "Feature", "properties": { "fid": 2225567, "crop": "hemp_cannabis" }, "geometry": { "type": "Polygon", "coordinates": [ [ [ 557306.346000000019558, 517311.788999999989755 ], [ 557316.530999999959022, 517338.634000000020023 ], [ 557315.648999999975786, 517350.276000000012573 ], [ 557314.942999999970198, 517357.684 ], [ 557316.795999999972992, 517368.148999999975786 ], [ 557319.353, 517371.971000000019558 ], [ 557323.410000000032596, 517374.794 ], [ 557334.962000000057742, 517382.173 ], [ 557360.451, 517397.370999999984633 ], [ 557381.005, 517406.5 ], [ 557389.202000000048429, 517408.660000000032596 ], [ 557396.434, 517409.365 ], [ 557410.192000000039116, 517406.367000000027474 ], [ 557419.011000000056811, 517402.31 ], [ 557428.35999999998603, 517398.429 ], [ 557442.792000000015832, 517390.217 ], [ 557462.402, 517377.087 ], [ 557481.39000000001397, 517367.684 ], [ 557505.087999999988824, 517358.39000000001397 ], [ 557549.204000000027008, 517344.932000000029802 ], [ 557563.824000000022352, 517340.927000000025146 ], [ 557572.643999999971129, 517338.810999999986961 ], [ 557584.462000000057742, 517337.929 ], [ 557599.27800000004936, 517337.400000000023283 ], [ 557603.334999999962747, 517335.107000000018161 ], [ 557605.099000000045635, 517330.343999999982771 ], [ 557606.559, 517314.120999999984633 ], [ 557611.625, 517279.721000000019558 ], [ 557617.446, 517222.924999999988358 ], [ 557618.358, 517199.729 ], [ 557501.812000000034459, 517206.951 ], [ 557422.633999999961816, 517229.049 ], [ 557423.775000000023283, 517235.604999999981374 ], [ 557428.006999999983236, 517257.32 ], [ 557427.478, 517258.731000000028871 ], [ 557425.185000000055879, 517259.790000000037253 ], [ 557404.206, 517264.62599999998929 ], [ 557376.148999999975786, 517270.726000000024214 ], [ 557308.241000000038184, 517308.825000000011642 ], [ 557306.346000000019558, 517311.788999999989755 ] ] ] } },
{ "type": "Feature", "properties": { "fid": 810931, "crop": "hemp_cannabis" }, "geometry": { "type": "Polygon", "coordinates": [ [ [ 529967.951, 552340.452999999979511 ], [ 529981.224999999976717, 552350.62699999997858 ], [ 530005.549, 552302.802000000025146 ], [ 530020.951, 552267.721000000019558 ], [ 530017.059, 552265.84699999995064 ], [ 530007.116000000038184, 552260.51500000001397 ], [ 530000.964000000036322, 552272.341999999945983 ], [ 529989.694000000017695, 552296.797999999951571 ], [ 529980.885, 552314.415999999968335 ], [ 529967.951, 552340.452999999979511 ] ] ] } },
{ "type": "Feature", "properties": { "fid": 379941, "crop": "hemp_cannabis" }, "geometry": { "type": "Polygon", "coordinates": [ [ [ 538867.047999999951571, 552626.957000000053085 ], [ 538861.787999999942258, 552753.005 ], [ 538872.966000000014901, 552749.277 ], [ 538867.047999999951571, 552626.957000000053085 ] ] ] } },
{ "type": "Feature", "properties": { "fid": 1300336, "crop": "hemp_cannabis" }, "geometry": { "type": "Polygon", "coordinates": [ [ [ 540435.062000000034459, 515375.37300000002142 ], [ 540436.197999999974854, 515402.766 ], [ 540466.314999999944121, 515405.299999999988358 ], [ 540466.481999999959953, 515394.052000000025146 ], [ 540464.711000000010245, 515357.223999999987427 ], [ 540463.826, 515332.259000000020023 ], [ 540462.23499999998603, 515275.744 ], [ 540463.47199999995064, 515256.479 ], [ 540463.826, 515240.897999999986496 ], [ 540469.547000000020489, 515207.504000000015367 ], [ 540480.822999999974854, 515158.212999999988824 ], [ 540488.150999999954365, 515114.846000000019558 ], [ 540456.49800000002142, 515103.157 ], [ 540454.37300000002142, 515130.777 ], [ 540450.067000000039116, 515153.795999999972992 ], [ 540448.775999999954365, 515166.18 ], [ 540444.527, 515181.761 ], [ 540438.177999999956228, 515204.327 ], [ 540434.07999999995809, 515237.711000000010245 ], [ 540433.70499999995809, 515264.76500000001397 ], [ 540432.905999999959022, 515330.982000000018161 ], [ 540433.216000000014901, 515344.593 ], [ 540435.062000000034459, 515375.37300000002142 ] ] ] } },
{ "type": "Feature", "properties": { "fid": 2478263, "crop": "hemp_cannabis" }, "geometry": { "type": "Polygon", "coordinates": [ [ [ 540135.011000000056811, 515701.256 ], [ 540149.365, 515705.0 ], [ 540211.329000000027008, 515715.813000000023749 ], [ 540245.930999999982305, 515720.040000000037253 ], [ 540235.025000000023283, 515700.794999999983702 ], [ 540222.211000000010245, 515684.177000000025146 ], [ 540209.456, 515675.40500000002794 ], [ 540200.78000000002794, 515670.447999999974854 ], [ 540182.898000000044703, 515663.720000000030268 ], [ 540157.400999999954365, 515655.929 ], [ 540144.211000000010245, 515653.521 ], [ 540139.191, 515677.773999999975786 ], [ 540138.003000000026077, 515683.363000000012107 ], [ 540135.011000000056811, 515701.256 ] ] ] } },
{ "type": "Feature", "properties": { "fid": 2299517, "crop": "hemp_cannabis" }, "geometry": { "type": "Polygon", "coordinates": [ [ [ 555264.827999999979511, 514152.908999999985099 ], [ 555265.562999999965541, 514176.601000000024214 ], [ 555352.199000000022352, 514229.164999999979045 ], [ 555396.697999999974854, 514257.229 ], [ 555409.554, 514265.12699999997858 ], [ 555413.228, 514266.229 ], [ 555424.834000000031665, 514243.870999999984633 ], [ 555430.106999999959953, 514228.446999999985565 ], [ 555379.349999999976717, 514205.858 ], [ 555294.623999999952503, 514169.071 ], [ 555264.827999999979511, 514152.908999999985099 ] ] ] } },
{ "type": "Feature", "properties": { "fid": 1801666, "crop": "hemp_cannabis" }, "geometry": { "type": "Polygon", "coordinates": [ [ [ 538359.952999999979511, 553263.483 ], [ 538361.677999999956228, 553314.265999999945052 ], [ 538369.300000000046566, 553404.248999999952503 ], [ 538404.337999999988824, 553418.665000000037253 ], [ 538399.505, 553361.736000000033528 ], [ 538398.618000000016764, 553322.881000000052154 ], [ 538397.636999999987893, 553267.34499999997206 ], [ 538397.886000000056811, 553192.209999999962747 ], [ 538398.447000000043772, 553171.72199999995064 ], [ 538392.871000000042841, 553068.405999999959022 ], [ 538362.591999999945983, 553071.234000000054948 ], [ 538361.201, 553167.949000000022352 ], [ 538361.537000000011176, 553191.895999999949709 ], [ 538359.952999999979511, 553263.483 ] ] ] } },
{ "type": "Feature", "properties": { "fid": 1300674, "crop": "hemp_cannabis" }, "geometry": { "type": "Polygon", "coordinates": [ [ [ 540563.089999999967404, 516238.392 ], [ 540527.525000000023283, 516234.414999999979045 ], [ 540496.670999999972992, 516256.490999999979977 ], [ 540550.628999999957159, 516262.609 ], [ 540598.464000000036322, 516273.713999999978114 ], [ 540602.770000000018626, 516242.446 ], [ 540563.089999999967404, 516238.392 ] ] ] } },
{ "type": "Feature", "properties": { "fid": 1802039, "crop": "hemp_cannabis" }, "geometry": { "type": "Polygon", "coordinates": [ [ [ 540421.441, 552870.687000000034459 ], [ 540440.734000000054948, 552893.305000000051223 ], [ 540480.294, 552896.643000000040047 ], [ 540517.351000000024214, 552900.37 ], [ 540575.809, 552905.863999999943189 ], [ 540588.908000000054017, 552907.241000000038184 ], [ 540627.023999999975786, 552910.684 ], [ 540657.138999999966472, 552912.890999999945052 ], [ 540679.996000000042841, 552914.537000000011176 ], [ 540722.712000000057742, 552915.52800000004936 ], [ 540729.265999999945052, 552915.579000000027008 ], [ 540748.224999999976717, 552915.221000000019558 ], [ 540788.788999999989755, 552914.172999999951571 ], [ 540825.917000000015832, 552911.033999999985099 ], [ 540858.843, 552906.04500000004191 ], [ 540870.400999999954365, 552904.116000000038184 ], [ 540908.783999999985099, 552897.505 ], [ 540949.491999999969266, 552888.324000000022352 ], [ 540997.327000000048429, 552876.366000000038184 ], [ 541071.63800000003539, 552856.005 ], [ 541154.473, 552829.037000000011176 ], [ 541144.496999999973923, 552802.033000000054017 ], [ 541104.608, 552817.135 ], [ 541096.278999999980442, 552820.226999999955297 ], [ 541062.912999999942258, 552830.832000000053085 ], [ 540996.525999999954365, 552848.312000000034459 ], [ 540939.947000000043772, 552861.082000000053085 ], [ 540911.587000000057742, 552867.312999999965541 ], [ 540854.927999999956228, 552877.071 ], [ 540814.858, 552881.979999999981374 ], [ 540765.496999999973923, 552886.976000000024214 ], [ 540719.033000000054017, 552888.140999999945052 ], [ 540670.822000000043772, 552886.538999999989755 ], [ 540636.667000000015832, 552884.694999999948777 ], [ 540587.991000000038184, 552880.827000000048429 ], [ 540545.52800000004936, 552876.829000000027008 ], [ 540458.890999999945052, 552867.402 ], [ 540427.006999999983236, 552865.444000000017695 ], [ 540421.912999999942258, 552867.533999999985099 ], [ 540421.441, 552870.687000000034459 ] ] ] } },
{ "type": "Feature", "properties": { "fid": 1755114, "crop": "hemp_cannabis" }, "geometry": { "type": "Polygon", "coordinates": [ [ [ 533056.859000000054948, 552965.54500000004191 ], [ 533064.118000000016764, 552995.984000000054948 ], [ 533076.23499999998603, 553048.270999999949709 ], [ 533083.714999999967404, 553073.932000000029802 ], [ 533093.060999999986961, 553096.452999999979511 ], [ 533099.191, 553111.520000000018626 ], [ 533123.826, 553156.469000000040978 ], [ 533154.101000000024214, 553199.408999999985099 ], [ 533170.140999999945052, 553187.75199999997858 ], [ 533168.979999999981374, 553164.442999999970198 ], [ 533168.979999999981374, 553151.920999999972992 ], [ 533168.533999999985099, 553133.682000000029802 ], [ 533160.442999999970198, 553108.462000000057742 ], [ 533141.172000000020489, 553055.777 ], [ 533129.753000000026077, 553015.383000000030734 ], [ 533113.832000000053085, 552945.98499999998603 ], [ 533110.841000000014901, 552930.008999999961816 ], [ 533081.064000000013039, 552945.185999999986961 ], [ 533065.878000000026077, 552953.177999999956228 ], [ 533055.172000000020489, 552958.518000000040047 ], [ 533056.859000000054948, 552965.54500000004191 ] ] ] } },
{ "type": "Feature", "properties": { "fid": 1172544, "crop": "hemp_cannabis" }, "geometry": { "type": "Polygon", "coordinates": [ [ [ 542209.758999999961816, 507599.075000000011642 ], [ 542249.748999999952503, 507598.587999999988824 ], [ 542253.214000000036322, 507554.678000000014435 ], [ 542257.794, 507530.066999999980908 ], [ 542248.777, 507528.99800000002142 ], [ 542215.571, 507527.081 ], [ 542209.758999999961816, 507599.075000000011642 ] ] ] } },
{ "type": "Feature", "properties": { "fid": 380645, "crop": "hemp_cannabis" }, "geometry": { "type": "Polygon", "coordinates": [ [ [ 537422.675000000046566, 552131.468 ], [ 537418.96999999997206, 552141.615 ], [ 537459.866999999969266, 552126.011999999987893 ], [ 537512.98699999996461, 552107.469000000040978 ], [ 537509.067999999970198, 552093.898999999975786 ], [ 537425.24, 552124.517 ], [ 537422.675000000046566, 552131.468 ] ] ] } },
{ "type": "Feature", "properties": { "fid": 2296985, "crop": "hemp_cannabis" }, "geometry": { "type": "Polygon", "coordinates": [ [ [ 554272.947999999974854, 513654.788 ], [ 554315.192999999970198, 513669.919999999983702 ], [ 554338.030999999959022, 513675.156000000017229 ], [ 554350.540999999968335, 513679.788999999989755 ], [ 554368.346000000019558, 513687.338999999978114 ], [ 554380.895000000018626, 513680.981000000028871 ], [ 554453.961000000010245, 513636.683000000019092 ], [ 554481.192999999970198, 513619.329000000027008 ], [ 554497.550000000046566, 513609.961000000010245 ], [ 554459.111000000033528, 513546.200000000011642 ], [ 554455.934, 513542.761999999987893 ], [ 554452.824999999953434, 513544.218 ], [ 554407.022, 513579.848999999987427 ], [ 554357.182000000029802, 513612.609 ], [ 554302.511000000056811, 513642.57 ], [ 554272.947999999974854, 513654.788 ] ] ] } },
{ "type": "Feature", "properties": { "fid": 2227564, "crop": "hemp_cannabis" }, "geometry": { "type": "Polygon", "coordinates": [ [ [ 551572.194999999948777, 519757.679 ], [ 551588.677000000025146, 519814.854 ], [ 551594.515999999945052, 519828.838999999978114 ], [ 551599.758999999961816, 519837.083999999973457 ], [ 551603.723, 519841.189000000013039 ], [ 551609.962000000057742, 519845.295999999972992 ], [ 551619.447999999974854, 519850.697999999974854 ], [ 551647.663999999989755, 519864.145000000018626 ], [ 551674.812999999965541, 519883.564000000013039 ], [ 551684.187999999965541, 519890.843 ], [ 551698.615, 519905.807000000029802 ], [ 551702.826, 519910.585000000020955 ], [ 551688.753999999957159, 519921.266 ], [ 551690.49800000002142, 519924.172000000020489 ], [ 551711.687999999965541, 519930.753000000026077 ], [ 551799.57999999995809, 519961.270000000018626 ], [ 551802.302000000025146, 519960.007999999972526 ], [ 551804.055000000051223, 519957.071 ], [ 551812.476999999955297, 519937.798 ], [ 551827.564000000013039, 519901.430999999982305 ], [ 551843.996999999973923, 519863.712 ], [ 551856.018000000040047, 519838.346000000019558 ], [ 551873.618999999947846, 519813.57 ], [ 551880.520000000018626, 519802.327999999979511 ], [ 551882.929, 519796.215000000025611 ], [ 551883.920999999972992, 519786.730000000039581 ], [ 551883.091000000014901, 519776.574000000022352 ], [ 551880.723, 519768.311999999976251 ], [ 551877.913999999989755, 519763.797000000020489 ], [ 551873.544, 519757.799 ], [ 551870.702000000048429, 519755.677000000025146 ], [ 551865.187999999965541, 519752.257999999972526 ], [ 551855.702999999979511, 519750.272999999986496 ], [ 551844.343, 519750.494 ], [ 551817.582000000053085, 519755.452999999979511 ], [ 551820.910000000032596, 519780.770000000018626 ], [ 551741.09699999995064, 519805.369 ], [ 551715.094000000040978, 519745.604 ], [ 551695.993000000016764, 519749.538 ], [ 551687.827000000048429, 519750.886 ], [ 551678.900999999954365, 519750.207999999984168 ], [ 551670.71999999997206, 519748.884000000020023 ], [ 551654.491999999969266, 519747.354 ], [ 551635.033000000054017, 519747.354 ], [ 551621.481000000028871, 519748.027 ], [ 551606.99, 519749.272999999986496 ], [ 551592.966000000014901, 519751.299 ], [ 551580.89000000001397, 519753.792000000015832 ], [ 551572.194999999948777, 519757.679 ] ] ] } },
{ "type": "Feature", "properties": { "fid": 1170621, "crop": "hemp_cannabis" }, "geometry": { "type": "Polygon", "coordinates": [ [ [ 541767.256999999983236, 515366.579000000027008 ], [ 541775.814999999944121, 515450.182000000029802 ], [ 541805.400999999954365, 515446.028999999980442 ], [ 541796.962000000057742, 515367.62300000002142 ], [ 541794.103, 515329.528999999980442 ], [ 541791.513999999966472, 515303.564000000013039 ], [ 541786.047999999951571, 515269.137999999977183 ], [ 541781.731000000028871, 515248.691999999980908 ], [ 541755.26300000003539, 515139.941 ], [ 541749.351000000024214, 515106.99 ], [ 541748.868999999947846, 515084.207 ], [ 541737.055999999982305, 515098.884000000020023 ], [ 541726.290000000037253, 515115.353 ], [ 541729.23699999996461, 515134.207999999984168 ], [ 541733.422999999951571, 515154.080000000016298 ], [ 541751.998999999952503, 515237.51 ], [ 541757.814000000013039, 515267.520000000018626 ], [ 541762.435999999986961, 515299.547000000020489 ], [ 541767.256999999983236, 515366.579000000027008 ] ] ] } },
{ "type": "Feature", "properties": { "fid": 2398625, "crop": "hemp_cannabis" }, "geometry": { "type": "Polygon", "coordinates": [ [ [ 554418.814000000013039, 525273.511000000056811 ], [ 554416.199000000022352, 525278.959000000031665 ], [ 554409.660999999963678, 525288.984000000054948 ], [ 554403.331, 525297.312999999965541 ], [ 554414.890999999945052, 525300.535000000032596 ], [ 554467.412999999942258, 525305.547000000020489 ], [ 554504.679, 525306.854999999981374 ], [ 554556.76500000001397, 525307.072999999974854 ], [ 554603.837999999988824, 525304.238999999943189 ], [ 554603.402, 525286.587000000057742 ], [ 554603.569000000017695, 525274.861000000033528 ], [ 554580.73699999996461, 525275.253999999957159 ], [ 554566.99800000002142, 525276.718 ], [ 554558.523999999975786, 525283.46999999997206 ], [ 554551.638999999966472, 525283.337999999988824 ], [ 554525.158999999985099, 525281.616999999969266 ], [ 554490.206, 525275.922999999951571 ], [ 554462.618000000016764, 525275.47199999995064 ], [ 554420.557000000029802, 525270.459999999962747 ], [ 554418.814000000013039, 525273.511000000056811 ] ] ] } },
{ "type": "Feature", "properties": { "fid": 1836098, "crop": "hemp_cannabis" }, "geometry": { "type": "Polygon", "coordinates": [ [ [ 523248.48599999997532, 518309.865999999979977 ], [ 523327.254000000015367, 518328.511999999987893 ], [ 523367.189000000013039, 518338.716000000014901 ], [ 523380.324000000022352, 518343.531000000017229 ], [ 523386.657, 518348.936999999976251 ], [ 523392.99800000002142, 518353.669999999983702 ], [ 523404.826, 518361.48499999998603 ], [ 523433.061999999976251, 518372.083999999973457 ], [ 523452.525000000023283, 518377.392999999981839 ], [ 523502.832999999984168, 518392.324000000022352 ], [ 523512.738000000012107, 518382.408 ], [ 523530.715000000025611, 518360.429 ], [ 523526.650000000023283, 518359.343999999982771 ], [ 523524.193000000028405, 518358.708999999973457 ], [ 523506.980000000039581, 518354.093 ], [ 523491.980000000039581, 518350.215000000025611 ], [ 523437.879000000015367, 518331.772999999986496 ], [ 523373.081, 518306.870999999984633 ], [ 523352.381999999983236, 518301.452999999979511 ], [ 523331.031000000017229, 518294.392999999981839 ], [ 523284.558000000019092, 518280.446 ], [ 523276.191999999980908, 518299.386 ], [ 523255.913999999989755, 518293.049 ], [ 523248.48599999997532, 518309.865999999979977 ] ] ] } },
{ "type": "Feature", "properties": { "fid": 1648315, "crop": "hemp_cannabis" }, "geometry": { "type": "Polygon", "coordinates": [ [ [ 544364.834999999962747, 521119.620999999984633 ], [ 544365.228, 521132.705000000016298 ], [ 544365.125, 521139.206 ], [ 544364.802999999956228, 521149.44 ], [ 544362.23699999996461, 521196.184 ], [ 544362.628999999957159, 521212.681999999971595 ], [ 544363.712000000057742, 521232.381999999983236 ], [ 544365.493999999947846, 521257.608 ], [ 544366.863999999943189, 521268.071 ], [ 544368.702000000048429, 521278.791000000026543 ], [ 544373.079000000027008, 521300.804 ], [ 544379.881000000052154, 521330.711000000010245 ], [ 544382.954000000027008, 521343.99900000001071 ], [ 544387.373999999952503, 521365.854999999981374 ], [ 544394.353, 521398.920999999972992 ], [ 544409.493999999947846, 521397.571 ], [ 544402.072000000043772, 521356.032 ], [ 544395.15500000002794, 521322.970000000030268 ], [ 544388.765999999945052, 521293.456 ], [ 544382.910000000032596, 521262.782 ], [ 544379.520000000018626, 521228.087 ], [ 544378.615, 521207.335000000020955 ], [ 544378.615, 521201.949000000022352 ], [ 544378.868000000016764, 521179.547000000020489 ], [ 544380.202999999979511, 521159.479 ], [ 544381.148000000044703, 521134.896 ], [ 544380.410000000032596, 521111.968 ], [ 544379.417000000015832, 521088.947999999974854 ], [ 544378.758000000030734, 521079.006999999983236 ], [ 544378.221000000019558, 521069.571999999985565 ], [ 544362.533999999985099, 521072.908 ], [ 544364.834999999962747, 521119.620999999984633 ] ] ] } },
{ "type": "Feature", "properties": { "fid": 2299529, "crop": "hemp_cannabis" }, "geometry": { "type": "Polygon", "coordinates": [ [ [ 554901.501000000047497, 516785.423 ], [ 554915.800999999977648, 516770.691 ], [ 554909.827999999979511, 516737.125 ], [ 554899.615, 516692.365999999979977 ], [ 554869.297999999951571, 516597.956 ], [ 554844.334999999962747, 516597.821999999985565 ], [ 554880.081, 516697.867000000027474 ], [ 554901.501000000047497, 516785.423 ] ] ] } },
{ "type": "Feature", "properties": { "fid": 397394, "crop": "hemp_cannabis" }, "geometry": { "type": "Polygon", "coordinates": [ [ [ 559356.033999999985099, 549776.991000000038184 ], [ 559359.756000000052154, 549777.726000000024214 ], [ 559371.153999999980442, 549781.971000000019558 ], [ 559405.971000000019558, 549790.738000000012107 ], [ 559467.567000000039116, 549810.064999999944121 ], [ 559514.76500000001397, 549817.79500000004191 ], [ 559562.942000000039116, 549823.755 ], [ 559586.332999999984168, 549826.859000000054948 ], [ 559613.571, 549828.645000000018626 ], [ 559662.570000000065193, 549828.292999999946915 ], [ 559676.657, 549827.797999999951571 ], [ 559686.920999999972992, 549827.437999999965541 ], [ 559693.199000000022352, 549821.351999999955297 ], [ 559717.724000000045635, 549788.851999999955297 ], [ 559736.738000000012107, 549763.711000000010245 ], [ 559747.079000000027008, 549751.694999999948777 ], [ 559737.172999999951571, 549752.799 ], [ 559725.267, 549754.126000000047497 ], [ 559691.797000000020489, 549757.111000000033528 ], [ 559657.925000000046566, 549759.584000000031665 ], [ 559626.587000000057742, 549760.09699999995064 ], [ 559574.574999999953434, 549758.525000000023283 ], [ 559520.248999999952503, 549753.63 ], [ 559499.858, 549748.719000000040978 ], [ 559473.959999999962747, 549739.937000000034459 ], [ 559439.280999999959022, 549725.797000000020489 ], [ 559418.677999999956228, 549714.672000000020489 ], [ 559409.51300000003539, 549709.723 ], [ 559394.530999999959022, 549746.839999999967404 ], [ 559380.336000000010245, 549742.782 ], [ 559346.084999999962747, 549775.02800000004936 ], [ 559356.033999999985099, 549776.991000000038184 ] ] ] } },
{ "type": "Feature", "properties": { "fid": 1068263, "crop": "hemp_cannabis" }, "geometry": { "type": "Polygon", "coordinates": [ [ [ 555347.474000000045635, 513998.935999999986961 ], [ 555313.765999999945052, 513982.300999999977648 ], [ 555296.256000000052154, 513977.48499999998603 ], [ 555262.986000000033528, 513958.662000000011176 ], [ 555242.642, 513945.516 ], [ 555244.449999999953434, 513958.949000000022352 ], [ 555266.410000000032596, 514082.071999999985565 ], [ 555266.962000000057742, 514111.908999999985099 ], [ 555266.799, 514119.09499999997206 ], [ 555319.118000000016764, 514114.386 ], [ 555335.45499999995809, 514115.945 ], [ 555356.544, 514119.509000000020023 ], [ 555430.63, 514128.813000000023749 ], [ 555433.712999999988824, 514104.87400000001071 ], [ 555432.398999999975786, 514085.612000000022817 ], [ 555435.662999999942258, 514070.413 ], [ 555441.353, 514049.930999999982305 ], [ 555435.67000000004191, 514042.354999999981374 ], [ 555419.704000000027008, 514034.832 ], [ 555347.474000000045635, 513998.935999999986961 ] ] ] } },
{ "type": "Feature", "properties": { "fid": 1065529, "crop": "hemp_cannabis" }, "geometry": { "type": "Polygon", "coordinates": [ [ [ 554767.285999999963678, 514196.705000000016298 ], [ 554735.719000000040978, 514231.065 ], [ 554721.282, 514246.295999999972992 ], [ 554703.081, 514263.305999999982305 ], [ 554667.817000000039116, 514291.189000000013039 ], [ 554646.133000000030734, 514310.49800000002142 ], [ 554644.091999999945983, 514315.43 ], [ 554696.535999999963678, 514410.061999999976251 ], [ 554711.821, 514440.066 ], [ 554724.207999999984168, 514478.407 ], [ 554794.059, 514359.87 ], [ 554809.189000000013039, 514321.017 ], [ 554820.234000000054948, 514296.836000000010245 ], [ 554834.888999999966472, 514264.587999999988824 ], [ 554832.692999999970198, 514241.848999999987427 ], [ 554829.697999999974854, 514218.76 ], [ 554828.946, 514209.38 ], [ 554828.952999999979511, 514206.853 ], [ 554811.559, 514203.048 ], [ 554771.832999999984168, 514195.966000000014901 ], [ 554767.285999999963678, 514196.705000000016298 ] ] ] } },
{ "type": "Feature", "properties": { "fid": 274618, "crop": "hemp_cannabis" }, "geometry": { "type": "Polygon", "coordinates": [ [ [ 546458.591000000014901, 515529.125 ], [ 546474.017, 515554.800999999977648 ], [ 546481.98499999998603, 515572.85999999998603 ], [ 546492.52800000004936, 515600.318000000028405 ], [ 546498.449999999953434, 515620.37599999998929 ], [ 546507.99800000002142, 515645.231000000028871 ], [ 546511.591000000014901, 515654.042000000015832 ], [ 546559.530999999959022, 515757.706 ], [ 546576.523000000044703, 515750.825000000011642 ], [ 546603.45499999995809, 515740.679 ], [ 546600.84699999995064, 515735.932000000029802 ], [ 546591.373999999952503, 515723.106000000028871 ], [ 546582.280999999959022, 515706.795999999972992 ], [ 546571.292999999946915, 515680.44 ], [ 546535.660999999963678, 515597.348 ], [ 546515.86199999996461, 515545.533 ], [ 546497.810000000055879, 515504.184 ], [ 546494.799, 515498.913999999989755 ], [ 546453.376000000047497, 515521.381 ], [ 546458.591000000014901, 515529.125 ] ] ] } },
{ "type": "Feature", "properties": { "fid": 1801664, "crop": "hemp_cannabis" }, "geometry": { "type": "Polygon", "coordinates": [ [ [ 537345.123999999952503, 551542.069000000017695 ], [ 537359.506999999983236, 551537.488000000012107 ], [ 537372.711000000010245, 551460.402 ], [ 537378.0, 551430.128999999957159 ], [ 537385.069000000017695, 551389.900000000023283 ], [ 537387.111000000033528, 551375.913999999989755 ], [ 537370.231000000028871, 551378.459000000031665 ], [ 537365.201, 551423.890999999945052 ], [ 537359.386999999987893, 551464.212000000057742 ], [ 537350.125, 551510.402 ], [ 537345.123999999952503, 551542.069000000017695 ] ] ] } },
{ "type": "Feature", "properties": { "fid": 2275622, "crop": "hemp_cannabis" }, "geometry": { "type": "Polygon", "coordinates": [ [ [ 539790.822000000043772, 550721.01 ], [ 539769.047000000020489, 550730.006000000052154 ], [ 539746.417000000015832, 550738.400999999954365 ], [ 539728.481999999959953, 550744.946 ], [ 539704.302999999956228, 550751.361000000033528 ], [ 539683.821, 550757.476999999955297 ], [ 539659.084000000031665, 550762.297999999951571 ], [ 539635.868999999947846, 550765.917000000015832 ], [ 539597.525999999954365, 550770.966000000014901 ], [ 539579.125, 550774.383999999961816 ], [ 539568.819000000017695, 550776.185000000055879 ], [ 539519.282, 550784.09499999997206 ], [ 539474.849999999976717, 550833.375 ], [ 539520.047000000020489, 550822.297000000020489 ], [ 539588.006999999983236, 550810.22199999995064 ], [ 539633.432000000029802, 550801.01300000003539 ], [ 539699.559, 550788.447999999974854 ], [ 539714.300999999977648, 550785.59699999995064 ], [ 539732.709000000031665, 550782.319000000017695 ], [ 539749.778999999980442, 550776.79500000004191 ], [ 539765.593, 550771.523000000044703 ], [ 539783.90500000002794, 550764.863999999943189 ], [ 539802.187999999965541, 550759.292999999946915 ], [ 539816.731999999959953, 550754.01500000001397 ], [ 539842.34499999997206, 550745.59699999995064 ], [ 539868.697000000043772, 550737.996999999973923 ], [ 539881.226999999955297, 550735.62300000002142 ], [ 539903.978, 550732.616000000038184 ], [ 539918.962000000057742, 550731.459000000031665 ], [ 539924.099999999976717, 550730.057999999960884 ], [ 539925.522, 550726.15300000004936 ], [ 539923.633999999961816, 550711.451 ], [ 539922.591000000014901, 550685.964999999967404 ], [ 539913.942999999970198, 550686.876000000047497 ], [ 539891.783999999985099, 550690.616000000038184 ], [ 539861.133999999961816, 550698.466999999945983 ], [ 539840.001000000047497, 550704.550000000046566 ], [ 539804.603, 550716.270999999949709 ], [ 539790.822000000043772, 550721.01 ] ] ] } },
{ "type": "Feature", "properties": { "fid": 2092471, "crop": "hemp_cannabis" }, "geometry": { "type": "Polygon", "coordinates": [ [ [ 531661.591000000014901, 549615.76500000001397 ], [ 531665.261000000056811, 549626.890999999945052 ], [ 531683.018999999971129, 549637.517 ], [ 531698.400000000023283, 549649.962000000057742 ], [ 531724.189000000013039, 549673.658000000054017 ], [ 531745.520999999949709, 549697.36199999996461 ], [ 531763.697999999974854, 549719.873999999952503 ], [ 531786.366999999969266, 549754.199999999953434 ], [ 531795.305000000051223, 549767.576 ], [ 531800.118000000016764, 549762.832999999984168 ], [ 531803.868999999947846, 549759.136000000056811 ], [ 531789.417999999946915, 549738.21999999997206 ], [ 531770.718, 549711.618999999947846 ], [ 531749.295999999972992, 549684.498999999952503 ], [ 531730.559, 549663.944000000017695 ], [ 531704.133000000030734, 549640.314000000013039 ], [ 531691.408999999985099, 549629.827000000048429 ], [ 531674.412999999942258, 549617.047000000020489 ], [ 531658.525999999954365, 549606.473 ], [ 531661.591000000014901, 549615.76500000001397 ] ] ] } },
{ "type": "Feature", "properties": { "fid": 1121236, "crop": "hemp_cannabis" }, "geometry": { "type": "Polygon", "coordinates": [ [ [ 529764.996999999973923, 553691.567999999970198 ], [ 529732.746000000042841, 553669.23699999996461 ], [ 529726.035999999963678, 553665.800000000046566 ], [ 529707.167000000015832, 553655.736000000033528 ], [ 529703.562000000034459, 553653.59499999997206 ], [ 529699.444000000017695, 553659.386999999987893 ], [ 529695.165000000037253, 553667.577999999979511 ], [ 529683.636000000056811, 553710.005 ], [ 529681.802999999956228, 553719.788999999989755 ], [ 529681.437000000034459, 553732.532 ], [ 529682.707999999984168, 553745.10999999998603 ], [ 529685.214999999967404, 553755.233 ], [ 529694.905999999959022, 553783.348 ], [ 529714.469000000040978, 553774.111000000033528 ], [ 529724.85999999998603, 553767.792000000015832 ], [ 529752.74, 553748.415999999968335 ], [ 529797.037000000011176, 553722.716999999945983 ], [ 529800.773999999975786, 553720.570000000065193 ], [ 529803.060000000055879, 553718.594000000040978 ], [ 529801.32999999995809, 553717.339000000036322 ], [ 529764.996999999973923, 553691.567999999970198 ] ], [ [ 529730.01, 553754.462000000057742 ], [ 529725.650999999954365, 553734.915999999968335 ], [ 529727.106999999959953, 553718.645000000018626 ], [ 529730.055999999982305, 553708.113000000012107 ], [ 529743.243000000016764, 553721.699000000022352 ], [ 529748.076, 553729.736000000033528 ], [ 529748.731999999959953, 553736.478 ], [ 529746.48499999998603, 553742.937000000034459 ], [ 529730.01, 553754.462000000057742 ] ] ] } },
{ "type": "Feature", "properties": { "fid": 1648191, "crop": "hemp_cannabis" }, "geometry": { "type": "Polygon", "coordinates": [ [ [ 543625.983, 520387.715000000025611 ], [ 543608.133000000030734, 520331.315 ], [ 543596.228, 520297.12599999998929 ], [ 543585.949000000022352, 520277.012999999977183 ], [ 543559.314000000013039, 520293.838999999978114 ], [ 543543.89000000001397, 520302.381 ], [ 543559.40300000004936, 520335.710000000020955 ], [ 543576.123999999952503, 520383.642999999981839 ], [ 543586.535000000032596, 520413.273999999975786 ], [ 543590.0, 520422.892999999981839 ], [ 543592.697000000043772, 520430.19 ], [ 543597.12300000002142, 520442.856000000028871 ], [ 543599.425000000046566, 520450.103 ], [ 543631.979000000050291, 520541.507999999972526 ], [ 543634.697999999974854, 520550.261999999987893 ], [ 543636.059, 520555.614 ], [ 543642.008999999961816, 520580.558000000019092 ], [ 543647.893000000040047, 520611.118000000016764 ], [ 543652.584000000031665, 520633.995999999984633 ], [ 543657.295999999972992, 520661.295999999972992 ], [ 543660.574000000022352, 520660.347 ], [ 543677.28000000002794, 520655.657 ], [ 543696.412999999942258, 520650.288999999989755 ], [ 543690.638999999966472, 520606.99800000002142 ], [ 543686.719000000040978, 520576.168 ], [ 543679.897, 520551.018999999971129 ], [ 543675.702000000048429, 520535.403999999980442 ], [ 543672.079000000027008, 520524.531000000017229 ], [ 543668.12699999997858, 520513.256999999983236 ], [ 543652.042000000015832, 520468.490999999979977 ], [ 543639.055999999982305, 520427.087999999988824 ], [ 543636.853, 520420.62599999998929 ], [ 543625.983, 520387.715000000025611 ] ] ] } },
{ "type": "Feature", "properties": { "fid": 1755116, "crop": "hemp_cannabis" }, "geometry": { "type": "Polygon", "coordinates": [ [ [ 533490.207999999984168, 553402.131000000052154 ], [ 533500.748999999952503, 553400.341000000014901 ], [ 533516.121000000042841, 553394.682999999960884 ], [ 533528.395000000018626, 553384.072999999974854 ], [ 533496.858, 553368.550999999977648 ], [ 533437.459999999962747, 553342.479000000050291 ], [ 533436.599000000045635, 553356.841000000014901 ], [ 533437.34699999995064, 553364.947000000043772 ], [ 533437.59699999995064, 553377.792000000015832 ], [ 533490.207999999984168, 553402.131000000052154 ] ] ] } },
{ "type": "Feature", "properties": { "fid": 995475, "crop": "hemp_cannabis" }, "geometry": { "type": "Polygon", "coordinates": [ [ [ 547546.309, 558912.861000000033528 ], [ 547569.719000000040978, 559031.386000000056811 ], [ 547573.581, 559043.745 ], [ 547593.32999999995809, 559039.46999999997206 ], [ 547609.778999999980442, 559034.126000000047497 ], [ 547636.103, 559009.51300000003539 ], [ 547654.669, 559001.180000000051223 ], [ 547657.807000000029802, 558995.38800000003539 ], [ 547613.743999999947846, 558713.621000000042841 ], [ 547546.677999999956228, 558674.067000000039116 ], [ 547527.800000000046566, 558661.354999999981374 ], [ 547519.743000000016764, 558653.947000000043772 ], [ 547512.111000000033528, 558646.925000000046566 ], [ 547487.400000000023283, 558621.608 ], [ 547468.006999999983236, 558600.25 ], [ 547451.363999999943189, 558676.182000000029802 ], [ 547453.613999999943189, 558722.26 ], [ 547484.287999999942258, 558918.381000000052154 ], [ 547546.309, 558912.861000000033528 ] ] ] } },
{ "type": "Feature", "properties": { "fid": 397395, "crop": "hemp_cannabis" }, "geometry": { "type": "Polygon", "coordinates": [ [ [ 559634.243999999947846, 549390.481999999959953 ], [ 559650.375, 549416.782 ], [ 559659.312000000034459, 549434.785999999963678 ], [ 559672.006000000052154, 549463.282 ], [ 559691.435000000055879, 549513.020000000018626 ], [ 559715.008999999961816, 549556.800000000046566 ], [ 559728.609000000054948, 549579.59699999995064 ], [ 559735.883000000030734, 549593.070000000065193 ], [ 559740.660999999963678, 549601.920999999972992 ], [ 559755.290999999968335, 549597.212999999988824 ], [ 559777.310999999986961, 549588.533999999985099 ], [ 559803.913999999989755, 549576.729999999981374 ], [ 559799.613000000012107, 549567.712999999988824 ], [ 559771.481999999959953, 549508.746000000042841 ], [ 559751.738000000012107, 549464.682999999960884 ], [ 559728.21999999997206, 549414.709999999962747 ], [ 559717.211000000010245, 549392.820000000065193 ], [ 559706.32999999995809, 549373.390999999945052 ], [ 559696.273999999975786, 549354.466999999945983 ], [ 559691.51300000003539, 549345.506999999983236 ], [ 559650.375, 549369.116000000038184 ], [ 559629.027, 549381.976000000024214 ], [ 559634.243999999947846, 549390.481999999959953 ] ] ] } },
{ "type": "Feature", "properties": { "fid": 995190, "crop": "hemp_cannabis" }, "geometry": { "type": "Polygon", "coordinates": [ [ [ 545403.145000000018626, 558671.457000000053085 ], [ 545389.947000000043772, 558677.648000000044703 ], [ 545379.077000000048429, 558682.596000000019558 ], [ 545395.658999999985099, 558712.128999999957159 ], [ 545409.108, 558733.775000000023283 ], [ 545438.70499999995809, 558776.694000000017695 ], [ 545440.829000000027008, 558767.153999999980442 ], [ 545443.288999999989755, 558754.628999999957159 ], [ 545446.650000000023283, 558735.613999999943189 ], [ 545451.209999999962747, 558715.601000000024214 ], [ 545415.479000000050291, 558663.320000000065193 ], [ 545403.145000000018626, 558671.457000000053085 ] ] ] } },
{ "type": "Feature", "properties": { "fid": 2354093, "crop": "hemp_cannabis" }, "geometry": { "type": "Polygon", "coordinates": [ [ [ 542014.707999999984168, 507599.856000000028871 ], [ 542021.520999999949709, 507600.246999999973923 ], [ 542021.515999999945052, 507568.182000000029802 ], [ 542018.12300000002142, 507568.48499999998603 ], [ 542014.866000000038184, 507568.364 ], [ 541972.665000000037253, 507568.646 ], [ 541932.312999999965541, 507571.577999999979511 ], [ 541912.214000000036322, 507572.147 ], [ 541894.427999999956228, 507575.331 ], [ 541868.077999999979511, 507579.723 ], [ 541857.537999999942258, 507582.907 ], [ 541854.180000000051223, 507591.037000000011176 ], [ 541860.071, 507609.268999999971129 ], [ 541895.636000000056811, 507603.327999999979511 ], [ 541919.432999999960884, 507600.505 ], [ 541950.261000000056811, 507598.40500000002794 ], [ 541974.476999999955297, 507598.207 ], [ 542014.707999999984168, 507599.856000000028871 ] ] ] } },
{ "type": "Feature", "properties": { "fid": 1065272, "crop": "hemp_cannabis" }, "geometry": { "type": "Polygon", "coordinates": [ [ [ 554698.003000000026077, 517370.103 ], [ 554704.246999999973923, 517335.557000000029802 ], [ 554686.538999999989755, 517336.647999999986496 ], [ 554594.268999999971129, 517345.836000000010245 ], [ 554504.155999999959022, 517352.216000000014901 ], [ 554470.331, 517356.00099999998929 ], [ 554427.165000000037253, 517364.033999999985099 ], [ 554410.353, 517364.37599999998929 ], [ 554408.753000000026077, 517377.896 ], [ 554410.511999999987893, 517382.587 ], [ 554418.148000000044703, 517386.702 ], [ 554505.572000000043772, 517381.49 ], [ 554698.003000000026077, 517370.103 ] ] ] } },
{ "type": "Feature", "properties": { "fid": 2354098, "crop": "hemp_cannabis" }, "geometry": { "type": "Polygon", "coordinates": [ [ [ 539969.929, 508917.204000000027008 ], [ 539934.204000000027008, 508935.50099999998929 ], [ 539922.966000000014901, 508941.956 ], [ 539916.011000000056811, 508955.893999999971129 ], [ 539910.385, 508963.259000000020023 ], [ 539914.667000000015832, 508968.88 ], [ 539923.922000000020489, 508966.492000000027474 ], [ 539949.893999999971129, 508954.25199999997858 ], [ 539979.598, 508938.281000000017229 ], [ 540014.599000000045635, 508918.76400000002468 ], [ 540017.211000000010245, 508916.794999999983702 ], [ 540008.354000000050291, 508895.267 ], [ 539969.929, 508917.204000000027008 ] ] ] } },
{ "type": "Feature", "properties": { "fid": 588182, "crop": "hemp_cannabis" }, "geometry": { "type": "Polygon", "coordinates": [ [ [ 536719.495, 555363.800000000046566 ], [ 536745.167999999946915, 555361.047000000020489 ], [ 536771.726999999955297, 555359.353 ], [ 536778.015999999945052, 555327.20499999995809 ], [ 536784.439000000013039, 555296.905999999959022 ], [ 536741.150000000023283, 555301.584000000031665 ], [ 536727.927999999956228, 555336.361000000033528 ], [ 536719.495, 555363.800000000046566 ] ] ] } },
{ "type": "Feature", "properties": { "fid": 2274918, "crop": "hemp_cannabis" }, "geometry": { "type": "Polygon", "coordinates": [ [ [ 538534.022, 551406.371000000042841 ], [ 538523.528999999980442, 551413.682999999960884 ], [ 538514.427000000025146, 551419.810000000055879 ], [ 538536.307000000029802, 551454.468 ], [ 538551.550000000046566, 551478.392 ], [ 538593.368999999947846, 551546.162999999942258 ], [ 538624.243000000016764, 551594.214000000036322 ], [ 538647.398000000044703, 551628.545999999972992 ], [ 538679.483, 551675.756000000052154 ], [ 538703.824000000022352, 551708.983 ], [ 538725.99800000002142, 551743.174 ], [ 538739.36199999996461, 551729.334999999962747 ], [ 538749.444000000017695, 551718.054 ], [ 538744.866000000038184, 551711.62699999997858 ], [ 538719.334000000031665, 551679.003000000026077 ], [ 538698.462000000057742, 551652.255 ], [ 538671.336000000010245, 551618.400999999954365 ], [ 538662.288999999989755, 551605.343 ], [ 538648.549, 551585.258000000030734 ], [ 538629.341999999945983, 551556.547999999951571 ], [ 538606.118000000016764, 551519.46999999997206 ], [ 538564.025000000023283, 551453.756999999983236 ], [ 538534.022, 551406.371000000042841 ] ] ] } },
{ "type": "Feature", "properties": { "fid": 199759, "crop": "hemp_cannabis" }, "geometry": { "type": "Polygon", "coordinates": [ [ [ 538528.566, 530553.474999999976717 ], [ 538558.035000000032596, 530536.533999999985099 ], [ 538521.660999999963678, 530458.712999999988824 ], [ 538501.037999999942258, 530417.598 ], [ 538477.567999999970198, 530378.246999999973923 ], [ 538442.628999999957159, 530390.952999999979511 ], [ 538478.758000000030734, 530457.62 ], [ 538500.618999999947846, 530501.616000000038184 ], [ 538513.39000000001397, 530526.476000000024214 ], [ 538528.566, 530553.474999999976717 ] ] ] } },
{ "type": "Feature", "properties": { "fid": 2108835, "crop": "hemp_cannabis" }, "geometry": { "type": "Polygon", "coordinates": [ [ [ 533661.456, 504166.776000000012573 ], [ 533663.074999999953434, 504125.664999999979045 ], [ 533669.631000000052154, 504034.87300000002142 ], [ 533670.694000000017695, 503981.51 ], [ 533663.716999999945983, 503910.158 ], [ 533659.51, 503878.487000000022817 ], [ 533657.474000000045635, 503800.561999999976251 ], [ 533657.28000000002794, 503784.933000000019092 ], [ 533649.084999999962747, 503780.767999999981839 ], [ 533642.368999999947846, 503778.53000000002794 ], [ 533637.488999999943189, 503778.282 ], [ 533625.962999999988824, 503777.395000000018626 ], [ 533625.032, 503781.911000000021886 ], [ 533623.795999999972992, 503802.38900000002468 ], [ 533625.843, 503869.006999999983236 ], [ 533636.609000000054948, 503978.565 ], [ 533637.775999999954365, 504018.898999999975786 ], [ 533636.025999999954365, 504035.148999999975786 ], [ 533630.277, 504117.821999999985565 ], [ 533630.064999999944121, 504172.118000000016764 ], [ 533639.356000000028871, 504169.957999999984168 ], [ 533655.452000000048429, 504167.322999999974854 ], [ 533661.456, 504166.776000000012573 ] ] ] } },
{ "type": "Feature", "properties": { "fid": 1543851, "crop": "hemp_cannabis" }, "geometry": { "type": "Polygon", "coordinates": [ [ [ 531396.625, 546560.312000000034459 ], [ 531382.142, 546597.680000000051223 ], [ 531377.275999999954365, 546609.567000000039116 ], [ 531376.09699999995064, 546613.792000000015832 ], [ 531385.763999999966472, 546619.365 ], [ 531399.49, 546624.562999999965541 ], [ 531401.650999999954365, 546618.020999999949709 ], [ 531402.63800000003539, 546614.77800000004936 ], [ 531407.843, 546590.066 ], [ 531419.003000000026077, 546555.03000000002794 ], [ 531420.398999999975786, 546551.302000000025146 ], [ 531425.942999999970198, 546537.930000000051223 ], [ 531439.285999999963678, 546498.927000000025146 ], [ 531434.788999999989755, 546491.856999999959953 ], [ 531429.952000000048429, 546481.525000000023283 ], [ 531423.192000000039116, 546469.770999999949709 ], [ 531421.310000000055879, 546482.947999999974854 ], [ 531396.625, 546560.312000000034459 ] ] ] } },
{ "type": "Feature", "properties": { "fid": 1193310, "crop": "hemp_cannabis" }, "geometry": { "type": "Polygon", "coordinates": [ [ [ 553944.837999999988824, 525424.621000000042841 ], [ 553956.996999999973923, 525427.398999999975786 ], [ 553984.410000000032596, 525435.550000000046566 ], [ 554011.121999999973923, 525437.912000000011176 ], [ 554014.309, 525390.90300000004936 ], [ 554014.76, 525386.275000000023283 ], [ 554016.01500000001397, 525368.459000000031665 ], [ 554021.081, 525321.386999999987893 ], [ 554026.337999999988824, 525241.032 ], [ 553976.922999999951571, 525235.27800000004936 ], [ 553964.729999999981374, 525235.003999999957159 ], [ 553958.037000000011176, 525305.946 ], [ 553957.937000000034459, 525307.363000000012107 ], [ 553949.844000000040978, 525367.57999999995809 ], [ 553944.837999999988824, 525424.621000000042841 ] ] ] } },
{ "type": "Feature", "properties": { "fid": 810933, "crop": "hemp_cannabis" }, "geometry": { "type": "Polygon", "coordinates": [ [ [ 529245.518000000040047, 552417.087999999988824 ], [ 529251.21999999997206, 552435.97199999995064 ], [ 529269.672000000020489, 552432.758000000030734 ], [ 529308.432999999960884, 552425.157 ], [ 529327.981999999959953, 552420.824999999953434 ], [ 529335.692999999970198, 552415.606999999959953 ], [ 529339.765999999945052, 552414.484000000054948 ], [ 529356.962000000057742, 552411.669 ], [ 529373.473, 552408.032 ], [ 529381.82999999995809, 552404.897 ], [ 529379.645000000018626, 552395.807999999960884 ], [ 529385.40300000004936, 552393.560999999986961 ], [ 529386.873999999952503, 552395.555999999982305 ], [ 529392.143000000040047, 552401.986000000033528 ], [ 529434.366000000038184, 552385.187000000034459 ], [ 529462.27800000004936, 552375.25 ], [ 529480.01500000001397, 552347.091999999945983 ], [ 529420.898999999975786, 552366.677999999956228 ], [ 529366.77800000004936, 552387.964999999967404 ], [ 529328.172000000020489, 552396.920999999972992 ], [ 529301.721000000019558, 552407.300999999977648 ], [ 529245.518000000040047, 552417.087999999988824 ] ] ] } },
{ "type": "Feature", "properties": { "fid": 1120907, "crop": "hemp_cannabis" }, "geometry": { "type": "Polygon", "coordinates": [ [ [ 532370.868000000016764, 553801.307999999960884 ], [ 532374.017, 553796.761999999987893 ], [ 532348.194000000017695, 553771.76 ], [ 532324.63800000003539, 553753.044 ], [ 532313.761999999987893, 553744.305000000051223 ], [ 532282.944999999948777, 553726.055999999982305 ], [ 532228.302999999956228, 553695.09499999997206 ], [ 532187.074999999953434, 553675.314999999944121 ], [ 532180.216999999945983, 553684.447000000043772 ], [ 532174.858, 553693.832999999984168 ], [ 532206.660000000032596, 553706.684 ], [ 532236.349000000045635, 553722.020999999949709 ], [ 532288.084999999962747, 553751.711000000010245 ], [ 532311.017, 553766.383999999961816 ], [ 532328.013999999966472, 553779.473 ], [ 532350.957999999984168, 553800.316 ], [ 532360.057999999960884, 553809.598 ], [ 532370.868000000016764, 553801.307999999960884 ] ] ] } },
{ "type": "Feature", "properties": { "fid": 1193008, "crop": "hemp_cannabis" }, "geometry": { "type": "Polygon", "coordinates": [ [ [ 553787.67000000004191, 525041.535999999963678 ], [ 553695.393999999971129, 525070.839000000036322 ], [ 553701.707999999984168, 525089.76500000001397 ], [ 553719.973, 525144.017 ], [ 553744.773999999975786, 525130.135 ], [ 553758.189000000013039, 525120.62 ], [ 553768.484000000054948, 525113.444000000017695 ], [ 553776.59499999997206, 525109.077000000048429 ], [ 553796.393000000040047, 525099.949000000022352 ], [ 553807.809, 525095.356000000028871 ], [ 553807.011999999987893, 525083.495 ], [ 553797.837999999988824, 525055.50199999997858 ], [ 553787.67000000004191, 525041.535999999963678 ] ] ] } },
{ "type": "Feature", "properties": { "fid": 346734, "crop": "hemp_cannabis" }, "geometry": { "type": "Polygon", "coordinates": [ [ [ 534005.611000000033528, 552482.932000000029802 ], [ 533953.577999999979511, 552475.278999999980442 ], [ 533952.393999999971129, 552495.022 ], [ 533946.84499999997206, 552537.707000000053085 ], [ 533938.73499999998603, 552612.513999999966472 ], [ 533935.408000000054017, 552660.143999999971129 ], [ 533934.741000000038184, 552691.712999999988824 ], [ 533936.378000000026077, 552729.613999999943189 ], [ 533965.420999999972992, 552712.832999999984168 ], [ 533976.091999999945983, 552704.82999999995809 ], [ 534003.407, 552679.10999999998603 ], [ 534004.589999999967404, 552608.788999999989755 ], [ 534011.829000000027008, 552540.976999999955297 ], [ 534015.285000000032596, 552484.65500000002794 ], [ 534005.611000000033528, 552482.932000000029802 ] ] ] } },
{ "type": "Feature", "properties": { "fid": 2398978, "crop": "hemp_cannabis" }, "geometry": { "type": "Polygon", "coordinates": [ [ [ 553362.694999999948777, 524465.839000000036322 ], [ 553372.072000000043772, 524460.53000000002794 ], [ 553371.314999999944121, 524445.11199999996461 ], [ 553368.050999999977648, 524430.099999999976717 ], [ 553365.513999999966472, 524418.699999999953434 ], [ 553335.070000000065193, 524430.099999999976717 ], [ 553289.770999999949709, 524446.033000000054017 ], [ 553239.155999999959022, 524462.886999999987893 ], [ 553181.182000000029802, 524483.503999999957159 ], [ 553178.905999999959022, 524509.243999999947846 ], [ 553179.142, 524534.084999999962747 ], [ 553178.699000000022352, 524550.187999999965541 ], [ 553189.922999999951571, 524549.606999999959953 ], [ 553203.511999999987893, 524544.104000000050291 ], [ 553221.128999999957159, 524533.968 ], [ 553242.060000000055879, 524529.011000000056811 ], [ 553268.92000000004191, 524521.547999999951571 ], [ 553294.405999999959022, 524511.616000000038184 ], [ 553309.474000000045635, 524502.365 ], [ 553337.283999999985099, 524486.741999999969266 ], [ 553345.731999999959953, 524480.49800000002142 ], [ 553362.694999999948777, 524465.839000000036322 ] ] ] } },
{ "type": "Feature", "properties": { "fid": 2108070, "crop": "hemp_cannabis" }, "geometry": { "type": "Polygon", "coordinates": [ [ [ 531823.094000000040978, 549297.927999999956228 ], [ 531804.113000000012107, 549308.714999999967404 ], [ 531819.00199999997858, 549319.273999999975786 ], [ 531832.837999999988824, 549327.415999999968335 ], [ 531849.003999999957159, 549336.753999999957159 ], [ 531886.11199999996461, 549356.07999999995809 ], [ 531928.662000000011176, 549377.540000000037253 ], [ 531965.79500000004191, 549399.28000000002794 ], [ 531977.187999999965541, 549406.758999999961816 ], [ 532001.711000000010245, 549425.456 ], [ 532006.691, 549424.812000000034459 ], [ 532018.797999999951571, 549418.136999999987893 ], [ 532025.912000000011176, 549411.549 ], [ 532005.711000000010245, 549396.584000000031665 ], [ 531967.795999999972992, 549366.582000000053085 ], [ 531943.560000000055879, 549350.324999999953434 ], [ 531880.572000000043772, 549316.577999999979511 ], [ 531861.782, 549305.184 ], [ 531836.859000000054948, 549290.106999999959953 ], [ 531823.094000000040978, 549297.927999999956228 ] ] ] } },
{ "type": "Feature", "properties": { "fid": 380564, "crop": "hemp_cannabis" }, "geometry": { "type": "Polygon", "coordinates": [ [ [ 537359.587999999988824, 551374.593 ], [ 537374.567999999970198, 551371.550000000046566 ], [ 537384.518999999971129, 551342.691 ], [ 537399.334999999962747, 551301.449999999953434 ], [ 537413.04500000004191, 551264.077999999979511 ], [ 537419.658999999985099, 551248.767 ], [ 537409.006999999983236, 551230.685000000055879 ], [ 537402.440000000060536, 551251.567999999970198 ], [ 537394.662000000011176, 551273.505 ], [ 537388.175000000046566, 551292.29500000004191 ], [ 537379.226999999955297, 551318.049 ], [ 537364.696, 551359.486000000033528 ], [ 537359.587999999988824, 551374.593 ] ] ] } },
{ "type": "Feature", "properties": { "fid": 2242639, "crop": "hemp_cannabis" }, "geometry": { "type": "Polygon", "coordinates": [ [ [ 558193.054, 521622.253000000026077 ], [ 558196.138999999966472, 521645.351000000024214 ], [ 558195.540999999968335, 521695.504000000015367 ], [ 558234.640999999945052, 521703.419999999983702 ], [ 558274.226999999955297, 521713.245 ], [ 558262.265999999945052, 521741.581 ], [ 558241.90300000004936, 521784.157 ], [ 558235.748999999952503, 521798.982000000018161 ], [ 558214.951, 521850.598999999987427 ], [ 558195.197999999974854, 521900.352000000013504 ], [ 558238.723, 521910.200000000011642 ], [ 558231.99800000002142, 521941.57 ], [ 558227.589999999967404, 521972.976000000024214 ], [ 558226.564000000013039, 521990.87300000002142 ], [ 558225.223, 522006.983 ], [ 558225.897, 522010.352000000013504 ], [ 558232.052000000025146, 522010.770000000018626 ], [ 558249.99800000002142, 522007.64000000001397 ], [ 558269.403999999980442, 522002.319000000017695 ], [ 558288.506999999983236, 521995.461000000010245 ], [ 558291.104999999981374, 521995.01500000001397 ], [ 558293.810999999986961, 521995.965000000025611 ], [ 558314.966000000014901, 522006.875 ], [ 558316.145000000018626, 521965.28000000002794 ], [ 558317.834000000031665, 521947.259000000020023 ], [ 558324.679, 521911.590000000025611 ], [ 558328.991999999969266, 521890.286000000021886 ], [ 558333.456, 521869.318000000028405 ], [ 558345.738999999943189, 521831.98599999997532 ], [ 558359.277, 521797.207 ], [ 558373.334000000031665, 521762.941 ], [ 558398.949000000022352, 521695.825000000011642 ], [ 558429.822000000043772, 521608.12400000001071 ], [ 558411.275000000023283, 521602.53000000002794 ], [ 558385.71999999997206, 521595.794 ], [ 558370.344000000040978, 521594.488000000012107 ], [ 558309.682999999960884, 521599.186999999976251 ], [ 558311.341000000014901, 521576.809 ], [ 558308.12300000002142, 521554.559 ], [ 558305.696, 521553.050999999977648 ], [ 558273.229999999981374, 521560.598 ], [ 558245.321, 521571.135 ], [ 558194.24800000002142, 521595.01500000001397 ], [ 558193.054, 521622.253000000026077 ] ] ] } },
{ "type": "Feature", "properties": { "fid": 344858, "crop": "hemp_cannabis" }, "geometry": { "type": "Polygon", "coordinates": [ [ [ 532944.895000000018626, 553758.839999999967404 ], [ 532953.440000000060536, 553787.479999999981374 ], [ 532959.875, 553802.919 ], [ 532962.474999999976717, 553810.410999999963678 ], [ 532962.474999999976717, 553816.373999999952503 ], [ 532966.365, 553836.618000000016764 ], [ 532971.802000000025146, 553878.147 ], [ 533006.768000000040047, 553895.544 ], [ 533000.261999999987893, 553827.435000000055879 ], [ 532997.184, 553814.84499999997206 ], [ 532994.707999999984168, 553812.047999999951571 ], [ 532992.90300000004936, 553807.047000000020489 ], [ 532993.979000000050291, 553799.586000000010245 ], [ 532988.162999999942258, 553782.09699999995064 ], [ 532982.773000000044703, 553764.076 ], [ 532976.052000000025146, 553746.800999999977648 ], [ 532948.743999999947846, 553756.829000000027008 ], [ 532944.895000000018626, 553758.839999999967404 ] ] ] } },
{ "type": "Feature", "properties": { "fid": 1065527, "crop": "hemp_cannabis" }, "geometry": { "type": "Polygon", "coordinates": [ [ [ 553962.037999999942258, 514557.397 ], [ 553905.378999999957159, 514581.51500000001397 ], [ 553917.165000000037253, 514611.090000000025611 ], [ 553971.915000000037253, 514594.587 ], [ 554025.322000000043772, 514577.128000000026077 ], [ 554013.702999999979511, 514537.685999999986961 ], [ 553962.037999999942258, 514557.397 ] ] ] } },
{ "type": "Feature", "properties": { "fid": 1648314, "crop": "hemp_cannabis" }, "geometry": { "type": "Polygon", "coordinates": [ [ [ 543676.728, 521196.325000000011642 ], [ 543680.148000000044703, 521234.434 ], [ 543684.584000000031665, 521255.042000000015832 ], [ 543686.741999999969266, 521259.782 ], [ 543687.361000000033528, 521263.281000000017229 ], [ 543687.96999999997206, 521268.278999999980442 ], [ 543687.522, 521275.587 ], [ 543688.373999999952503, 521285.108 ], [ 543693.15500000002794, 521321.179 ], [ 543701.937999999965541, 521316.507999999972526 ], [ 543713.922999999951571, 521311.026000000012573 ], [ 543718.986000000033528, 521341.308000000019092 ], [ 543720.599999999976717, 521351.185999999986961 ], [ 543726.65300000004936, 521385.305 ], [ 543728.008000000030734, 521393.180999999982305 ], [ 543730.707000000053085, 521415.481000000028871 ], [ 543731.633000000030734, 521421.531000000017229 ], [ 543739.258000000030734, 521429.778999999980442 ], [ 543742.805000000051223, 521433.826 ], [ 543745.084000000031665, 521438.227000000013504 ], [ 543746.577999999979511, 521444.038999999989755 ], [ 543751.21999999997206, 521443.614 ], [ 543749.670999999972992, 521434.262999999977183 ], [ 543747.229999999981374, 521420.25 ], [ 543744.505, 521400.158999999985099 ], [ 543742.957000000053085, 521388.842 ], [ 543741.807999999960884, 521380.449000000022352 ], [ 543740.545999999972992, 521371.230000000039581 ], [ 543739.555999999982305, 521363.995999999984633 ], [ 543738.65500000002794, 521357.417000000015832 ], [ 543736.854000000050291, 521344.261999999987893 ], [ 543729.594000000040978, 521295.952999999979511 ], [ 543727.410999999963678, 521280.292000000015832 ], [ 543725.150999999954365, 521262.804 ], [ 543723.327000000048429, 521248.365999999979977 ], [ 543719.057999999960884, 521214.268999999971129 ], [ 543717.802000000025146, 521203.821 ], [ 543717.158999999985099, 521186.829000000027008 ], [ 543720.37, 521150.897999999986496 ], [ 543722.228, 521136.69 ], [ 543727.538999999989755, 521097.128000000026077 ], [ 543731.511999999987893, 521051.739 ], [ 543731.017, 521019.164999999979045 ], [ 543730.837999999988824, 521006.810999999986961 ], [ 543730.692999999970198, 520996.757999999972526 ], [ 543730.488999999943189, 520985.721000000019558 ], [ 543730.118000000016764, 520967.935999999986961 ], [ 543729.704000000027008, 520944.902 ], [ 543729.47199999995064, 520925.862000000022817 ], [ 543728.724999999976717, 520898.592 ], [ 543727.820000000065193, 520887.691 ], [ 543725.493000000016764, 520859.642999999981839 ], [ 543720.88, 520821.00099999998929 ], [ 543701.692000000039116, 520832.090000000025611 ], [ 543681.689000000013039, 520846.452999999979511 ], [ 543682.964000000036322, 520863.472 ], [ 543684.231999999959953, 520882.988000000012107 ], [ 543685.609000000054948, 520906.98599999997532 ], [ 543686.810000000055879, 520920.163999999989755 ], [ 543687.912000000011176, 520943.392 ], [ 543688.434, 520959.74 ], [ 543688.496999999973923, 520982.053000000014435 ], [ 543689.792000000015832, 521031.912000000011176 ], [ 543688.690000000060536, 521049.431999999971595 ], [ 543686.018000000040047, 521081.992000000027474 ], [ 543682.621000000042841, 521120.851000000024214 ], [ 543681.26, 521132.384000000020023 ], [ 543679.272, 521146.087999999988824 ], [ 543676.728, 521196.325000000011642 ] ] ] } },
{ "type": "Feature", "properties": { "fid": 1309000, "crop": "hemp_cannabis" }, "geometry": { "type": "Polygon", "coordinates": [ [ [ 545228.537000000011176, 502695.292000000015832 ], [ 545302.902, 502666.174999999988358 ], [ 545371.86199999996461, 502631.553000000014435 ], [ 545394.682000000029802, 502621.677000000025146 ], [ 545384.885, 502603.413999999989755 ], [ 545326.383000000030734, 502630.868000000016764 ], [ 545314.716000000014901, 502637.523999999975786 ], [ 545304.777, 502641.673 ], [ 545286.008000000030734, 502651.063000000023749 ], [ 545254.07999999995809, 502664.316999999980908 ], [ 545237.589999999967404, 502672.25199999997858 ], [ 545227.02800000004936, 502678.549999999988358 ], [ 545224.824999999953434, 502694.106000000028871 ], [ 545228.537000000011176, 502695.292000000015832 ] ] ] } },
{ "type": "Feature", "properties": { "fid": 1934038, "crop": "hemp_cannabis" }, "geometry": { "type": "Polygon", "coordinates": [ [ [ 536059.962000000057742, 556042.36199999996461 ], [ 536056.976999999955297, 556076.435999999986961 ], [ 536056.466999999945983, 556101.290999999968335 ], [ 536088.675000000046566, 556142.677000000025146 ], [ 536142.540999999968335, 556128.731999999959953 ], [ 536119.211000000010245, 556031.837999999988824 ], [ 536059.962000000057742, 556042.36199999996461 ] ] ] } },
{ "type": "Feature", "properties": { "fid": 2309065, "crop": "hemp_cannabis" }, "geometry": { "type": "Polygon", "coordinates": [ [ [ 553702.832000000053085, 514323.022999999986496 ], [ 553664.560000000055879, 514332.315 ], [ 553615.395000000018626, 514340.902 ], [ 553592.613000000012107, 514348.146 ], [ 553605.003000000026077, 514386.924999999988358 ], [ 553611.337999999988824, 514406.173 ], [ 553615.591000000014901, 514413.356000000028871 ], [ 553621.427999999956228, 514413.681999999971595 ], [ 553664.773999999975786, 514388.294 ], [ 553703.111000000033528, 514371.351000000024214 ], [ 553771.273000000044703, 514352.076 ], [ 553857.562999999965541, 514329.049999999988358 ], [ 553907.59699999995064, 514315.481000000028871 ], [ 553991.682000000029802, 514288.384000000020023 ], [ 554055.457999999984168, 514267.689000000013039 ], [ 554074.76300000003539, 514263.564000000013039 ], [ 554091.854999999981374, 514253.768999999971129 ], [ 554105.65500000002794, 514246.477000000013504 ], [ 554096.886999999987893, 514226.851000000024214 ], [ 554043.363000000012107, 514241.732000000018161 ], [ 553943.912999999942258, 514272.461000000010245 ], [ 553890.12300000002142, 514288.919999999983702 ], [ 553872.677999999956228, 514294.809 ], [ 553853.682000000029802, 514298.720000000030268 ], [ 553810.941, 514303.74800000002142 ], [ 553777.194000000017695, 514306.607000000018161 ], [ 553736.724999999976717, 514312.944000000017695 ], [ 553702.832000000053085, 514323.022999999986496 ] ] ] } },
{ "type": "Feature", "properties": { "fid": 740544, "crop": "hemp_cannabis" }, "geometry": { "type": "Polygon", "coordinates": [ [ [ 540599.381999999983236, 515362.555 ], [ 540595.694000000017695, 515312.35999999998603 ], [ 540595.679, 515267.206 ], [ 540600.104000000050291, 515231.886999999987893 ], [ 540603.331, 515217.65500000002794 ], [ 540615.47199999995064, 515167.23599999997532 ], [ 540616.895000000018626, 515161.606000000028871 ], [ 540585.820000000065193, 515148.552000000025146 ], [ 540580.488000000012107, 515171.968999999982771 ], [ 540569.788999999989755, 515216.821999999985565 ], [ 540563.201, 515256.756 ], [ 540561.555000000051223, 515273.218999999982771 ], [ 540561.349000000045635, 515283.919999999983702 ], [ 540563.358, 515354.98499999998603 ], [ 540566.314000000013039, 515380.552000000025146 ], [ 540575.300999999977648, 515378.50199999997858 ], [ 540590.366000000038184, 515373.542000000015832 ], [ 540598.108, 515372.332 ], [ 540599.381999999983236, 515362.555 ] ] ] } },
{ "type": "Feature", "properties": { "fid": 1179991, "crop": "hemp_cannabis" }, "geometry": { "type": "Polygon", "coordinates": [ [ [ 542444.944999999948777, 523941.495999999984633 ], [ 542440.638999999966472, 523963.522 ], [ 542447.821, 523961.658 ], [ 542455.143000000040047, 523959.705000000016298 ], [ 542470.848, 523956.179 ], [ 542471.778999999980442, 523932.492000000027474 ], [ 542473.320000000065193, 523919.121999999973923 ], [ 542475.956, 523889.737000000022817 ], [ 542478.873999999952503, 523872.020000000018626 ], [ 542483.415999999968335, 523842.297000000020489 ], [ 542486.285999999963678, 523804.612000000022817 ], [ 542487.295999999972992, 523738.430999999982305 ], [ 542489.729000000050291, 523684.288999999989755 ], [ 542493.937999999965541, 523617.718999999982771 ], [ 542494.128999999957159, 523555.357000000018161 ], [ 542493.555000000051223, 523535.84499999997206 ], [ 542491.724000000045635, 523510.724999999976717 ], [ 542491.018999999971129, 523498.773999999975786 ], [ 542467.300999999977648, 523502.086000000010245 ], [ 542469.86199999996461, 523523.038999999989755 ], [ 542471.564999999944121, 523570.923 ], [ 542470.62699999997858, 523620.040000000037253 ], [ 542463.498999999952503, 523723.88900000002468 ], [ 542463.13, 523751.006999999983236 ], [ 542461.226000000024214, 523800.021 ], [ 542458.547999999951571, 523830.054 ], [ 542457.108, 523843.663999999989755 ], [ 542456.444000000017695, 523855.495999999984633 ], [ 542453.957000000053085, 523877.112000000022817 ], [ 542452.044, 523893.371999999973923 ], [ 542449.897, 523917.081 ], [ 542444.944999999948777, 523941.495999999984633 ] ] ] } },
{ "type": "Feature", "properties": { "fid": 2286744, "crop": "hemp_cannabis" }, "geometry": { "type": "Polygon", "coordinates": [ [ [ 552520.907, 512578.244 ], [ 552524.34499999997206, 512601.052000000025146 ], [ 552528.621000000042841, 512615.712 ], [ 552532.729999999981374, 512628.669 ], [ 552539.111000000033528, 512642.542000000015832 ], [ 552553.35999999998603, 512665.189000000013039 ], [ 552568.378000000026077, 512688.35999999998603 ], [ 552577.226999999955297, 512689.456 ], [ 552669.92000000004191, 512660.325000000011642 ], [ 552727.800999999977648, 512647.06 ], [ 552784.077000000048429, 512632.990999999979977 ], [ 552768.802000000025146, 512598.423 ], [ 552741.066, 512552.197999999974854 ], [ 552701.381000000052154, 512491.00199999997858 ], [ 552658.337000000057742, 512506.183000000019092 ], [ 552574.253000000026077, 512535.314000000013039 ], [ 552518.354999999981374, 512559.487000000022817 ], [ 552520.907, 512578.244 ] ] ] } },
{ "type": "Feature", "properties": { "fid": 1763180, "crop": "hemp_cannabis" }, "geometry": { "type": "Polygon", "coordinates": [ [ [ 538177.228, 551822.185000000055879 ], [ 538202.37699999997858, 551849.045999999972992 ], [ 538212.398999999975786, 551854.01300000003539 ], [ 538228.792000000015832, 551858.875 ], [ 538245.174, 551861.946 ], [ 538259.925000000046566, 551863.74800000002142 ], [ 538288.38, 551864.812999999965541 ], [ 538299.613999999943189, 551863.226999999955297 ], [ 538309.696, 551862.691 ], [ 538324.211000000010245, 551860.488000000012107 ], [ 538342.03000000002794, 551856.212000000057742 ], [ 538363.326, 551847.61199999996461 ], [ 538368.650000000023283, 551843.312000000034459 ], [ 538370.87300000002142, 551836.777 ], [ 538366.01, 551828.667999999946915 ], [ 538321.552999999956228, 551752.599000000045635 ], [ 538314.591000000014901, 551754.647 ], [ 538294.523000000044703, 551767.341999999945983 ], [ 538269.540999999968335, 551782.90500000002794 ], [ 538249.691, 551792.871999999973923 ], [ 538236.258999999961816, 551796.040999999968335 ], [ 538211.827999999979511, 551802.123999999952503 ], [ 538190.772, 551809.128999999957159 ], [ 538179.263999999966472, 551813.794 ], [ 538175.922999999951571, 551817.87699999997858 ], [ 538177.228, 551822.185000000055879 ] ] ] } },
{ "type": "Feature", "properties": { "fid": 1065276, "crop": "hemp_cannabis" }, "geometry": { "type": "Polygon", "coordinates": [ [ [ 553876.939000000013039, 515905.711000000010245 ], [ 553885.856999999959953, 515907.641 ], [ 553896.832999999984168, 515901.995999999984633 ], [ 553919.408999999985099, 515886.667000000015832 ], [ 553963.209999999962747, 515856.071999999985565 ], [ 553937.082999999984168, 515797.288 ], [ 553923.177999999956228, 515769.114 ], [ 553891.258999999961816, 515785.493000000016764 ], [ 553861.993000000016764, 515796.641 ], [ 553836.538999999989755, 515804.730000000039581 ], [ 553834.699000000022352, 515813.724999999976717 ], [ 553876.939000000013039, 515905.711000000010245 ] ] ] } },
{ "type": "Feature", "properties": { "fid": 740542, "crop": "hemp_cannabis" }, "geometry": { "type": "Polygon", "coordinates": [ [ [ 540777.452000000048429, 515240.98499999998603 ], [ 540807.613999999943189, 515231.151000000012573 ], [ 540821.253999999957159, 515226.754000000015367 ], [ 540806.596000000019558, 515206.934 ], [ 540766.496000000042841, 515218.919999999983702 ], [ 540697.552999999956228, 515242.582999999984168 ], [ 540665.023999999975786, 515252.858 ], [ 540635.912999999942258, 515260.549 ], [ 540624.633000000030734, 515262.61099999997532 ], [ 540607.025000000023283, 515266.461000000010245 ], [ 540600.025999999954365, 515266.920999999972992 ], [ 540597.753000000026077, 515298.827 ], [ 540624.957999999984168, 515292.098999999987427 ], [ 540656.946, 515283.043 ], [ 540714.462000000057742, 515265.294999999983702 ], [ 540777.452000000048429, 515240.98499999998603 ] ] ] } },
{ "type": "Feature", "properties": { "fid": 1059451, "crop": "hemp_cannabis" }, "geometry": { "type": "Polygon", "coordinates": [ [ [ 505136.656000000017229, 502865.077 ], [ 505146.48499999998603, 502887.48499999998603 ], [ 505161.854999999981374, 502906.914999999979045 ], [ 505175.152, 502912.569000000017695 ], [ 505185.284999999974389, 502912.871999999973923 ], [ 505202.827, 502910.604 ], [ 505214.017, 502907.881 ], [ 505223.847, 502905.76400000002468 ], [ 505229.37599999998929, 502904.99800000002142 ], [ 505251.772, 502898.12300000002142 ], [ 505271.634000000020023, 502894.422000000020489 ], [ 505270.01500000001397, 502886.582999999984168 ], [ 505270.788, 502886.465000000025611 ], [ 505270.576, 502871.284999999974389 ], [ 505278.588999999978114, 502869.137999999977183 ], [ 505281.430999999982305, 502842.066999999980908 ], [ 505236.533, 502844.237000000022817 ], [ 505207.103, 502846.472 ], [ 505164.643999999971129, 502844.087 ], [ 505147.781000000017229, 502844.753000000026077 ], [ 505145.511999999987893, 502850.718 ], [ 505144.907, 502858.128000000026077 ], [ 505136.439000000013039, 502861.153 ], [ 505136.656000000017229, 502865.077 ] ] ] } },
{ "type": "Feature", "properties": { "fid": 1799496, "crop": "hemp_cannabis" }, "geometry": { "type": "Polygon", "coordinates": [ [ [ 533259.302999999956228, 553462.008000000030734 ], [ 533299.792000000015832, 553504.040999999968335 ], [ 533384.663999999989755, 553537.125 ], [ 533416.868000000016764, 553559.503000000026077 ], [ 533428.211000000010245, 553569.158999999985099 ], [ 533396.506000000052154, 553594.555000000051223 ], [ 533392.341999999945983, 553591.201 ], [ 533391.131999999983236, 553596.76 ], [ 533386.925000000046566, 553634.940000000060536 ], [ 533398.319000000017695, 553648.070000000065193 ], [ 533414.974000000045635, 553664.270000000018626 ], [ 533430.861000000033528, 553681.667000000015832 ], [ 533439.940000000060536, 553689.297000000020489 ], [ 533458.795999999972992, 553704.520999999949709 ], [ 533508.895999999949709, 553657.094000000040978 ], [ 533544.126000000047497, 553623.395999999949709 ], [ 533571.802000000025146, 553588.699000000022352 ], [ 533562.336000000010245, 553580.939000000013039 ], [ 533545.479999999981374, 553570.417000000015832 ], [ 533529.613000000012107, 553565.221000000019558 ], [ 533495.069000000017695, 553540.927999999956228 ], [ 533448.962000000057742, 553503.873999999952503 ], [ 533428.368999999947846, 553487.849000000045635 ], [ 533407.378000000026077, 553470.408999999985099 ], [ 533401.743999999947846, 553464.464999999967404 ], [ 533384.21999999997206, 553452.366999999969266 ], [ 533339.905999999959022, 553427.697000000043772 ], [ 533324.118999999947846, 553435.690000000060536 ], [ 533305.95499999995809, 553446.251000000047497 ], [ 533279.212999999988824, 553456.53000000002794 ], [ 533259.302999999956228, 553462.008000000030734 ] ] ] } },
{ "type": "Feature", "properties": { "fid": 999541, "crop": "hemp_cannabis" }, "geometry": { "type": "Polygon", "coordinates": [ [ [ 558516.780999999959022, 522974.465000000025611 ], [ 558517.055999999982305, 522959.158 ], [ 558515.283999999985099, 522936.007999999972526 ], [ 558508.185999999986961, 522908.74 ], [ 558476.261999999987893, 522914.61099999997532 ], [ 558418.03000000002794, 522925.262999999977183 ], [ 558423.182999999960884, 522984.353 ], [ 558495.501000000047497, 522977.164999999979045 ], [ 558516.780999999959022, 522974.465000000025611 ] ] ] } },
{ "type": "Feature", "properties": { "fid": 819191, "crop": "hemp_cannabis" }, "geometry": { "type": "Polygon", "coordinates": [ [ [ 531626.707999999984168, 550736.724999999976717 ], [ 531653.702999999979511, 550730.677999999956228 ], [ 531652.89000000001397, 550715.270999999949709 ], [ 531650.033000000054017, 550696.344000000040978 ], [ 531648.783000000054017, 550679.917000000015832 ], [ 531647.761999999987893, 550663.314000000013039 ], [ 531646.783999999985099, 550637.866000000038184 ], [ 531647.062999999965541, 550620.947000000043772 ], [ 531647.62300000002142, 550589.34699999995064 ], [ 531649.662000000011176, 550566.570000000065193 ], [ 531653.635, 550541.946 ], [ 531650.138999999966472, 550523.349999999976717 ], [ 531647.343, 550491.32999999995809 ], [ 531641.63, 550508.12 ], [ 531629.46999999997206, 550545.069000000017695 ], [ 531623.076, 550577.236000000033528 ], [ 531620.060999999986961, 550604.182000000029802 ], [ 531620.216999999945983, 550614.79500000004191 ], [ 531619.937000000034459, 550641.36199999996461 ], [ 531621.37699999997858, 550678.844000000040978 ], [ 531622.692999999970198, 550702.167000000015832 ], [ 531624.498999999952503, 550720.091999999945983 ], [ 531626.707999999984168, 550736.724999999976717 ] ] ] } },
{ "type": "Feature", "properties": { "fid": 1312287, "crop": "hemp_cannabis" }, "geometry": { "type": "Polygon", "coordinates": [ [ [ 545390.667999999946915, 502602.079000000027008 ], [ 545396.63800000003539, 502617.691999999980908 ], [ 545436.392, 502604.950000000011642 ], [ 545454.881000000052154, 502599.892 ], [ 545479.459000000031665, 502591.588999999978114 ], [ 545581.878000000026077, 502552.711000000010245 ], [ 545587.484000000054948, 502550.744 ], [ 545593.537000000011176, 502525.096000000019558 ], [ 545585.746000000042841, 502527.891 ], [ 545494.979999999981374, 502564.679 ], [ 545419.452000000048429, 502590.189000000013039 ], [ 545389.848, 502600.679 ], [ 545390.667999999946915, 502602.079000000027008 ] ] ] } },
{ "type": "Feature", "properties": { "fid": 2354587, "crop": "hemp_cannabis" }, "geometry": { "type": "Polygon", "coordinates": [ [ [ 541957.425000000046566, 515963.12699999997858 ], [ 541990.854999999981374, 515927.257999999972526 ], [ 541997.741999999969266, 515893.794 ], [ 542008.302999999956228, 515844.441 ], [ 542018.940000000060536, 515791.731000000028871 ], [ 542030.878999999957159, 515701.136999999987893 ], [ 542037.667999999946915, 515653.615999999979977 ], [ 542045.158999999985099, 515615.458999999973457 ], [ 542057.834999999962747, 515550.063000000023749 ], [ 542079.285000000032596, 515460.482000000018161 ], [ 542050.567000000039116, 515456.704000000027008 ], [ 542030.996999999973923, 515540.935999999986961 ], [ 542012.569000000017695, 515641.359 ], [ 542004.366000000038184, 515692.052000000025146 ], [ 542000.680000000051223, 515727.670999999972992 ], [ 541994.829000000027008, 515777.685999999986961 ], [ 541985.699000000022352, 515828.25 ], [ 541969.312000000034459, 515905.73499999998603 ], [ 541957.425000000046566, 515963.12699999997858 ] ] ] } },
{ "type": "Feature", "properties": { "fid": 2092481, "crop": "hemp_cannabis" }, "geometry": { "type": "Polygon", "coordinates": [ [ [ 533703.684, 503975.157 ], [ 533700.082000000053085, 504036.996999999973923 ], [ 533695.844000000040978, 504092.809 ], [ 533693.988000000012107, 504123.451 ], [ 533691.790999999968335, 504161.569000000017695 ], [ 533709.804, 504159.673 ], [ 533726.270000000018626, 504157.108 ], [ 533730.415000000037253, 504096.382999999972526 ], [ 533738.319000000017695, 504008.270000000018626 ], [ 533738.125, 503959.906000000017229 ], [ 533732.109000000054948, 503916.107000000018161 ], [ 533731.491999999969266, 503907.287000000011176 ], [ 533730.096000000019558, 503828.949000000022352 ], [ 533730.604999999981374, 503816.558000000019092 ], [ 533718.506000000052154, 503817.910000000032596 ], [ 533706.419, 503816.07 ], [ 533696.42000000004191, 503812.506 ], [ 533695.40500000002794, 503824.716000000014901 ], [ 533694.665000000037253, 503893.614 ], [ 533701.234000000054948, 503942.172000000020489 ], [ 533703.684, 503975.157 ] ] ] } },
{ "type": "Feature", "properties": { "fid": 1065798, "crop": "hemp_cannabis" }, "geometry": { "type": "Polygon", "coordinates": [ [ [ 552438.018999999971129, 512966.142 ], [ 552457.628000000026077, 513002.093999999982771 ], [ 552491.765999999945052, 512997.37300000002142 ], [ 552535.729000000050291, 512990.234 ], [ 552560.76500000001397, 512984.663 ], [ 552583.645000000018626, 512980.305 ], [ 552633.903999999980442, 512966.272 ], [ 552648.216000000014901, 512959.903999999980442 ], [ 552635.576, 512952.705000000016298 ], [ 552587.082999999984168, 512918.44 ], [ 552520.753999999957159, 512935.636 ], [ 552432.17000000004191, 512955.00099999998929 ], [ 552438.018999999971129, 512966.142 ] ] ] } },
{ "type": "Feature", "properties": { "fid": 1700768, "crop": "hemp_cannabis" }, "geometry": { "type": "Polygon", "coordinates": [ [ [ 552630.474000000045635, 526926.300000000046566 ], [ 552637.334999999962747, 526957.728 ], [ 552649.949999999953434, 527005.753999999957159 ], [ 552664.778999999980442, 527053.560000000055879 ], [ 552674.738000000012107, 527090.741000000038184 ], [ 552683.488999999943189, 527122.633999999961816 ], [ 552690.008000000030734, 527146.393000000040047 ], [ 552694.657, 527163.334999999962747 ], [ 552717.65500000002794, 527153.694999999948777 ], [ 552755.962999999988824, 527141.202999999979511 ], [ 552813.285000000032596, 527123.940000000060536 ], [ 552861.532, 527109.111000000033528 ], [ 552903.582999999984168, 527091.62699999997858 ], [ 552953.822999999974854, 527070.822999999974854 ], [ 553010.481000000028871, 527051.125 ], [ 553067.582000000053085, 527027.886000000056811 ], [ 553084.180999999982305, 527019.255 ], [ 553087.72199999995064, 527014.165000000037253 ], [ 553086.658999999985099, 527004.599999999976717 ], [ 553086.615, 527004.20499999995809 ], [ 553054.11199999996461, 526990.231999999959953 ], [ 553015.572000000043772, 526973.662999999942258 ], [ 553005.390999999945052, 526974.547999999951571 ], [ 552921.067999999970198, 527005.312000000034459 ], [ 552907.346000000019558, 526983.621999999973923 ], [ 552881.008999999961816, 526982.515999999945052 ], [ 552855.998999999952503, 526979.638999999966472 ], [ 552848.253000000026077, 526982.294 ], [ 552819.26, 526967.908999999985099 ], [ 552774.111000000033528, 526951.530999999959022 ], [ 552745.782, 526942.457000000053085 ], [ 552672.525000000023283, 526922.981000000028871 ], [ 552640.65500000002794, 526910.143999999971129 ], [ 552623.09699999995064, 526895.393999999971129 ], [ 552630.474000000045635, 526926.300000000046566 ] ] ] } },
{ "type": "Feature", "properties": { "fid": 275247, "crop": "hemp_cannabis" }, "geometry": { "type": "Polygon", "coordinates": [ [ [ 545948.692999999970198, 515428.49800000002142 ], [ 545983.320000000065193, 515441.017 ], [ 546075.17000000004191, 515468.571999999985565 ], [ 546236.096000000019558, 515505.003000000026077 ], [ 546309.072999999974854, 515516.114 ], [ 546309.881000000052154, 515482.068000000028405 ], [ 546308.761000000056811, 515470.245 ], [ 546263.300999999977648, 515463.152 ], [ 546200.64000000001397, 515451.782 ], [ 546131.447999999974854, 515436.84499999997206 ], [ 546106.854000000050291, 515429.613000000012107 ], [ 546017.006000000052154, 515402.13900000002468 ], [ 545982.520000000018626, 515392.694000000017695 ], [ 545973.952999999979511, 515396.207999999984168 ], [ 545948.692999999970198, 515428.49800000002142 ] ] ] } },
{ "type": "Feature", "properties": { "fid": 1172889, "crop": "hemp_cannabis" }, "geometry": { "type": "Polygon", "coordinates": [ [ [ 539483.221000000019558, 509121.528999999980442 ], [ 539575.792000000015832, 509103.943000000028405 ], [ 539652.36199999996461, 509087.261 ], [ 539684.427000000025146, 509078.120999999984633 ], [ 539870.074000000022352, 509014.191 ], [ 539922.091000000014901, 508996.647 ], [ 539919.425999999977648, 508987.079000000027008 ], [ 539911.67000000004191, 508971.881999999983236 ], [ 539897.898999999975786, 508977.153999999980442 ], [ 539891.189000000013039, 508979.772 ], [ 539883.050999999977648, 508983.213999999978114 ], [ 539851.584999999962747, 508993.533999999985099 ], [ 539748.582999999984168, 509020.647 ], [ 539604.900000000023283, 509070.74800000002142 ], [ 539522.837000000057742, 509095.511 ], [ 539490.805999999982305, 509105.957 ], [ 539488.723, 509110.48499999998603 ], [ 539485.064000000013039, 509117.555999999982305 ], [ 539483.221000000019558, 509121.528999999980442 ] ] ] } },
{ "type": "Feature", "properties": { "fid": 380562, "crop": "hemp_cannabis" }, "geometry": { "type": "Polygon", "coordinates": [ [ [ 538260.511000000056811, 553217.483 ], [ 538264.51, 553293.88 ], [ 538266.190000000060536, 553340.701 ], [ 538267.234000000054948, 553378.511999999987893 ], [ 538294.003999999957159, 553376.393000000040047 ], [ 538294.003000000026077, 553366.572999999974854 ], [ 538288.033999999985099, 553289.805999999982305 ], [ 538296.491000000038184, 553288.849999999976717 ], [ 538291.824999999953434, 553234.555000000051223 ], [ 538291.32999999995809, 553188.13800000003539 ], [ 538260.326, 553201.552999999956228 ], [ 538260.511000000056811, 553217.483 ] ] ] } },
{ "type": "Feature", "properties": { "fid": 2055307, "crop": "hemp_cannabis" }, "geometry": { "type": "Polygon", "coordinates": [ [ [ 557287.978, 548775.660000000032596 ], [ 557201.728, 548793.28000000002794 ], [ 557085.76500000001397, 548815.214000000036322 ], [ 556996.042000000015832, 548833.468 ], [ 557052.243000000016764, 548932.675999999977648 ], [ 557201.63800000003539, 548907.650000000023283 ], [ 557306.288999999989755, 548891.118000000016764 ], [ 557300.069000000017695, 548851.738000000012107 ], [ 557287.978, 548775.660000000032596 ] ] ] } },
{ "type": "Feature", "properties": { "fid": 819014, "crop": "hemp_cannabis" }, "geometry": { "type": "Polygon", "coordinates": [ [ [ 533794.537999999942258, 504145.072999999974854 ], [ 533801.876000000047497, 504144.103 ], [ 533820.792999999946915, 504140.590000000025611 ], [ 533825.003000000026077, 504139.75 ], [ 533827.267, 504091.439000000013039 ], [ 533832.991999999969266, 504014.493000000016764 ], [ 533833.822999999974854, 503907.697999999974854 ], [ 533827.454000000027008, 503843.017999999981839 ], [ 533826.071, 503838.011 ], [ 533815.753000000026077, 503836.48599999997532 ], [ 533806.01500000001397, 503833.332 ], [ 533795.292000000015832, 503828.161000000021886 ], [ 533795.320000000065193, 503828.945 ], [ 533800.140999999945052, 503904.134000000020023 ], [ 533803.371999999973923, 503932.40500000002794 ], [ 533806.162999999942258, 503986.193000000028405 ], [ 533805.351999999955297, 504026.507999999972526 ], [ 533799.968, 504075.509000000020023 ], [ 533794.537999999942258, 504145.072999999974854 ] ] ] } },
{ "type": "Feature", "properties": { "fid": 1631681, "crop": "hemp_cannabis" }, "geometry": { "type": "Polygon", "coordinates": [ [ [ 538787.366999999969266, 530878.42000000004191 ], [ 538789.300999999977648, 530882.145000000018626 ], [ 538801.422999999951571, 530895.976000000024214 ], [ 538813.045999999972992, 530894.204000000027008 ], [ 538858.834000000031665, 530885.368000000016764 ], [ 538872.917999999946915, 530882.113000000012107 ], [ 538872.841000000014901, 530880.40500000002794 ], [ 538867.886999999987893, 530848.442000000039116 ], [ 538864.238000000012107, 530842.685999999986961 ], [ 538833.246999999973923, 530847.538999999989755 ], [ 538812.843, 530852.060999999986961 ], [ 538808.652, 530854.045999999972992 ], [ 538796.469000000040978, 530862.317999999970198 ], [ 538787.917999999946915, 530871.912999999942258 ], [ 538787.366999999969266, 530878.42000000004191 ] ], [ [ 538846.180000000051223, 530869.0 ], [ 538865.245, 530866.128999999957159 ], [ 538865.70499999995809, 530869.229000000050291 ], [ 538846.755, 530872.101000000024214 ], [ 538846.180000000051223, 530869.0 ] ] ] } },
{ "type": "Feature", "properties": { "fid": 2477590, "crop": "hemp_cannabis" }, "geometry": { "type": "Polygon", "coordinates": [ [ [ 540115.25199999997858, 516087.557000000029802 ], [ 540089.420999999972992, 516074.587 ], [ 540062.481999999959953, 516059.066 ], [ 540016.363999999943189, 516028.912000000011176 ], [ 540013.937999999965541, 516047.234 ], [ 540015.586000000010245, 516058.32 ], [ 540018.881999999983236, 516068.358 ], [ 540026.97199999995064, 516084.088999999978114 ], [ 540037.160000000032596, 516096.674 ], [ 540051.991999999969266, 516108.958999999973457 ], [ 540073.696, 516118.924 ], [ 540093.941, 516123.191999999980908 ], [ 540110.640999999945052, 516126.061999999976251 ], [ 540113.895000000018626, 516126.473 ], [ 540146.25, 516129.897999999986496 ], [ 540155.814000000013039, 516129.321999999985565 ], [ 540157.425000000046566, 516129.287000000011176 ], [ 540165.13, 516127.966000000014901 ], [ 540175.091000000014901, 516125.213999999978114 ], [ 540184.116000000038184, 516121.582 ], [ 540187.63800000003539, 516119.435999999986961 ], [ 540170.633000000030734, 516112.226000000024214 ], [ 540146.582999999984168, 516101.935 ], [ 540115.25199999997858, 516087.557000000029802 ] ] ] } },
{ "type": "Feature", "properties": { "fid": 216882, "crop": "hemp_cannabis" }, "geometry": { "type": "Polygon", "coordinates": [ [ [ 543675.998999999952503, 520665.805999999982305 ], [ 543664.179, 520669.631 ], [ 543660.27800000004936, 520675.063000000023749 ], [ 543659.383000000030734, 520677.691999999980908 ], [ 543657.927999999956228, 520682.538999999989755 ], [ 543663.26300000003539, 520724.962 ], [ 543665.919, 520746.292000000015832 ], [ 543667.038999999989755, 520753.628000000026077 ], [ 543671.054, 520778.571999999985565 ], [ 543676.234000000054948, 520810.055 ], [ 543682.265999999945052, 520842.202 ], [ 543701.177999999956228, 520828.474999999976717 ], [ 543720.216999999945983, 520817.505 ], [ 543717.253000000026077, 520803.246999999973923 ], [ 543710.591999999945983, 520771.74800000002142 ], [ 543709.072000000043772, 520763.458999999973457 ], [ 543705.772, 520735.34499999997206 ], [ 543701.089999999967404, 520688.911000000021886 ], [ 543700.478, 520674.223 ], [ 543699.621000000042841, 520659.398999999975786 ], [ 543675.998999999952503, 520665.805999999982305 ] ] ] } },
{ "type": "Feature", "properties": { "fid": 1302299, "crop": "hemp_cannabis" }, "geometry": { "type": "Polygon", "coordinates": [ [ [ 540594.091000000014901, 516625.028999999980442 ], [ 540562.437999999965541, 516622.511 ], [ 540519.851000000024214, 516617.044 ], [ 540430.892, 516596.017 ], [ 540371.90300000004936, 516581.268999999971129 ], [ 540283.34699999995064, 516558.897 ], [ 540291.099999999976717, 516572.528 ], [ 540309.513999999966472, 516577.131 ], [ 540419.569000000017695, 516605.75 ], [ 540519.973, 516629.341000000014901 ], [ 540595.098, 516639.992000000027474 ], [ 540594.091000000014901, 516625.028999999980442 ] ] ] } },
{ "type": "Feature", "properties": { "fid": 1121239, "crop": "hemp_cannabis" }, "geometry": { "type": "Polygon", "coordinates": [ [ [ 529486.158000000054017, 553280.976999999955297 ], [ 529503.290000000037253, 553302.01300000003539 ], [ 529521.966000000014901, 553323.49800000002142 ], [ 529536.430000000051223, 553343.577999999979511 ], [ 529540.922999999951571, 553347.087999999988824 ], [ 529799.48499999998603, 553162.351999999955297 ], [ 529777.121000000042841, 553104.253999999957159 ], [ 529776.826, 553104.468 ], [ 529757.907, 553116.822999999974854 ], [ 529738.636999999987893, 553128.733 ], [ 529717.714000000036322, 553138.280999999959022 ], [ 529661.5, 553181.371999999973923 ], [ 529647.363000000012107, 553193.466999999945983 ], [ 529632.356000000028871, 553203.532 ], [ 529609.098, 553212.775000000023283 ], [ 529594.775000000023283, 553218.111000000033528 ], [ 529570.67000000004191, 553227.309 ], [ 529543.48499999998603, 553241.582000000053085 ], [ 529520.555999999982305, 553254.192999999970198 ], [ 529511.01300000003539, 553259.184 ], [ 529497.062000000034459, 553268.388999999966472 ], [ 529483.868000000016764, 553278.332999999984168 ], [ 529486.158000000054017, 553280.976999999955297 ] ] ] } },
{ "type": "Feature", "properties": { "fid": 2296712, "crop": "hemp_cannabis" }, "geometry": { "type": "Polygon", "coordinates": [ [ [ 555330.300000000046566, 514994.496999999973923 ], [ 555309.038999999989755, 515074.097 ], [ 555328.202999999979511, 515076.103 ], [ 555349.479999999981374, 514992.009000000020023 ], [ 555355.442000000039116, 514975.222 ], [ 555365.77800000004936, 514942.816999999980908 ], [ 555374.158000000054017, 514915.161000000021886 ], [ 555393.434, 514847.556999999971595 ], [ 555419.133999999961816, 514777.161000000021886 ], [ 555439.246999999973923, 514715.143999999971129 ], [ 555454.332000000053085, 514665.419999999983702 ], [ 555467.182999999960884, 514612.343 ], [ 555475.547999999951571, 514564.977000000013504 ], [ 555480.258999999961816, 514544.278999999980442 ], [ 555467.520999999949709, 514537.477000000013504 ], [ 555457.90500000002794, 514582.675999999977648 ], [ 555453.256000000052154, 514606.056999999971595 ], [ 555437.01300000003539, 514664.302000000025146 ], [ 555426.665000000037253, 514699.412000000011176 ], [ 555417.273000000044703, 514729.50099999998929 ], [ 555391.047000000020489, 514804.825000000011642 ], [ 555376.63800000003539, 514847.037000000011176 ], [ 555351.251000000047497, 514924.658999999985099 ], [ 555346.223, 514941.699000000022352 ], [ 555330.300000000046566, 514994.496999999973923 ] ] ] } },
{ "type": "Feature", "properties": { "fid": 380565, "crop": "hemp_cannabis" }, "geometry": { "type": "Polygon", "coordinates": [ [ [ 537520.871000000042841, 551478.221000000019558 ], [ 537524.898999999975786, 551476.787000000011176 ], [ 537538.667999999946915, 551437.491000000038184 ], [ 537550.537999999942258, 551406.773999999975786 ], [ 537564.832000000053085, 551364.042999999946915 ], [ 537556.378000000026077, 551361.174 ], [ 537546.316, 551360.554 ], [ 537533.932999999960884, 551360.709000000031665 ], [ 537526.192999999970198, 551389.346000000019558 ], [ 537515.202999999979511, 551421.853 ], [ 537494.040999999968335, 551486.38 ], [ 537499.648999999975786, 551484.476999999955297 ], [ 537520.871000000042841, 551478.221000000019558 ] ] ] } },
{ "type": "Feature", "properties": { "fid": 740543, "crop": "hemp_cannabis" }, "geometry": { "type": "Polygon", "coordinates": [ [ [ 540520.690000000060536, 515422.153999999980442 ], [ 540520.190000000060536, 515405.407 ], [ 540518.848, 515396.283999999985099 ], [ 540514.816, 515396.283999999985099 ], [ 540503.375, 515398.487000000022817 ], [ 540500.106000000028871, 515399.141 ], [ 540496.618999999947846, 515400.230000000039581 ], [ 540494.73699999996461, 515401.25 ], [ 540494.319000000017695, 515441.026000000012573 ], [ 540493.606000000028871, 515461.207 ], [ 540490.626000000047497, 515494.59499999997206 ], [ 540488.444999999948777, 515512.38900000002468 ], [ 540483.008000000030734, 515553.10999999998603 ], [ 540516.560000000055879, 515563.679 ], [ 540517.866999999969266, 515540.142 ], [ 540520.15500000002794, 515496.229 ], [ 540521.245, 515457.982000000018161 ], [ 540520.690000000060536, 515422.153999999980442 ] ] ] } },
{ "type": "Feature", "properties": { "fid": 380566, "crop": "hemp_cannabis" }, "geometry": { "type": "Polygon", "coordinates": [ [ [ 538418.334000000031665, 553599.73499999998603 ], [ 538412.962999999988824, 553525.699000000022352 ], [ 538405.777, 553428.157 ], [ 538371.351999999955297, 553413.716000000014901 ], [ 538378.621000000042841, 553515.410999999963678 ], [ 538382.956, 553600.795999999972992 ], [ 538418.334000000031665, 553599.73499999998603 ] ] ] } },
{ "type": "Feature", "properties": { "fid": 1057369, "crop": "hemp_cannabis" }, "geometry": { "type": "Polygon", "coordinates": [ [ [ 538493.756999999983236, 551384.018999999971129 ], [ 538512.881000000052154, 551416.84499999997206 ], [ 538532.128000000026077, 551401.939000000013039 ], [ 538505.317999999970198, 551357.618000000016764 ], [ 538477.898999999975786, 551355.324999999953434 ], [ 538493.756999999983236, 551384.018999999971129 ] ] ] } },
{ "type": "Feature", "properties": { "fid": 2375140, "crop": "hemp_cannabis" }, "geometry": { "type": "Polygon", "coordinates": [ [ [ 542349.427999999956228, 524092.913 ], [ 542332.712999999988824, 524110.713999999978114 ], [ 542327.71999999997206, 524148.920999999972992 ], [ 542319.46999999997206, 524199.069000000017695 ], [ 542315.996999999973923, 524217.304 ], [ 542303.62300000002142, 524257.898999999975786 ], [ 542290.822000000043772, 524292.523999999975786 ], [ 542285.822000000043772, 524313.473 ], [ 542300.800999999977648, 524313.908000000054017 ], [ 542316.865, 524297.843 ], [ 542332.712999999988824, 524284.167000000015832 ], [ 542343.349999999976717, 524274.832 ], [ 542365.927000000025146, 524257.465000000025611 ], [ 542368.532, 524246.175999999977648 ], [ 542376.564000000013039, 524209.489 ], [ 542387.006000000052154, 524152.547000000020489 ], [ 542391.615, 524128.207 ], [ 542396.753000000026077, 524101.814000000013039 ], [ 542402.398000000044703, 524071.63900000002468 ], [ 542406.522, 524047.759000000020023 ], [ 542412.310000000055879, 524011.005 ], [ 542408.780999999959022, 524011.003000000026077 ], [ 542382.643000000040047, 524053.403 ], [ 542366.577999999979511, 524074.461000000010245 ], [ 542349.427999999956228, 524092.913 ] ] ] } },
{ "type": "Feature", "properties": { "fid": 2370093, "crop": "hemp_cannabis" }, "geometry": { "type": "Polygon", "coordinates": [ [ [ 542424.841000000014901, 524073.941 ], [ 542419.795999999972992, 524099.354999999981374 ], [ 542414.564000000013039, 524127.197999999974854 ], [ 542407.270999999949709, 524163.670999999972992 ], [ 542399.988000000012107, 524211.473999999987427 ], [ 542397.38, 524230.813000000023749 ], [ 542409.466000000014901, 524231.669 ], [ 542419.22199999995064, 524232.708999999973457 ], [ 542425.672999999951571, 524233.543 ], [ 542426.897, 524226.23599999997532 ], [ 542428.354999999981374, 524213.962 ], [ 542430.885, 524191.305 ], [ 542436.613999999943189, 524153.919999999983702 ], [ 542443.714999999967404, 524119.723 ], [ 542450.067999999970198, 524091.506999999983236 ], [ 542452.871000000042841, 524077.118000000016764 ], [ 542455.48699999996461, 524063.290000000037253 ], [ 542460.532, 524031.336000000010245 ], [ 542464.457000000053085, 524002.371999999973923 ], [ 542465.577999999979511, 523981.256 ], [ 542465.390999999945052, 523961.821999999985565 ], [ 542460.905999999959022, 523962.756999999983236 ], [ 542449.506999999983236, 523965.745999999984633 ], [ 542438.481999999959953, 523970.418 ], [ 542434.557999999960884, 524015.63900000002468 ], [ 542430.153999999980442, 524047.028999999980442 ], [ 542424.841000000014901, 524073.941 ] ] ] } },
{ "type": "Feature", "properties": { "fid": 1300673, "crop": "hemp_cannabis" }, "geometry": { "type": "Polygon", "coordinates": [ [ [ 539786.942000000039116, 515242.575000000011642 ], [ 539788.560000000055879, 515259.753000000026077 ], [ 539788.962000000057742, 515262.755 ], [ 539798.207999999984168, 515313.859 ], [ 539808.288999999989755, 515357.913999999989755 ], [ 539811.190000000060536, 515371.31 ], [ 539819.008000000030734, 515409.220000000030268 ], [ 539825.690000000060536, 515439.272999999986496 ], [ 539825.858, 515440.026000000012573 ], [ 539844.179, 515437.397999999986496 ], [ 539859.412999999942258, 515434.36099999997532 ], [ 539840.322000000043772, 515360.691999999980908 ], [ 539832.881999999983236, 515332.454000000027008 ], [ 539832.366000000038184, 515330.495999999984633 ], [ 539829.253000000026077, 515315.726000000024214 ], [ 539828.866999999969266, 515313.947999999974854 ], [ 539823.503000000026077, 515285.918 ], [ 539819.650999999954365, 515262.36099999997532 ], [ 539818.814999999944121, 515255.739 ], [ 539814.174, 515218.957 ], [ 539814.229000000050291, 515218.932000000029802 ], [ 539813.753000000026077, 515215.114 ], [ 539787.616999999969266, 515184.968999999982771 ], [ 539787.912000000011176, 515203.088999999978114 ], [ 539786.942000000039116, 515242.575000000011642 ] ] ] } },
{ "type": "Feature", "properties": { "fid": 1056066, "crop": "hemp_cannabis" }, "geometry": { "type": "Polygon", "coordinates": [ [ [ 538648.821, 553519.790999999968335 ], [ 538677.098, 553531.309 ], [ 538675.775000000023283, 553511.319000000017695 ], [ 538668.506000000052154, 553312.868000000016764 ], [ 538665.658000000054017, 553233.484000000054948 ], [ 538663.893000000040047, 553164.383000000030734 ], [ 538657.712000000057742, 553043.699999999953434 ], [ 538626.165000000037253, 553046.718 ], [ 538623.738000000012107, 553047.488000000012107 ], [ 538627.060999999986961, 553091.501000000047497 ], [ 538628.73699999996461, 553126.800000000046566 ], [ 538629.761000000056811, 553168.087999999988824 ], [ 538631.951, 553220.025000000023283 ], [ 538632.937000000034459, 553280.236000000033528 ], [ 538640.96999999997206, 553437.464000000036322 ], [ 538644.243999999947846, 553493.591000000014901 ], [ 538646.098, 553518.665999999968335 ], [ 538648.821, 553519.790999999968335 ] ] ] } },
{ "type": "Feature", "properties": { "fid": 2296711, "crop": "hemp_cannabis" }, "geometry": { "type": "Polygon", "coordinates": [ [ [ 554317.115, 514616.413 ], [ 554272.86199999996461, 514605.954000000027008 ], [ 554233.273999999975786, 514596.978 ], [ 554224.738000000012107, 514604.960000000020955 ], [ 554216.540999999968335, 514614.267999999981839 ], [ 554205.150999999954365, 514629.115999999979977 ], [ 554237.192000000039116, 514633.577999999979511 ], [ 554268.302999999956228, 514638.941999999980908 ], [ 554345.408999999985099, 514659.458999999973457 ], [ 554398.261999999987893, 514673.850000000034925 ], [ 554401.59699999995064, 514665.359 ], [ 554408.782, 514635.704000000027008 ], [ 554361.233, 514625.13 ], [ 554317.115, 514616.413 ] ] ] } },
{ "type": "Feature", "properties": { "fid": 588181, "crop": "hemp_cannabis" }, "geometry": { "type": "Polygon", "coordinates": [ [ [ 536788.087000000057742, 555337.321 ], [ 536837.314000000013039, 555330.844000000040978 ], [ 536946.412999999942258, 555309.170999999972992 ], [ 536946.966000000014901, 555294.635 ], [ 536947.658000000054017, 555275.067999999970198 ], [ 536830.731999999959953, 555293.12 ], [ 536797.319000000017695, 555297.90500000002794 ], [ 536788.087000000057742, 555337.321 ] ] ] } },
{ "type": "Feature", "properties": { "fid": 1065528, "crop": "hemp_cannabis" }, "geometry": { "type": "Polygon", "coordinates": [ [ [ 554363.577000000048429, 514240.056999999971595 ], [ 554246.143000000040047, 514309.87699999997858 ], [ 554230.75199999997858, 514271.253000000026077 ], [ 554146.925000000046566, 514295.742000000027474 ], [ 554085.359000000054948, 514305.794999999983702 ], [ 554088.75, 514340.718999999982771 ], [ 554092.917999999946915, 514369.324000000022352 ], [ 554160.383000000030734, 514366.941999999980908 ], [ 554220.295999999972992, 514355.653999999980442 ], [ 554260.775000000023283, 514339.506 ], [ 554349.897, 514289.824000000022352 ], [ 554381.932999999960884, 514269.36099999997532 ], [ 554381.73499999998603, 514228.882999999972526 ], [ 554363.577000000048429, 514240.056999999971595 ] ] ] } },
{ "type": "Feature", "properties": { "fid": 217342, "crop": "mustard" }, "geometry": { "type": "Polygon", "coordinates": [ [ [ 531768.99, 526395.618000000016764 ], [ 531750.523000000044703, 526377.343 ], [ 531726.930000000051223, 526358.052999999956228 ], [ 531715.077000000048429, 526370.440000000060536 ], [ 531733.491000000038184, 526385.645999999949709 ], [ 531744.035000000032596, 526395.207999999984168 ], [ 531763.267, 526417.079000000027008 ], [ 531796.549, 526457.783999999985099 ], [ 531825.908999999985099, 526493.238000000012107 ], [ 531848.402, 526519.111000000033528 ], [ 531857.241999999969266, 526504.415000000037253 ], [ 531832.618000000016764, 526474.623999999952503 ], [ 531805.371999999973923, 526440.966999999945983 ], [ 531793.947000000043772, 526426.907 ], [ 531768.99, 526395.618000000016764 ] ] ] } },
{ "type": "Feature", "properties": { "fid": 1543447, "crop": "mustard" }, "geometry": { "type": "Polygon", "coordinates": [ [ [ 523459.74800000002142, 537492.65500000002794 ], [ 523493.00099999998929, 537491.469000000040978 ], [ 523503.425999999977648, 537453.207999999984168 ], [ 523510.047000000020489, 537429.356999999959953 ], [ 523519.160000000032596, 537395.653999999980442 ], [ 523535.378000000026077, 537338.628999999957159 ], [ 523550.558000000019092, 537285.42000000004191 ], [ 523560.402, 537237.658999999985099 ], [ 523567.136, 537199.837000000057742 ], [ 523570.342, 537168.601999999955297 ], [ 523574.048, 537122.290000000037253 ], [ 523576.221000000019558, 537069.24 ], [ 523578.38, 536994.441 ], [ 523578.911000000021886, 536973.560999999986961 ], [ 523581.516, 536921.618000000016764 ], [ 523582.391, 536852.033999999985099 ], [ 523582.919, 536838.469000000040978 ], [ 523584.50099999998929, 536782.415999999968335 ], [ 523585.56, 536760.48499999998603 ], [ 523586.995999999984633, 536721.037999999942258 ], [ 523586.988000000012107, 536696.538999999989755 ], [ 523556.826, 536695.922999999951571 ], [ 523557.87400000001071, 536730.716000000014901 ], [ 523556.827, 536760.711000000010245 ], [ 523554.821999999985565, 536815.381000000052154 ], [ 523553.950000000011642, 536835.697000000043772 ], [ 523552.824000000022352, 536843.057999999960884 ], [ 523552.468, 536872.143999999971129 ], [ 523550.201, 536920.099999999976717 ], [ 523548.980000000039581, 536955.849999999976717 ], [ 523547.49800000002142, 536994.302000000025146 ], [ 523546.327, 537067.721000000019558 ], [ 523544.354, 537120.917000000015832 ], [ 523543.314000000013039, 537125.574999999953434 ], [ 523539.544, 537185.322999999974854 ], [ 523533.957999999984168, 537221.930999999982305 ], [ 523532.5, 537228.76500000001397 ], [ 523527.371999999973923, 537251.0 ], [ 523507.902, 537329.87699999997858 ], [ 523476.142, 537437.804 ], [ 523469.843999999982771, 537458.71999999997206 ], [ 523467.756, 537465.322000000043772 ], [ 523459.74800000002142, 537492.65500000002794 ] ] ] } },
{ "type": "Feature", "properties": { "fid": 763158, "crop": "mustard" }, "geometry": { "type": "Polygon", "coordinates": [ [ [ 536876.358, 519358.635 ], [ 536860.131999999983236, 519350.927000000025146 ], [ 536840.616000000038184, 519404.011 ], [ 536822.175999999977648, 519457.471000000019558 ], [ 536806.322000000043772, 519500.565 ], [ 536780.493999999947846, 519576.712999999988824 ], [ 536792.466000000014901, 519581.557000000029802 ], [ 536804.712000000057742, 519586.695 ], [ 536839.587999999988824, 519489.656000000017229 ], [ 536859.733, 519436.368000000016764 ], [ 536887.552000000025146, 519365.172000000020489 ], [ 536876.358, 519358.635 ] ] ] } },
{ "type": "Feature", "properties": { "fid": 1342437, "crop": "mustard" }, "geometry": { "type": "Polygon", "coordinates": [ [ [ 555473.488000000012107, 525344.312999999965541 ], [ 555474.023000000044703, 525344.51 ], [ 555475.062999999965541, 525348.876000000047497 ], [ 555484.966999999945983, 525377.574000000022352 ], [ 555502.961000000010245, 525431.312000000034459 ], [ 555524.072000000043772, 525499.204000000027008 ], [ 555564.375, 525486.488999999943189 ], [ 555558.908000000054017, 525467.692999999970198 ], [ 555548.731000000028871, 525438.466999999945983 ], [ 555519.76500000001397, 525351.307999999960884 ], [ 555473.04500000004191, 525343.028999999980442 ], [ 555473.488000000012107, 525344.312999999965541 ] ] ] } },
{ "type": "Feature", "properties": { "fid": 821708, "crop": "mustard" }, "geometry": { "type": "Polygon", "coordinates": [ [ [ 548734.01500000001397, 535690.032 ], [ 548776.5, 535691.299 ], [ 548778.513999999966472, 535593.606999999959953 ], [ 548780.511999999987893, 535491.185999999986961 ], [ 548780.314000000013039, 535365.745 ], [ 548784.072999999974854, 535239.907 ], [ 548786.255, 535177.824000000022352 ], [ 548745.062000000034459, 535197.660000000032596 ], [ 548744.50199999997858, 535241.886000000056811 ], [ 548741.336000000010245, 535354.86199999996461 ], [ 548739.358, 535454.978 ], [ 548736.39000000001397, 535595.851999999955297 ], [ 548734.01500000001397, 535690.032 ] ] ] } },
{ "type": "Feature", "properties": { "fid": 659618, "crop": "mustard" }, "geometry": { "type": "Polygon", "coordinates": [ [ [ 552373.979999999981374, 535166.912999999942258 ], [ 552381.809, 535143.964000000036322 ], [ 552376.854000000050291, 535138.599999999976717 ], [ 552357.881000000052154, 535110.687999999965541 ], [ 552338.564000000013039, 535080.567999999970198 ], [ 552296.790999999968335, 535014.305999999982305 ], [ 552277.799, 534981.020999999949709 ], [ 552254.108, 534937.908999999985099 ], [ 552236.082999999984168, 534946.824000000022352 ], [ 552264.96999999997206, 534998.267 ], [ 552284.557999999960884, 535034.079000000027008 ], [ 552300.935000000055879, 535060.608 ], [ 552321.973, 535092.944000000017695 ], [ 552345.959000000031665, 535128.331 ], [ 552367.753000000026077, 535158.979000000050291 ], [ 552373.979999999981374, 535166.912999999942258 ] ] ] } },
{ "type": "Feature", "properties": { "fid": 473004, "crop": "mustard" }, "geometry": { "type": "Polygon", "coordinates": [ [ [ 551929.724000000045635, 535479.577000000048429 ], [ 551945.363000000012107, 535500.246000000042841 ], [ 551961.508999999961816, 535494.667999999946915 ], [ 551936.256000000052154, 535459.14000000001397 ], [ 551923.481999999959953, 535443.040000000037253 ], [ 551907.177000000025146, 535423.540999999968335 ], [ 551877.927999999956228, 535391.265999999945052 ], [ 551830.429, 535335.192999999970198 ], [ 551799.930000000051223, 535298.979999999981374 ], [ 551754.542999999946915, 535243.339999999967404 ], [ 551734.042999999946915, 535219.395000000018626 ], [ 551711.584000000031665, 535192.187000000034459 ], [ 551678.525999999954365, 535151.591000000014901 ], [ 551670.831, 535143.15300000004936 ], [ 551662.930000000051223, 535147.85999999998603 ], [ 551657.719000000040978, 535150.885 ], [ 551675.685999999986961, 535174.917999999946915 ], [ 551699.533999999985099, 535201.488999999943189 ], [ 551714.535999999963678, 535219.63800000003539 ], [ 551729.952999999979511, 535238.417999999946915 ], [ 551757.064999999944121, 535272.756999999983236 ], [ 551824.136000000056811, 535354.283999999985099 ], [ 551861.285999999963678, 535398.158000000054017 ], [ 551890.023999999975786, 535430.37 ], [ 551900.927000000025146, 535443.255 ], [ 551929.724000000045635, 535479.577000000048429 ] ] ] } },
{ "type": "Feature", "properties": { "fid": 285532, "crop": "mustard" }, "geometry": { "type": "Polygon", "coordinates": [ [ [ 551122.060999999986961, 513016.304 ], [ 551151.658000000054017, 513006.934 ], [ 551176.827999999979511, 512997.229 ], [ 551168.275999999954365, 512974.762999999977183 ], [ 551153.40300000004936, 512944.708999999973457 ], [ 551130.033000000054017, 512901.901000000012573 ], [ 551116.118000000016764, 512911.832 ], [ 551100.476000000024214, 512918.864 ], [ 551074.405999999959022, 512929.021 ], [ 551086.518999999971129, 512958.87599999998929 ], [ 551103.314000000013039, 512995.968999999982771 ], [ 551115.540999999968335, 513014.011 ], [ 551122.060999999986961, 513016.304 ] ] ] } },
{ "type": "Feature", "properties": { "fid": 1349234, "crop": "mustard" }, "geometry": { "type": "Polygon", "coordinates": [ [ [ 555311.22199999995064, 529372.160000000032596 ], [ 555302.917000000015832, 529315.741000000038184 ], [ 555301.523000000044703, 529315.143999999971129 ], [ 555292.957999999984168, 529360.160000000032596 ], [ 555287.38, 529384.261999999987893 ], [ 555271.444999999948777, 529460.15300000004936 ], [ 555271.047000000020489, 529473.49800000002142 ], [ 555319.084000000031665, 529429.596000000019558 ], [ 555315.38800000003539, 529405.633999999961816 ], [ 555311.22199999995064, 529372.160000000032596 ] ] ] } },
{ "type": "Feature", "properties": { "fid": 1655170, "crop": "mustard" }, "geometry": { "type": "Polygon", "coordinates": [ [ [ 539217.077999999979511, 517283.773999999975786 ], [ 539260.61199999996461, 517297.137999999977183 ], [ 539256.037000000011176, 517318.946999999985565 ], [ 539281.599000000045635, 517326.148999999975786 ], [ 539281.584999999962747, 517326.090000000025611 ], [ 539283.883999999961816, 517326.792000000015832 ], [ 539408.824999999953434, 517361.993000000016764 ], [ 539432.184, 517365.669999999983702 ], [ 539447.741999999969266, 517370.650000000023283 ], [ 539467.920999999972992, 517378.666000000026543 ], [ 539444.037999999942258, 517348.805999999982305 ], [ 539433.780999999959022, 517336.742000000027474 ], [ 539424.868999999947846, 517332.777 ], [ 539391.783999999985099, 517323.202 ], [ 539347.64000000001397, 517307.277 ], [ 539272.564999999944121, 517282.172000000020489 ], [ 539241.844000000040978, 517273.418 ], [ 539234.226999999955297, 517272.168 ], [ 539229.96999999997206, 517271.038 ], [ 539220.537000000011176, 517276.555999999982305 ], [ 539217.077999999979511, 517283.773999999975786 ] ] ] } },
{ "type": "Feature", "properties": { "fid": 2113653, "crop": "mustard" }, "geometry": { "type": "Polygon", "coordinates": [ [ [ 557969.258000000030734, 531506.785000000032596 ], [ 557975.435000000055879, 531538.131999999983236 ], [ 557994.283000000054017, 531601.329000000027008 ], [ 558011.685000000055879, 531664.930999999982305 ], [ 558028.758999999961816, 531728.459999999962747 ], [ 558038.427000000025146, 531758.812000000034459 ], [ 558049.685000000055879, 531778.339999999967404 ], [ 558065.160000000032596, 531796.741000000038184 ], [ 558011.680000000051223, 531596.761999999987893 ], [ 558000.905999999959022, 531564.515999999945052 ], [ 557993.175999999977648, 531533.988000000012107 ], [ 557988.182999999960884, 531504.868000000016764 ], [ 557986.329000000027008, 531473.77800000004936 ], [ 557988.871000000042841, 531444.39000000001397 ], [ 557995.011000000056811, 531413.540999999968335 ], [ 558009.797999999951571, 531345.285999999963678 ], [ 558019.589999999967404, 531283.810999999986961 ], [ 558021.37, 531232.01 ], [ 558012.165999999968335, 531233.841999999945983 ], [ 558003.70499999995809, 531238.919 ], [ 557996.351000000024214, 531245.611000000033528 ], [ 557992.48499999998603, 531252.121999999973923 ], [ 557989.839999999967404, 531258.837000000057742 ], [ 557987.194999999948777, 531283.660000000032596 ], [ 557981.604000000050291, 531306.57999999995809 ], [ 557973.371999999973923, 531341.310000000055879 ], [ 557969.34499999997206, 531376.224000000045635 ], [ 557967.172999999951571, 531408.447999999974854 ], [ 557966.843, 531474.422999999951571 ], [ 557969.258000000030734, 531506.785000000032596 ] ] ] } },
{ "type": "Feature", "properties": { "fid": 460953, "crop": "mustard" }, "geometry": { "type": "Polygon", "coordinates": [ [ [ 559111.15300000004936, 511791.213999999978114 ], [ 559112.937999999965541, 511813.191999999980908 ], [ 559115.167000000015832, 511817.538999999989755 ], [ 559126.077999999979511, 511803.220000000030268 ], [ 559134.839000000036322, 511796.406000000017229 ], [ 559144.63800000003539, 511791.971000000019558 ], [ 559154.02800000004936, 511788.053000000014435 ], [ 559160.790999999968335, 511779.13900000002468 ], [ 559177.699000000022352, 511765.305999999982305 ], [ 559182.85999999998603, 511754.87400000001071 ], [ 559180.856999999959953, 511733.847 ], [ 559182.155999999959022, 511712.586000000010245 ], [ 559147.179, 511715.012999999977183 ], [ 559130.358, 511723.652 ], [ 559123.197000000043772, 511726.283 ], [ 559116.679, 511727.495 ], [ 559108.988999999943189, 511731.628000000026077 ], [ 559111.15300000004936, 511791.213999999978114 ] ] ] } },
{ "type": "Feature", "properties": { "fid": 1832296, "crop": "mustard" }, "geometry": { "type": "Polygon", "coordinates": [ [ [ 553721.843, 538333.096000000019558 ], [ 553725.334999999962747, 538362.520000000018626 ], [ 553729.79500000004191, 538399.64000000001397 ], [ 553730.658000000054017, 538405.971000000019558 ], [ 553739.295999999972992, 538455.449999999953434 ], [ 553777.356999999959953, 538430.942999999970198 ], [ 553767.724999999976717, 538388.214000000036322 ], [ 553754.903999999980442, 538333.601999999955297 ], [ 553747.648000000044703, 538300.196 ], [ 553738.61199999996461, 538245.981000000028871 ], [ 553734.642, 538227.772 ], [ 553730.944999999948777, 538200.116999999969266 ], [ 553720.40300000004936, 538143.711000000010245 ], [ 553714.241999999969266, 538111.263999999966472 ], [ 553701.099000000045635, 538024.327999999979511 ], [ 553694.52800000004936, 537989.690000000060536 ], [ 553677.687999999965541, 537985.446 ], [ 553682.037000000011176, 538006.562000000034459 ], [ 553685.449000000022352, 538027.618000000016764 ], [ 553688.856000000028871, 538044.167999999946915 ], [ 553692.724000000045635, 538067.241000000038184 ], [ 553696.724999999976717, 538095.381000000052154 ], [ 553703.660000000032596, 538145.26 ], [ 553707.108, 538180.920999999972992 ], [ 553708.307000000029802, 538195.189000000013039 ], [ 553713.334999999962747, 538244.897 ], [ 553715.912999999942258, 538273.033000000054017 ], [ 553721.843, 538333.096000000019558 ] ] ] } },
{ "type": "Feature", "properties": { "fid": 1628752, "crop": "mustard" }, "geometry": { "type": "Polygon", "coordinates": [ [ [ 546156.929, 519330.980000000039581 ], [ 546163.268999999971129, 519291.522 ], [ 546166.491000000038184, 519257.25199999997858 ], [ 546166.912999999942258, 519227.027 ], [ 546169.027, 519205.044999999983702 ], [ 546168.601999999955297, 519194.294 ], [ 546161.106000000028871, 519193.631 ], [ 546148.809, 519193.868000000016764 ], [ 546147.609000000054948, 519220.87400000001071 ], [ 546145.508999999961816, 519251.480000000039581 ], [ 546141.307999999960884, 519285.987000000022817 ], [ 546136.207000000053085, 519321.395000000018626 ], [ 546127.599000000045635, 519357.229 ], [ 546104.699999999953434, 519414.114 ], [ 546105.300000000046566, 519426.717 ], [ 546103.800000000046566, 519454.62300000002142 ], [ 546100.199000000022352, 519484.329000000027008 ], [ 546099.425000000046566, 519488.305 ], [ 546110.055999999982305, 519490.38900000002468 ], [ 546118.321, 519488.492000000027474 ], [ 546134.363000000012107, 519417.183000000019092 ], [ 546144.714000000036322, 519375.193000000028405 ], [ 546146.709000000031665, 519358.903 ], [ 546156.929, 519330.980000000039581 ] ] ] } },
{ "type": "Feature", "properties": { "fid": 186320, "crop": "mustard" }, "geometry": { "type": "Polygon", "coordinates": [ [ [ 543624.223, 551712.979999999981374 ], [ 543650.699999999953434, 551657.599000000045635 ], [ 543636.180999999982305, 551591.974999999976717 ], [ 543616.846000000019558, 551516.158000000054017 ], [ 543599.158999999985099, 551437.932999999960884 ], [ 543593.932000000029802, 551415.283999999985099 ], [ 543582.944999999948777, 551371.165999999968335 ], [ 543562.246000000042841, 551273.503000000026077 ], [ 543546.49800000002142, 551274.628999999957159 ], [ 543532.017, 551273.807999999960884 ], [ 543546.310999999986961, 551338.336000000010245 ], [ 543560.974999999976717, 551404.104999999981374 ], [ 543575.929, 551471.761000000056811 ], [ 543618.322999999974854, 551684.457999999984168 ], [ 543624.223, 551712.979999999981374 ] ] ] } },
{ "type": "Feature", "properties": { "fid": 933769, "crop": "mustard" }, "geometry": { "type": "Polygon", "coordinates": [ [ [ 538451.098, 522212.093999999982771 ], [ 538457.471000000019558, 522205.282 ], [ 538438.827000000048429, 522148.597 ], [ 538436.814000000013039, 522131.663999999989755 ], [ 538436.299, 522116.721000000019558 ], [ 538428.52800000004936, 522122.848 ], [ 538380.366000000038184, 522157.275000000023283 ], [ 538343.745, 522185.420999999972992 ], [ 538359.133999999961816, 522207.294999999983702 ], [ 538402.312999999965541, 522262.197999999974854 ], [ 538420.552000000025146, 522242.419999999983702 ], [ 538451.098, 522212.093999999982771 ] ] ] } },
{ "type": "Feature", "properties": { "fid": 1560968, "crop": "mustard" }, "geometry": { "type": "Polygon", "coordinates": [ [ [ 553763.937999999965541, 510324.401000000012573 ], [ 553805.530999999959022, 510327.246999999973923 ], [ 553845.861000000033528, 510332.278999999980442 ], [ 553908.939000000013039, 510341.292000000015832 ], [ 553942.34499999997206, 510342.022 ], [ 553986.885, 510337.641 ], [ 554037.633000000030734, 510335.085000000020955 ], [ 554038.910000000032596, 510331.617000000027474 ], [ 554015.47199999995064, 510290.50099999998929 ], [ 553999.116000000038184, 510257.504000000015367 ], [ 553981.957000000053085, 510260.973 ], [ 553940.486000000033528, 510270.862000000022817 ], [ 553878.197000000043772, 510282.308000000019092 ], [ 553813.420999999972992, 510288.058000000019092 ], [ 553791.692000000039116, 510301.935999999986961 ], [ 553776.006999999983236, 510311.412000000011176 ], [ 553769.040999999968335, 510317.177000000025146 ], [ 553763.937999999965541, 510324.401000000012573 ] ] ] } },
{ "type": "Feature", "properties": { "fid": 573614, "crop": "mustard" }, "geometry": { "type": "Polygon", "coordinates": [ [ [ 552963.001000000047497, 545363.927000000025146 ], [ 552956.106000000028871, 545387.358 ], [ 552973.886000000056811, 545392.831 ], [ 552988.087000000057742, 545350.229000000050291 ], [ 552998.177000000025146, 545313.229000000050291 ], [ 553006.883000000030734, 545262.182000000029802 ], [ 553009.851000000024214, 545237.449999999953434 ], [ 552985.599000000045635, 545247.025000000023283 ], [ 552982.528999999980442, 545278.278999999980442 ], [ 552980.307999999960884, 545290.383000000030734 ], [ 552976.064999999944121, 545315.511999999987893 ], [ 552970.172999999951571, 545338.310000000055879 ], [ 552963.001000000047497, 545363.927000000025146 ] ] ] } },
{ "type": "Feature", "properties": { "fid": 287317, "crop": "mustard" }, "geometry": { "type": "Polygon", "coordinates": [ [ [ 550190.464999999967404, 517286.577 ], [ 550339.314999999944121, 517294.467 ], [ 550365.346000000019558, 517293.804 ], [ 550470.351999999955297, 517280.148999999975786 ], [ 550467.817999999970198, 517251.038 ], [ 550417.13, 517257.892 ], [ 550354.819000000017695, 517264.658999999985099 ], [ 550347.665000000037253, 517267.451 ], [ 550339.07999999995809, 517266.332999999984168 ], [ 550272.277, 517262.670999999972992 ], [ 550205.268999999971129, 517256.59499999997206 ], [ 550199.011000000056811, 517255.73599999997532 ], [ 550192.604000000050291, 517272.40500000002794 ], [ 550190.464999999967404, 517286.577 ] ] ] } },
{ "type": "Feature", "properties": { "fid": 1210624, "crop": "mustard" }, "geometry": { "type": "Polygon", "coordinates": [ [ [ 555442.995, 524382.817999999970198 ], [ 555458.995, 524390.910000000032596 ], [ 555483.282, 524395.429 ], [ 555495.255, 524399.008999999961816 ], [ 555495.179, 524399.297000000020489 ], [ 555519.576, 524407.229999999981374 ], [ 555541.118000000016764, 524414.756999999983236 ], [ 555555.337999999988824, 524421.182999999960884 ], [ 555566.309, 524405.290000000037253 ], [ 555576.591000000014901, 524383.927000000025146 ], [ 555583.599000000045635, 524354.484000000054948 ], [ 555586.60999999998603, 524337.964999999967404 ], [ 555495.449999999953434, 524297.236000000033528 ], [ 555491.525000000023283, 524309.506000000052154 ], [ 555485.329000000027008, 524325.824999999953434 ], [ 555473.116000000038184, 524343.820000000065193 ], [ 555463.804, 524353.905999999959022 ], [ 555449.23699999996461, 524366.332999999984168 ], [ 555436.636000000056811, 524377.837999999988824 ], [ 555442.995, 524382.817999999970198 ] ] ] } },
{ "type": "Feature", "properties": { "fid": 2271419, "crop": "mustard" }, "geometry": { "type": "Polygon", "coordinates": [ [ [ 552651.057999999960884, 535838.187000000034459 ], [ 552610.343, 535785.072999999974854 ], [ 552569.841000000014901, 535732.177000000025146 ], [ 552513.885, 535654.167000000015832 ], [ 552477.111000000033528, 535606.621000000042841 ], [ 552430.792000000015832, 535548.312999999965541 ], [ 552384.147, 535501.684 ], [ 552343.76300000003539, 535467.753000000026077 ], [ 552337.221000000019558, 535462.336000000010245 ], [ 552326.392, 535455.63800000003539 ], [ 552306.434, 535528.88 ], [ 552339.270000000018626, 535557.98499999998603 ], [ 552375.868000000016764, 535593.73499999998603 ], [ 552394.462999999988824, 535614.51300000003539 ], [ 552447.062999999965541, 535683.415000000037253 ], [ 552489.922999999951571, 535746.351000000024214 ], [ 552529.949000000022352, 535803.337999999988824 ], [ 552540.991000000038184, 535817.709000000031665 ], [ 552598.086000000010245, 535886.32999999995809 ], [ 552651.057999999960884, 535838.187000000034459 ] ] ] } },
{ "type": "Feature", "properties": { "fid": 1711262, "crop": "mustard" }, "geometry": { "type": "Polygon", "coordinates": [ [ [ 549482.224999999976717, 536267.76300000003539 ], [ 549492.265999999945052, 536269.131999999983236 ], [ 549508.800000000046566, 536269.275000000023283 ], [ 549531.854999999981374, 536220.604000000050291 ], [ 549548.336000000010245, 536181.172000000020489 ], [ 549558.229000000050291, 536154.658999999985099 ], [ 549566.082999999984168, 536131.488000000012107 ], [ 549571.792999999946915, 536110.104999999981374 ], [ 549582.966000000014901, 536069.626000000047497 ], [ 549584.609000000054948, 536063.138999999966472 ], [ 549591.973, 536021.917999999946915 ], [ 549592.285999999963678, 536003.331 ], [ 549594.327999999979511, 535971.903999999980442 ], [ 549593.988000000012107, 535931.988000000012107 ], [ 549595.623999999952503, 535915.25199999997858 ], [ 549597.388999999966472, 535900.67000000004191 ], [ 549599.974999999976717, 535890.172999999951571 ], [ 549604.131999999983236, 535874.098 ], [ 549585.25199999997858, 535874.346000000019558 ], [ 549579.084999999962747, 535889.856999999959953 ], [ 549572.576, 535901.099000000045635 ], [ 549570.704000000027008, 535907.140999999945052 ], [ 549568.040999999968335, 535934.057000000029802 ], [ 549566.935000000055879, 535963.726999999955297 ], [ 549565.550000000046566, 535990.636000000056811 ], [ 549565.288999999989755, 536018.724000000045635 ], [ 549559.660000000032596, 536043.368999999947846 ], [ 549554.444000000017695, 536072.495 ], [ 549550.687999999965541, 536092.329000000027008 ], [ 549547.555000000051223, 536104.802000000025146 ], [ 549544.775000000023283, 536112.515999999945052 ], [ 549542.599000000045635, 536117.462000000057742 ], [ 549540.422000000020489, 536120.430000000051223 ], [ 549537.631999999983236, 536124.925999999977648 ], [ 549532.47199999995064, 536142.148000000044703 ], [ 549521.305999999982305, 536173.410999999963678 ], [ 549508.696, 536201.280999999959022 ], [ 549500.881999999983236, 536221.652 ], [ 549493.895999999949709, 536237.022 ], [ 549485.28000000002794, 536256.234000000054948 ], [ 549481.26300000003539, 536264.074000000022352 ], [ 549482.224999999976717, 536267.76300000003539 ] ] ] } },
{ "type": "Feature", "properties": { "fid": 573071, "crop": "mustard" }, "geometry": { "type": "Polygon", "coordinates": [ [ [ 534661.263999999966472, 532452.643000000040047 ], [ 534680.332999999984168, 532465.881000000052154 ], [ 534700.38800000003539, 532425.755 ], [ 534753.40300000004936, 532332.425000000046566 ], [ 534769.927999999956228, 532303.731999999959953 ], [ 534780.025999999954365, 532286.550000000046566 ], [ 534795.261000000056811, 532257.628000000026077 ], [ 534801.849999999976717, 532247.71999999997206 ], [ 534814.898999999975786, 532226.38 ], [ 534817.633999999961816, 532222.537999999942258 ], [ 534805.280999999959022, 532214.853 ], [ 534785.452999999979511, 532239.052000000025146 ], [ 534781.378000000026077, 532245.395999999949709 ], [ 534775.145000000018626, 532255.341999999945983 ], [ 534752.832000000053085, 532296.395999999949709 ], [ 534696.268000000040047, 532393.184 ], [ 534683.265999999945052, 532414.167999999946915 ], [ 534671.932999999960884, 532434.930999999982305 ], [ 534661.263999999966472, 532452.643000000040047 ] ] ] } },
{ "type": "Feature", "properties": { "fid": 201732, "crop": "mustard" }, "geometry": { "type": "Polygon", "coordinates": [ [ [ 545762.599999999976717, 517886.702 ], [ 545765.819000000017695, 517889.61099999997532 ], [ 545771.613999999943189, 517889.669999999983702 ], [ 545782.386000000056811, 517884.393999999971129 ], [ 545800.962999999988824, 517873.511 ], [ 545814.702999999979511, 517865.707 ], [ 545822.397, 517859.222 ], [ 545824.596000000019558, 517854.604999999981374 ], [ 545824.15300000004936, 517850.733 ], [ 545812.78000000002794, 517858.59499999997206 ], [ 545790.488000000012107, 517872.330000000016298 ], [ 545774.84499999997206, 517880.723999999987427 ], [ 545762.192000000039116, 517885.852000000013504 ], [ 545762.599999999976717, 517886.702 ] ] ] } },
{ "type": "Feature", "properties": { "fid": 591269, "crop": "mustard" }, "geometry": { "type": "Polygon", "coordinates": [ [ [ 531651.506000000052154, 530189.446 ], [ 531726.229999999981374, 530189.231000000028871 ], [ 531733.049, 530172.290000000037253 ], [ 531708.212999999988824, 530172.577000000048429 ], [ 531646.337999999988824, 530173.152 ], [ 531651.506000000052154, 530189.446 ] ] ] } },
{ "type": "Feature", "properties": { "fid": 1253924, "crop": "mustard" }, "geometry": { "type": "Polygon", "coordinates": [ [ [ 561276.180000000051223, 551817.055999999982305 ], [ 561275.758999999961816, 551813.032 ], [ 561219.006000000052154, 551812.574000000022352 ], [ 561170.125, 551812.802999999956228 ], [ 561001.145999999949709, 551816.569000000017695 ], [ 560932.285999999963678, 551817.038999999989755 ], [ 560899.915999999968335, 551817.018999999971129 ], [ 560901.837000000057742, 551822.913999999989755 ], [ 560911.135, 551827.145000000018626 ], [ 560928.371999999973923, 551829.679 ], [ 560949.677999999956228, 551829.729999999981374 ], [ 560992.419, 551831.017 ], [ 561013.758000000030734, 551830.611000000033528 ], [ 561139.741000000038184, 551834.400000000023283 ], [ 561195.738999999943189, 551834.665999999968335 ], [ 561267.419, 551833.020000000018626 ], [ 561277.439000000013039, 551829.109000000054948 ], [ 561276.180000000051223, 551817.055999999982305 ] ] ] } },
{ "type": "Feature", "properties": { "fid": 1507391, "crop": "mustard" }, "geometry": { "type": "Polygon", "coordinates": [ [ [ 538593.214000000036322, 551594.866999999969266 ], [ 538571.540000000037253, 551609.302000000025146 ], [ 538607.692000000039116, 551661.530999999959022 ], [ 538647.27800000004936, 551723.821 ], [ 538670.430000000051223, 551707.017 ], [ 538651.341000000014901, 551679.832000000053085 ], [ 538636.299, 551657.272 ], [ 538616.182000000029802, 551627.660000000032596 ], [ 538598.805000000051223, 551603.158999999985099 ], [ 538593.214000000036322, 551594.866999999969266 ] ] ] } },
{ "type": "Feature", "properties": { "fid": 2472914, "crop": "mustard" }, "geometry": { "type": "Polygon", "coordinates": [ [ [ 536021.361000000033528, 528859.020999999949709 ], [ 536053.76, 528870.817000000039116 ], [ 536083.636000000056811, 528872.859000000054948 ], [ 536094.040000000037253, 528687.464000000036322 ], [ 536076.157, 528674.104000000050291 ], [ 536052.915000000037253, 528660.464999999967404 ], [ 536032.875, 528651.071 ], [ 536021.361000000033528, 528859.020999999949709 ] ] ] } },
{ "type": "Feature", "properties": { "fid": 1211630, "crop": "mustard" }, "geometry": { "type": "Polygon", "coordinates": [ [ [ 560662.373999999952503, 523622.200000000011642 ], [ 560672.241000000038184, 523616.087999999988824 ], [ 560665.165999999968335, 523595.363000000012107 ], [ 560656.645000000018626, 523565.907 ], [ 560646.557999999960884, 523526.391 ], [ 560633.378000000026077, 523503.422000000020489 ], [ 560614.834000000031665, 523479.568000000028405 ], [ 560632.059, 523564.286000000021886 ], [ 560648.888999999966472, 523625.790000000037253 ], [ 560662.373999999952503, 523622.200000000011642 ] ] ] } },
{ "type": "Feature", "properties": { "fid": 1024592, "crop": "mustard" }, "geometry": { "type": "Polygon", "coordinates": [ [ [ 526041.074999999953434, 538851.086000000010245 ], [ 526054.410000000032596, 538842.660999999963678 ], [ 526065.736000000033528, 538836.758999999961816 ], [ 525994.0, 538742.052999999956228 ], [ 525985.706, 538730.986000000033528 ], [ 525980.343, 538722.633000000030734 ], [ 525946.557999999960884, 538666.297999999951571 ], [ 525916.258000000030734, 538608.84699999995064 ], [ 525889.106000000028871, 538627.01 ], [ 525905.101000000024214, 538655.118000000016764 ], [ 525927.478, 538694.290000000037253 ], [ 525952.652, 538732.800999999977648 ], [ 525971.231000000028871, 538758.768000000040047 ], [ 526041.074999999953434, 538851.086000000010245 ] ] ] } },
{ "type": "Feature", "properties": { "fid": 2488373, "crop": "mustard" }, "geometry": { "type": "Polygon", "coordinates": [ [ [ 555314.187000000034459, 529302.272 ], [ 555325.74, 529381.378000000026077 ], [ 555347.430000000051223, 529262.650999999954365 ], [ 555328.479000000050291, 529267.180999999982305 ], [ 555316.432999999960884, 529273.229000000050291 ], [ 555313.866000000038184, 529275.957000000053085 ], [ 555310.457999999984168, 529279.493999999947846 ], [ 555314.187000000034459, 529302.272 ] ] ] } },
{ "type": "Feature", "properties": { "fid": 266184, "crop": "mustard" }, "geometry": { "type": "Polygon", "coordinates": [ [ [ 520187.033999999985099, 536839.440000000060536 ], [ 520220.892999999981839, 536842.231000000028871 ], [ 520225.379000000015367, 536782.314000000013039 ], [ 520234.663, 536682.714000000036322 ], [ 520251.565, 536491.074000000022352 ], [ 520247.895000000018626, 536446.608 ], [ 520247.38, 536425.407 ], [ 520242.489, 536420.243000000016764 ], [ 520229.131999999983236, 536413.82999999995809 ], [ 520203.196, 536397.211000000010245 ], [ 520165.732000000018161, 536822.011999999987893 ], [ 520187.033999999985099, 536839.440000000060536 ] ] ] } },
{ "type": "Feature", "properties": { "fid": 466512, "crop": "mustard" }, "geometry": { "type": "Polygon", "coordinates": [ [ [ 554285.871000000042841, 528487.427000000025146 ], [ 554240.086000000010245, 528413.466999999945983 ], [ 554197.118999999947846, 528346.197999999974854 ], [ 554134.429, 528372.613000000012107 ], [ 554116.819000000017695, 528377.895000000018626 ], [ 554108.653999999980442, 528378.238999999943189 ], [ 554088.84499999997206, 528354.763999999966472 ], [ 554062.229000000050291, 528372.964999999967404 ], [ 554094.631000000052154, 528422.272 ], [ 554178.452999999979511, 528545.890999999945052 ], [ 554191.484000000054948, 528538.143000000040047 ], [ 554225.294, 528521.238000000012107 ], [ 554258.753000000026077, 528503.275999999954365 ], [ 554285.871000000042841, 528487.427000000025146 ] ] ] } },
{ "type": "Feature", "properties": { "fid": 1625023, "crop": "mustard" }, "geometry": { "type": "Polygon", "coordinates": [ [ [ 537931.939000000013039, 537877.089000000036322 ], [ 537936.410999999963678, 537877.626000000047497 ], [ 537943.822999999974854, 537875.087000000057742 ], [ 537949.503000000026077, 537871.53000000002794 ], [ 537950.402, 537862.108 ], [ 537950.623999999952503, 537850.64000000001397 ], [ 537950.712999999988824, 537844.59499999997206 ], [ 537950.091000000014901, 537832.238000000012107 ], [ 537949.73499999998603, 537823.525000000023283 ], [ 537948.841000000014901, 537816.099000000045635 ], [ 537947.246000000042841, 537808.145999999949709 ], [ 537939.587999999988824, 537791.549 ], [ 537930.24, 537752.425000000046566 ], [ 537923.709999999962747, 537726.424 ], [ 537916.464000000036322, 537702.998999999952503 ], [ 537902.165000000037253, 537665.12300000002142 ], [ 537889.927999999956228, 537633.123999999952503 ], [ 537881.368999999947846, 537607.756000000052154 ], [ 537866.177999999956228, 537610.420999999972992 ], [ 537874.440000000060536, 537634.935999999986961 ], [ 537896.214999999967404, 537698.628000000026077 ], [ 537898.175000000046566, 537704.317999999970198 ], [ 537909.064999999944121, 537740.564999999944121 ], [ 537918.753000000026077, 537782.302999999956228 ], [ 537923.218, 537805.606000000028871 ], [ 537924.650000000023283, 537814.724000000045635 ], [ 537926.599000000045635, 537828.481000000028871 ], [ 537931.939000000013039, 537877.089000000036322 ] ] ] } },
{ "type": "Feature", "properties": { "fid": 179831, "crop": "mustard" }, "geometry": { "type": "Polygon", "coordinates": [ [ [ 545654.322000000043772, 521207.494 ], [ 545665.437000000034459, 521210.650000000023283 ], [ 545667.194999999948777, 521209.908 ], [ 545676.783000000054017, 521185.68 ], [ 545687.667000000015832, 521142.794 ], [ 545674.060000000055879, 521141.683000000019092 ], [ 545666.677000000025146, 521139.814000000013039 ], [ 545660.324999999953434, 521139.577 ], [ 545647.89000000001397, 521159.636999999987893 ], [ 545636.746999999973923, 521191.120999999984633 ], [ 545635.03000000002794, 521199.033 ], [ 545643.48499999998603, 521202.912000000011176 ], [ 545654.322000000043772, 521207.494 ] ] ] } },
{ "type": "Feature", "properties": { "fid": 396179, "crop": "mustard" }, "geometry": { "type": "Polygon", "coordinates": [ [ [ 535863.297999999951571, 530751.121000000042841 ], [ 535914.310999999986961, 530763.932999999960884 ], [ 535885.976000000024214, 530746.070000000065193 ], [ 535850.606999999959953, 530724.993999999947846 ], [ 535821.422999999951571, 530707.709999999962747 ], [ 535811.702000000048429, 530736.177000000025146 ], [ 535839.505, 530744.692999999970198 ], [ 535863.297999999951571, 530751.121000000042841 ] ] ] } },
{ "type": "Feature", "properties": { "fid": 2057997, "crop": "mustard" }, "geometry": { "type": "Polygon", "coordinates": [ [ [ 559247.601999999955297, 553236.848 ], [ 559104.368999999947846, 553248.24 ], [ 559094.270000000018626, 553250.471000000019558 ], [ 559095.464000000036322, 553252.03000000002794 ], [ 559144.462999999988824, 553299.743999999947846 ], [ 559166.90500000002794, 553317.59699999995064 ], [ 559181.354000000050291, 553329.956 ], [ 559199.837999999988824, 553348.037999999942258 ], [ 559213.329000000027008, 553366.420999999972992 ], [ 559250.829000000027008, 553422.913999999989755 ], [ 559248.682999999960884, 553325.707000000053085 ], [ 559247.601999999955297, 553236.848 ] ] ] } },
{ "type": "Feature", "properties": { "fid": 2444315, "crop": "mustard" }, "geometry": { "type": "Polygon", "coordinates": [ [ [ 513752.381999999983236, 531728.544 ], [ 513766.10999999998603, 531737.033000000054017 ], [ 513779.201, 531722.907 ], [ 513785.778, 531715.476000000024214 ], [ 513790.646, 531709.412000000011176 ], [ 513795.173, 531703.604000000050291 ], [ 513805.916000000026543, 531692.091999999945983 ], [ 513810.718, 531685.496000000042841 ], [ 513828.569000000017695, 531663.631000000052154 ], [ 513839.445, 531650.093 ], [ 513839.166000000026543, 531641.424 ], [ 513831.179, 531630.20499999995809 ], [ 513823.957, 531640.65500000002794 ], [ 513798.761, 531677.297000000020489 ], [ 513790.308000000019092, 531690.412000000011176 ], [ 513777.101000000024214, 531703.618000000016764 ], [ 513752.381999999983236, 531728.544 ] ] ] } },
{ "type": "Feature", "properties": { "fid": 257021, "crop": "mustard" }, "geometry": { "type": "Polygon", "coordinates": [ [ [ 551785.167999999946915, 561886.555999999982305 ], [ 551731.332999999984168, 561894.998999999952503 ], [ 551901.165999999968335, 562352.687999999965541 ], [ 551969.49, 562331.660000000032596 ], [ 551803.270000000018626, 561883.716999999945983 ], [ 551785.167999999946915, 561886.555999999982305 ] ] ] } },
{ "type": "Feature", "properties": { "fid": 1665157, "crop": "mustard" }, "geometry": { "type": "Polygon", "coordinates": [ [ [ 536604.598, 561818.123999999952503 ], [ 536625.432000000029802, 561792.082000000053085 ], [ 536615.359000000054948, 561726.224999999976717 ], [ 536596.748999999952503, 561732.677999999956228 ], [ 536587.067000000039116, 561737.456 ], [ 536597.484000000054948, 561772.898999999975786 ], [ 536600.787000000011176, 561787.761999999987893 ], [ 536602.692999999970198, 561802.626000000047497 ], [ 536604.598, 561818.123999999952503 ] ] ] } },
{ "type": "Feature", "properties": { "fid": 2486093, "crop": "mustard" }, "geometry": { "type": "Polygon", "coordinates": [ [ [ 554257.147, 529358.848 ], [ 554258.207000000053085, 529372.017 ], [ 554259.756000000052154, 529439.873999999952503 ], [ 554271.939000000013039, 529436.378999999957159 ], [ 554285.246999999973923, 529432.167000000015832 ], [ 554327.895999999949709, 529418.317000000039116 ], [ 554355.816, 529406.006000000052154 ], [ 554379.559, 529396.552999999956228 ], [ 554418.334999999962747, 529384.837999999988824 ], [ 554459.680999999982305, 529368.643999999971129 ], [ 554484.422999999951571, 529357.201 ], [ 554498.273000000044703, 529350.386000000056811 ], [ 554519.158000000054017, 529339.613999999943189 ], [ 554523.334999999962747, 529337.415999999968335 ], [ 554534.109000000054948, 529333.645000000018626 ], [ 554544.273999999975786, 529330.142 ], [ 554556.795999999972992, 529325.650999999954365 ], [ 554567.17000000004191, 529323.064999999944121 ], [ 554581.322999999974854, 529322.648999999975786 ], [ 554632.074999999953434, 529321.09699999995064 ], [ 554650.843, 529321.400000000023283 ], [ 554675.229000000050291, 529314.062999999965541 ], [ 554700.797999999951571, 529305.581 ], [ 554737.810999999986961, 529291.314000000013039 ], [ 554738.726000000024214, 529254.366999999969266 ], [ 554713.702999999979511, 529245.219000000040978 ], [ 554701.631000000052154, 529236.476999999955297 ], [ 554686.643999999971129, 529231.481999999959953 ], [ 554668.327999999979511, 529229.400999999954365 ], [ 554657.92000000004191, 529229.400999999954365 ], [ 554629.196, 529233.979999999981374 ], [ 554613.378000000026077, 529233.979999999981374 ], [ 554601.721000000019558, 529235.645000000018626 ], [ 554586.73499999998603, 529237.726000000024214 ], [ 554568.577999999979511, 529240.49 ], [ 554540.111000000033528, 529241.473 ], [ 554521.228, 529240.12699999997858 ], [ 554521.184, 529237.88800000003539 ], [ 554502.456, 529243.479999999981374 ], [ 554480.841000000014901, 529247.802999999956228 ], [ 554456.581, 529249.601999999955297 ], [ 554427.294, 529250.636000000056811 ], [ 554406.981000000028871, 529255.631000000052154 ], [ 554386.981000000028871, 529267.518999999971129 ], [ 554366.65300000004936, 529281.300999999977648 ], [ 554356.143999999971129, 529292.670999999972992 ], [ 554348.21999999997206, 529311.966000000014901 ], [ 554333.403999999980442, 529320.062999999965541 ], [ 554322.206, 529324.025000000023283 ], [ 554310.663999999989755, 529322.991999999969266 ], [ 554298.949000000022352, 529320.062999999965541 ], [ 554275.003000000026077, 529321.09699999995064 ], [ 554250.712000000057742, 529326.782 ], [ 554257.147, 529358.848 ] ] ] } },
{ "type": "Feature", "properties": { "fid": 199830, "crop": "mustard" }, "geometry": { "type": "Polygon", "coordinates": [ [ [ 537900.07999999995809, 537953.496000000042841 ], [ 537912.59499999997206, 537952.937000000034459 ], [ 537908.25, 537921.047000000020489 ], [ 537900.184, 537877.223 ], [ 537895.172000000020489, 537849.527 ], [ 537887.577000000048429, 537803.900999999954365 ], [ 537878.084000000031665, 537765.060000000055879 ], [ 537867.111000000033528, 537726.883000000030734 ], [ 537861.38, 537708.800000000046566 ], [ 537843.964999999967404, 537654.817000000039116 ], [ 537837.221000000019558, 537632.47199999995064 ], [ 537833.099999999976717, 537615.050999999977648 ], [ 537817.332000000053085, 537616.287999999942258 ], [ 537824.858, 537649.697000000043772 ], [ 537844.954000000027008, 537712.832999999984168 ], [ 537856.832000000053085, 537756.135 ], [ 537862.425000000046566, 537774.888999999966472 ], [ 537868.893000000040047, 537799.57999999995809 ], [ 537875.829000000027008, 537832.07999999995809 ], [ 537882.432000000029802, 537867.692999999970198 ], [ 537888.787000000011176, 537907.795999999972992 ], [ 537891.229999999981374, 537952.964999999967404 ], [ 537900.07999999995809, 537953.496000000042841 ] ] ] } },
{ "type": "Feature", "properties": { "fid": 2288041, "crop": "mustard" }, "geometry": { "type": "Polygon", "coordinates": [ [ [ 547090.758000000030734, 539308.182000000029802 ], [ 547079.081, 539295.115 ], [ 547047.23699999996461, 539271.358 ], [ 546992.599999999976717, 539235.192999999970198 ], [ 546979.300999999977648, 539227.256000000052154 ], [ 546974.157, 539227.13800000003539 ], [ 546958.87699999997858, 539255.998999999952503 ], [ 546987.339999999967404, 539273.089000000036322 ], [ 547006.542999999946915, 539286.317999999970198 ], [ 547035.319000000017695, 539306.196 ], [ 547057.015999999945052, 539323.410999999963678 ], [ 547064.895000000018626, 539319.07999999995809 ], [ 547081.571, 539341.261000000056811 ], [ 547101.540999999968335, 539372.503999999957159 ], [ 547111.768999999971129, 539389.582999999984168 ], [ 547132.049, 539416.927000000025146 ], [ 547155.327000000048429, 539444.087000000057742 ], [ 547200.047999999951571, 539488.229999999981374 ], [ 547218.072000000043772, 539509.493000000016764 ], [ 547227.924, 539524.513999999966472 ], [ 547235.942000000039116, 539537.29500000004191 ], [ 547243.023000000044703, 539555.256999999983236 ], [ 547250.459000000031665, 539576.14000000001397 ], [ 547254.866999999969266, 539591.49 ], [ 547285.70499999995809, 539691.952000000048429 ], [ 547314.636999999987893, 539691.028999999980442 ], [ 547286.417999999946915, 539601.199000000022352 ], [ 547279.082999999984168, 539578.074999999953434 ], [ 547272.971000000019558, 539562.38800000003539 ], [ 547265.535000000032596, 539545.783999999985099 ], [ 547255.861000000033528, 539526.837999999988824 ], [ 547247.560999999986961, 539513.226999999955297 ], [ 547233.285999999963678, 539491.150000000023283 ], [ 547212.038999999989755, 539464.425999999977648 ], [ 547191.988000000012107, 539441.473 ], [ 547175.383999999961816, 539423.442999999970198 ], [ 547156.028999999980442, 539400.218 ], [ 547136.064000000013039, 539373.121000000042841 ], [ 547090.758000000030734, 539308.182000000029802 ] ] ] } },
{ "type": "Feature", "properties": { "fid": 1287759, "crop": "mustard" }, "geometry": { "type": "Polygon", "coordinates": [ [ [ 556324.618999999947846, 552602.660000000032596 ], [ 556292.454000000027008, 552605.187999999965541 ], [ 556261.800000000046566, 552608.680000000051223 ], [ 556230.65300000004936, 552609.552999999956228 ], [ 556181.48699999996461, 552616.214999999967404 ], [ 556141.746999999973923, 552618.520000000018626 ], [ 556137.604999999981374, 552622.648000000044703 ], [ 556134.618999999947846, 552629.540999999968335 ], [ 556130.942999999970198, 552646.542000000015832 ], [ 556129.790999999968335, 552656.079000000027008 ], [ 556177.395999999949709, 552653.191 ], [ 556206.334000000031665, 552650.349000000045635 ], [ 556239.15300000004936, 552645.853 ], [ 556256.613999999943189, 552644.704000000027008 ], [ 556275.452999999979511, 552643.555000000051223 ], [ 556309.113000000012107, 552642.851999999955297 ], [ 556361.508999999961816, 552638.415999999968335 ], [ 556394.462000000057742, 552633.216999999945983 ], [ 556468.268000000040047, 552632.508000000030734 ], [ 556572.745, 552635.055000000051223 ], [ 556589.981000000028871, 552598.366999999969266 ], [ 556549.12300000002142, 552595.940000000060536 ], [ 556476.941, 552594.849000000045635 ], [ 556417.981999999959953, 552597.476999999955297 ], [ 556383.663999999989755, 552597.147 ], [ 556324.618999999947846, 552602.660000000032596 ] ] ] } },
{ "type": "Feature", "properties": { "fid": 1627712, "crop": "mustard" }, "geometry": { "type": "Polygon", "coordinates": [ [ [ 545726.763999999966472, 521148.066 ], [ 545688.631999999983236, 521142.642999999981839 ], [ 545677.27800000004936, 521186.537000000011176 ], [ 545669.283000000054017, 521209.597 ], [ 545665.413999999989755, 521219.583999999973457 ], [ 545677.447000000043772, 521226.702 ], [ 545692.868999999947846, 521240.090000000025611 ], [ 545699.309, 521246.191999999980908 ], [ 545712.189000000013039, 521251.276000000012573 ], [ 545731.508999999961816, 521257.37699999997858 ], [ 545748.287000000011176, 521221.447999999974854 ], [ 545755.913999999989755, 521196.365999999979977 ], [ 545766.929, 521150.100000000034925 ], [ 545763.371000000042841, 521150.268999999971129 ], [ 545746.253999999957159, 521149.761 ], [ 545726.763999999966472, 521148.066 ] ] ] } },
{ "type": "Feature", "properties": { "fid": 1131522, "crop": "mustard" }, "geometry": { "type": "Polygon", "coordinates": [ [ [ 527721.924, 518593.69 ], [ 527718.062999999965541, 518609.678000000014435 ], [ 527709.792000000015832, 518643.652 ], [ 527706.84699999995064, 518659.179 ], [ 527712.73499999998603, 518667.186999999976251 ], [ 527719.82999999995809, 518673.73499999998603 ], [ 527724.417999999946915, 518678.07 ], [ 527735.657, 518649.220000000030268 ], [ 527745.709999999962747, 518619.795999999972992 ], [ 527751.787000000011176, 518586.063000000023749 ], [ 527759.035000000032596, 518563.234 ], [ 527777.486000000033528, 518511.191 ], [ 527758.214999999967404, 518504.797000000020489 ], [ 527739.824999999953434, 518541.208999999973457 ], [ 527731.366000000038184, 518568.670999999972992 ], [ 527721.924, 518593.69 ] ] ] } },
{ "type": "Feature", "properties": { "fid": 587473, "crop": "mustard" }, "geometry": { "type": "Polygon", "coordinates": [ [ [ 551014.550999999977648, 554828.745 ], [ 551021.802999999956228, 554844.606999999959953 ], [ 551106.40300000004936, 554824.484000000054948 ], [ 551178.636000000056811, 554808.104999999981374 ], [ 551223.395000000018626, 554798.824000000022352 ], [ 551223.743999999947846, 554715.38800000003539 ], [ 551212.135, 554605.90300000004936 ], [ 551190.883999999961816, 554609.326 ], [ 551183.503000000026077, 554578.807000000029802 ], [ 551181.964000000036322, 554580.126000000047497 ], [ 551143.440000000060536, 554605.096000000019558 ], [ 551110.459000000031665, 554618.442000000039116 ], [ 551094.238999999943189, 554632.231000000028871 ], [ 551046.863000000012107, 554701.424 ], [ 551042.395999999949709, 554712.09699999995064 ], [ 551042.312000000034459, 554713.243999999947846 ], [ 551040.856000000028871, 554747.285000000032596 ], [ 551017.15300000004936, 554820.616000000038184 ], [ 551014.550999999977648, 554828.745 ] ] ] } },
{ "type": "Feature", "properties": { "fid": 285531, "crop": "mustard" }, "geometry": { "type": "Polygon", "coordinates": [ [ [ 551275.01500000001397, 513247.277 ], [ 551305.768000000040047, 513250.403999999980442 ], [ 551305.192000000039116, 513231.978 ], [ 551302.07999999995809, 513168.62400000001071 ], [ 551296.964999999967404, 513103.818000000028405 ], [ 551289.192999999970198, 513061.351000000024214 ], [ 551283.957999999984168, 513040.494 ], [ 551275.170999999972992, 513009.303000000014435 ], [ 551262.212000000057742, 512973.718 ], [ 551244.258999999961816, 512931.568000000028405 ], [ 551231.268999999971129, 512900.835000000020955 ], [ 551217.621000000042841, 512867.403999999980442 ], [ 551205.859000000054948, 512873.299999999988358 ], [ 551192.866000000038184, 512877.462 ], [ 551189.702000000048429, 512878.386999999987893 ], [ 551205.913999999989755, 512919.743000000016764 ], [ 551217.174, 512949.282 ], [ 551225.481000000028871, 512969.401000000012573 ], [ 551241.243999999947846, 513016.371999999973923 ], [ 551252.079000000027008, 513052.281000000017229 ], [ 551265.006000000052154, 513102.299 ], [ 551268.613000000012107, 513129.456 ], [ 551273.981000000028871, 513193.100000000034925 ], [ 551275.01500000001397, 513247.277 ] ] ] } },
{ "type": "Feature", "properties": { "fid": 1288583, "crop": "mustard" }, "geometry": { "type": "Polygon", "coordinates": [ [ [ 514233.838999999978114, 531408.179 ], [ 514230.636, 531413.337000000057742 ], [ 514255.98499999998603, 531431.520999999949709 ], [ 514279.325000000011642, 531446.081 ], [ 514307.206, 531461.366000000038184 ], [ 514315.37, 531465.103 ], [ 514318.891, 531466.29500000004191 ], [ 514330.759000000020023, 531466.910999999963678 ], [ 514346.083999999973457, 531466.29500000004191 ], [ 514364.14000000001397, 531460.540000000037253 ], [ 514371.837, 531451.476000000024214 ], [ 514369.75099999998929, 531450.037000000011176 ], [ 514356.887999999977183, 531443.09699999995064 ], [ 514334.561999999976251, 531430.660999999963678 ], [ 514318.458999999973457, 531421.910000000032596 ], [ 514289.081, 531403.773999999975786 ], [ 514254.340000000025611, 531376.90500000002794 ], [ 514233.838999999978114, 531408.179 ] ] ] } },
{ "type": "Feature", "properties": { "fid": 1171835, "crop": "mustard" }, "geometry": { "type": "Polygon", "coordinates": [ [ [ 557259.704000000027008, 561334.875 ], [ 557219.658000000054017, 561353.653999999980442 ], [ 557210.523000000044703, 561360.684 ], [ 557204.692000000039116, 561366.76500000001397 ], [ 557200.52800000004936, 561373.09499999997206 ], [ 557198.194999999948777, 561381.174 ], [ 557197.61199999996461, 561389.837000000057742 ], [ 557200.77800000004936, 561400.915000000037253 ], [ 557206.941, 561416.574000000022352 ], [ 557227.069000000017695, 561406.01500000001397 ], [ 557267.522, 561386.395999999949709 ], [ 557313.976999999955297, 561367.483 ], [ 557343.905999999959022, 561357.75199999997858 ], [ 557357.993999999947846, 561360.292000000015832 ], [ 557396.859000000054948, 561350.138999999966472 ], [ 557370.03000000002794, 561275.52800000004936 ], [ 557348.540000000037253, 561282.388999999966472 ], [ 557329.964999999967404, 561287.302999999956228 ], [ 557306.893000000040047, 561292.133999999961816 ], [ 557251.067999999970198, 561303.466999999945983 ], [ 557259.704000000027008, 561334.875 ] ] ] } },
{ "type": "Feature", "properties": { "fid": 1642001, "crop": "mustard" }, "geometry": { "type": "Polygon", "coordinates": [ [ [ 544013.320000000065193, 553224.165000000037253 ], [ 543993.775999999954365, 553280.866999999969266 ], [ 544021.307000000029802, 553280.46999999997206 ], [ 544024.663999999989755, 553271.314999999944121 ], [ 544032.638999999966472, 553244.017 ], [ 544037.716999999945983, 553231.787999999942258 ], [ 544068.741999999969266, 553130.24 ], [ 544073.782, 553111.381000000052154 ], [ 544093.731999999959953, 553015.165000000037253 ], [ 544103.22199999995064, 552974.841999999945983 ], [ 544114.165999999968335, 552929.444999999948777 ], [ 544090.449999999953434, 552904.182999999960884 ], [ 544081.726999999955297, 552958.407 ], [ 544079.273999999975786, 552972.138999999966472 ], [ 544058.71999999997206, 553060.940000000060536 ], [ 544047.261999999987893, 553110.88 ], [ 544041.856999999959953, 553130.986000000033528 ], [ 544034.290000000037253, 553157.145000000018626 ], [ 544013.320000000065193, 553224.165000000037253 ] ] ] } },
{ "type": "Feature", "properties": { "fid": 44104, "crop": "mustard" }, "geometry": { "type": "Polygon", "coordinates": [ [ [ 541968.687000000034459, 561980.716999999945983 ], [ 541970.701, 561989.121999999973923 ], [ 541979.692999999970198, 561993.652 ], [ 541989.04500000004191, 561999.103 ], [ 541992.79500000004191, 562006.229000000050291 ], [ 542006.197000000043772, 562034.608 ], [ 542022.299, 562067.212000000057742 ], [ 542023.025999999954365, 562066.841000000014901 ], [ 542045.089999999967404, 562054.503999999957159 ], [ 542067.167000000015832, 562042.430999999982305 ], [ 542064.187999999965541, 562026.51 ], [ 542052.912000000011176, 561962.270999999949709 ], [ 542048.410999999963678, 561935.883000000030734 ], [ 541997.167000000015832, 561948.576 ], [ 541977.476000000024214, 561953.202000000048429 ], [ 541956.954000000027008, 561960.437999999965541 ], [ 541968.687000000034459, 561980.716999999945983 ] ] ] } },
{ "type": "Feature", "properties": { "fid": 2466191, "crop": "mustard" }, "geometry": { "type": "Polygon", "coordinates": [ [ [ 557701.591999999945983, 557291.84699999995064 ], [ 557724.57999999995809, 557293.560999999986961 ], [ 557731.60999999998603, 557116.011000000056811 ], [ 557716.162000000011176, 557117.27800000004936 ], [ 557693.908000000054017, 557118.273999999975786 ], [ 557692.441, 557150.618999999947846 ], [ 557690.398000000044703, 557184.400000000023283 ], [ 557711.302999999956228, 557213.126000000047497 ], [ 557710.150999999954365, 557242.679 ], [ 557684.827999999979511, 557245.979000000050291 ], [ 557683.677999999956228, 557279.532 ], [ 557701.591999999945983, 557291.84699999995064 ] ] ] } },
{ "type": "Feature", "properties": { "fid": 180555, "crop": "mustard" }, "geometry": { "type": "Polygon", "coordinates": [ [ [ 546180.26500000001397, 519049.335000000020955 ], [ 546126.606999999959953, 519042.74900000001071 ], [ 546125.778999999980442, 519042.919 ], [ 546125.638999999966472, 519056.493000000016764 ], [ 546126.207999999984168, 519059.102000000013504 ], [ 546150.937999999965541, 519061.495999999984633 ], [ 546224.064999999944121, 519065.211000000010245 ], [ 546250.753000000026077, 519064.99 ], [ 546250.584000000031665, 519055.004000000015367 ], [ 546226.805999999982305, 519053.566 ], [ 546194.73499999998603, 519051.788999999989755 ], [ 546180.26500000001397, 519049.335000000020955 ] ] ] } },
{ "type": "Feature", "properties": { "fid": 1934778, "crop": "mustard" }, "geometry": { "type": "Polygon", "coordinates": [ [ [ 550513.652, 555175.363000000012107 ], [ 550512.75, 555199.527 ], [ 550541.059, 555277.648000000044703 ], [ 550559.432000000029802, 555273.346000000019558 ], [ 550611.258999999961816, 555267.868000000016764 ], [ 550627.29500000004191, 555241.243000000016764 ], [ 550733.197000000043772, 555202.785000000032596 ], [ 550715.172000000020489, 555158.337000000057742 ], [ 550706.790000000037253, 555123.008000000030734 ], [ 550751.927000000025146, 555038.937000000034459 ], [ 550699.430000000051223, 555055.449000000022352 ], [ 550655.540000000037253, 555069.253999999957159 ], [ 550638.618000000016764, 555074.577000000048429 ], [ 550528.834000000031665, 555120.322999999974854 ], [ 550527.952999999979511, 555125.572000000043772 ], [ 550527.908999999985099, 555130.949999999953434 ], [ 550519.488000000012107, 555139.143000000040047 ], [ 550509.606000000028871, 555151.292000000015832 ], [ 550513.652, 555175.363000000012107 ] ] ] } },
{ "type": "Feature", "properties": { "fid": 1288584, "crop": "mustard" }, "geometry": { "type": "Polygon", "coordinates": [ [ [ 514524.398999999975786, 531375.834000000031665 ], [ 514500.587, 531368.353 ], [ 514469.365999999979977, 531358.282 ], [ 514466.472, 531370.631999999983236 ], [ 514465.913, 531375.525999999954365 ], [ 514479.218, 531379.424 ], [ 514495.835000000020955, 531384.356999999959953 ], [ 514519.346000000019558, 531392.427000000025146 ], [ 514537.135, 531399.927000000025146 ], [ 514570.472, 531416.927000000025146 ], [ 514608.646, 531438.336000000010245 ], [ 514625.903999999980442, 531429.85999999998603 ], [ 514595.257999999972526, 531411.228 ], [ 514561.38, 531392.550000000046566 ], [ 514536.700000000011642, 531379.790999999968335 ], [ 514524.398999999975786, 531375.834000000031665 ] ] ] } },
{ "type": "Feature", "properties": { "fid": 201655, "crop": "mustard" }, "geometry": { "type": "Polygon", "coordinates": [ [ [ 545822.177000000025146, 517842.184 ], [ 545788.320000000065193, 517861.864 ], [ 545758.741999999969266, 517878.658999999985099 ], [ 545762.192000000039116, 517885.852000000013504 ], [ 545774.84499999997206, 517880.723999999987427 ], [ 545790.488000000012107, 517872.330000000016298 ], [ 545812.78000000002794, 517858.59499999997206 ], [ 545824.15300000004936, 517850.733 ], [ 545823.648000000044703, 517846.319000000017695 ], [ 545822.177000000025146, 517842.184 ] ] ] } },
{ "type": "Feature", "properties": { "fid": 186319, "crop": "mustard" }, "geometry": { "type": "Polygon", "coordinates": [ [ [ 542578.170999999972992, 552540.797999999951571 ], [ 542580.876000000047497, 552546.908999999985099 ], [ 542590.412000000011176, 552566.794 ], [ 542602.503999999957159, 552590.518000000040047 ], [ 542666.706, 552549.547000000020489 ], [ 542694.910000000032596, 552529.662000000011176 ], [ 542712.35999999998603, 552516.473 ], [ 542725.478, 552504.802999999956228 ], [ 542703.86199999996461, 552493.805999999982305 ], [ 542665.765999999945052, 552482.807000000029802 ], [ 542617.201, 552515.996999999973923 ], [ 542596.702999999979511, 552529.662000000011176 ], [ 542578.170999999972992, 552540.797999999951571 ] ] ] } },
{ "type": "Feature", "properties": { "fid": 2288043, "crop": "mustard" }, "geometry": { "type": "Polygon", "coordinates": [ [ [ 549521.86199999996461, 536817.822999999974854 ], [ 549538.327999999979511, 536735.125 ], [ 549548.256000000052154, 536684.984000000054948 ], [ 549557.320000000065193, 536648.799 ], [ 549571.582999999984168, 536600.351999999955297 ], [ 549569.800000000046566, 536599.322000000043772 ], [ 549543.692999999970198, 536587.51300000003539 ], [ 549541.996999999973923, 536586.285000000032596 ], [ 549535.23499999998603, 536590.817000000039116 ], [ 549532.517, 536593.738000000012107 ], [ 549519.408999999985099, 536619.304 ], [ 549510.425999999977648, 536643.283000000054017 ], [ 549505.956, 536657.143999999971129 ], [ 549499.337999999988824, 536683.832999999984168 ], [ 549495.133999999961816, 536705.707999999984168 ], [ 549489.667000000015832, 536732.685000000055879 ], [ 549484.631000000052154, 536755.849000000045635 ], [ 549479.38, 536781.243000000016764 ], [ 549475.925999999977648, 536799.812000000034459 ], [ 549478.517, 536807.787999999942258 ], [ 549500.17000000004191, 536812.75199999997858 ], [ 549521.86199999996461, 536817.822999999974854 ] ] ] } },
{ "type": "Feature", "properties": { "fid": 251409, "crop": "mustard" }, "geometry": { "type": "Polygon", "coordinates": [ [ [ 540664.871000000042841, 556840.560999999986961 ], [ 540657.131000000052154, 556799.729000000050291 ], [ 540643.709000000031665, 556802.966999999945983 ], [ 540646.944999999948777, 556829.741999999969266 ], [ 540664.871000000042841, 556840.560999999986961 ] ] ] } },
{ "type": "Feature", "properties": { "fid": 2383154, "crop": "mustard" }, "geometry": { "type": "Polygon", "coordinates": [ [ [ 560897.984000000054948, 522945.194000000017695 ], [ 560903.628000000026077, 522991.484 ], [ 560913.922999999951571, 523084.451 ], [ 560932.746000000042841, 523189.466000000014901 ], [ 560936.042000000015832, 523216.689000000013039 ], [ 560938.491000000038184, 523280.49900000001071 ], [ 560941.902, 523326.158999999985099 ], [ 560942.028999999980442, 523347.902 ], [ 560941.520000000018626, 523406.903 ], [ 560944.699000000022352, 523434.62300000002142 ], [ 560944.444999999948777, 523441.489 ], [ 560945.334999999962747, 523476.076 ], [ 560952.283999999985099, 523531.560999999986961 ], [ 560970.638999999966472, 523627.517999999981839 ], [ 560977.848, 523689.884000000020023 ], [ 560982.591999999945983, 523735.728 ], [ 560988.314000000013039, 523813.419999999983702 ], [ 560991.365, 523814.946 ], [ 560998.104999999981374, 523810.114 ], [ 561000.851999999955297, 523804.277 ], [ 561003.064000000013039, 523790.023999999975786 ], [ 561002.49800000002142, 523756.737000000022817 ], [ 561003.954000000027008, 523743.739 ], [ 561003.243999999947846, 523738.81 ], [ 561000.846000000019558, 523686.851000000024214 ], [ 560989.741999999969266, 523587.988000000012107 ], [ 560981.006999999983236, 523541.815 ], [ 560978.395000000018626, 523522.233 ], [ 560972.165000000037253, 523449.37300000002142 ], [ 560970.892, 523436.713999999978114 ], [ 560972.037999999942258, 523381.343999999982771 ], [ 560970.804, 523345.48599999997532 ], [ 560966.533999999985099, 523314.699000000022352 ], [ 560968.096000000019558, 523301.109 ], [ 560967.957999999984168, 523232.150000000023283 ], [ 560965.897, 523170.382999999972526 ], [ 560960.02800000004936, 523120.090000000025611 ], [ 560952.180000000051223, 523065.648999999975786 ], [ 560941.520000000018626, 522979.150000000023283 ], [ 560933.255, 522925.99900000001071 ], [ 560929.797000000020489, 522893.15500000002794 ], [ 560894.34699999995064, 522892.392 ], [ 560897.984000000054948, 522945.194000000017695 ] ] ] } },
{ "type": "Feature", "properties": { "fid": 473005, "crop": "mustard" }, "geometry": { "type": "Polygon", "coordinates": [ [ [ 553301.224000000045635, 537716.51300000003539 ], [ 553299.283999999985099, 537696.513999999966472 ], [ 553297.73499999998603, 537669.956 ], [ 553296.162000000011176, 537630.697999999974854 ], [ 553296.495, 537571.327999999979511 ], [ 553297.071, 537543.692999999970198 ], [ 553297.209999999962747, 537531.278999999980442 ], [ 553298.716000000014901, 537497.988999999943189 ], [ 553299.616000000038184, 537467.005 ], [ 553301.679, 537442.15300000004936 ], [ 553276.647, 537434.995 ], [ 553274.733, 537501.064999999944121 ], [ 553272.981000000028871, 537553.817000000039116 ], [ 553272.836000000010245, 537597.142 ], [ 553272.238999999943189, 537646.827000000048429 ], [ 553272.724999999976717, 537671.062999999965541 ], [ 553273.942999999970198, 537702.158000000054017 ], [ 553276.488000000012107, 537737.680000000051223 ], [ 553279.547000000020489, 537755.932999999960884 ], [ 553303.498999999952503, 537740.322999999974854 ], [ 553301.224000000045635, 537716.51300000003539 ] ] ] } },
{ "type": "Feature", "properties": { "fid": 1346781, "crop": "mustard" }, "geometry": { "type": "Polygon", "coordinates": [ [ [ 556122.219000000040978, 529531.435999999986961 ], [ 556119.354999999981374, 529653.814000000013039 ], [ 556115.24800000002142, 529696.542999999946915 ], [ 556108.768000000040047, 529724.682000000029802 ], [ 556124.775000000023283, 529736.175000000046566 ], [ 556129.471000000019558, 529706.461000000010245 ], [ 556133.348, 529667.755 ], [ 556134.425000000046566, 529567.320000000065193 ], [ 556137.71999999997206, 529524.02800000004936 ], [ 556142.555999999982305, 529456.228 ], [ 556137.773000000044703, 529386.182999999960884 ], [ 556129.599999999976717, 529386.971000000019558 ], [ 556126.574999999953434, 529392.449999999953434 ], [ 556128.75199999997858, 529414.415000000037253 ], [ 556128.75199999997858, 529429.231000000028871 ], [ 556122.219000000040978, 529531.435999999986961 ] ] ] } },
{ "type": "Feature", "properties": { "fid": 378561, "crop": "mustard" }, "geometry": { "type": "Polygon", "coordinates": [ [ [ 534088.832999999984168, 519795.227000000013504 ], [ 534047.185999999986961, 519790.134000000020023 ], [ 534043.858, 519801.207999999984168 ], [ 534096.24, 519808.87400000001071 ], [ 534133.628000000026077, 519811.87 ], [ 534167.017, 519814.291000000026543 ], [ 534170.468, 519804.305999999982305 ], [ 534142.462000000057742, 519800.244 ], [ 534110.87, 519796.781000000017229 ], [ 534088.832999999984168, 519795.227000000013504 ] ] ] } },
{ "type": "Feature", "properties": { "fid": 1639066, "crop": "mustard" }, "geometry": { "type": "Polygon", "coordinates": [ [ [ 535169.70499999995809, 550357.87300000002142 ], [ 535113.402, 550341.598 ], [ 535096.577999999979511, 550373.207999999984168 ], [ 535098.670999999972992, 550374.035000000032596 ], [ 535122.356000000028871, 550384.292999999946915 ], [ 535167.925000000046566, 550405.569000000017695 ], [ 535181.898999999975786, 550411.785999999963678 ], [ 535174.96999999997206, 550378.662000000011176 ], [ 535169.70499999995809, 550357.87300000002142 ] ] ] } },
{ "type": "Feature", "properties": { "fid": 471099, "crop": "mustard" }, "geometry": { "type": "Polygon", "coordinates": [ [ [ 551987.853, 535485.567999999970198 ], [ 552021.410000000032596, 535474.648000000044703 ], [ 551995.758999999961816, 535438.73699999996461 ], [ 551974.201, 535410.165000000037253 ], [ 551929.729000000050291, 535359.530999999959022 ], [ 551907.572000000043772, 535335.216999999945983 ], [ 551875.601999999955297, 535293.767 ], [ 551825.657, 535222.464999999967404 ], [ 551788.175000000046566, 535168.881000000052154 ], [ 551750.655999999959022, 535119.598 ], [ 551721.616999999969266, 535085.667000000015832 ], [ 551702.834999999962747, 535062.636000000056811 ], [ 551675.067000000039116, 535093.858 ], [ 551694.957000000053085, 535119.621000000042841 ], [ 551712.187000000034459, 535142.775999999954365 ], [ 551744.415000000037253, 535181.910000000032596 ], [ 551767.067000000039116, 535209.23499999998603 ], [ 551794.628000000026077, 535245.647 ], [ 551834.912999999942258, 535290.824999999953434 ], [ 551894.927000000025146, 535360.907 ], [ 551920.064999999944121, 535391.174 ], [ 551943.540000000037253, 535420.312999999965541 ], [ 551961.160999999963678, 535444.662000000011176 ], [ 551981.449000000022352, 535475.863000000012107 ], [ 551987.853, 535485.567999999970198 ] ] ] } },
{ "type": "Feature", "properties": { "fid": 1535057, "crop": "mustard" }, "geometry": { "type": "Polygon", "coordinates": [ [ [ 560197.523999999975786, 534064.915000000037253 ], [ 560255.560000000055879, 534043.461000000010245 ], [ 560235.743000000016764, 534002.256000000052154 ], [ 560211.613000000012107, 533956.148999999975786 ], [ 560200.003999999957159, 533960.621999999973923 ], [ 560157.025000000023283, 533984.714999999967404 ], [ 560197.523999999975786, 534064.915000000037253 ] ] ] } },
{ "type": "Feature", "properties": { "fid": 105703, "crop": "mustard" }, "geometry": { "type": "Polygon", "coordinates": [ [ [ 555194.358, 516462.648999999975786 ], [ 555217.263999999966472, 516490.121999999973923 ], [ 555335.035999999963678, 516387.231000000028871 ], [ 555322.03000000002794, 516352.552000000025146 ], [ 555309.631999999983236, 516324.309 ], [ 555309.478, 516324.01 ], [ 555300.452999999979511, 516330.540000000037253 ], [ 555275.65300000004936, 516358.055999999982305 ], [ 555249.915000000037253, 516396.31 ], [ 555238.304, 516409.929 ], [ 555215.640999999945052, 516434.87300000002142 ], [ 555193.533999999985099, 516458.615 ], [ 555194.358, 516462.648999999975786 ] ] ] } },
{ "type": "Feature", "properties": { "fid": 285254, "crop": "mustard" }, "geometry": { "type": "Polygon", "coordinates": [ [ [ 549098.537999999942258, 515563.25199999997858 ], [ 549088.128000000026077, 515573.669999999983702 ], [ 549064.702000000048429, 515593.759000000020023 ], [ 549027.378999999957159, 515624.865999999979977 ], [ 548974.071, 515669.246999999973923 ], [ 548951.136999999987893, 515686.727000000013504 ], [ 548931.290000000037253, 515698.381999999983236 ], [ 548881.86199999996461, 515725.577 ], [ 548840.430999999982305, 515747.721000000019558 ], [ 548811.883000000030734, 515759.561999999976251 ], [ 548800.201, 515763.920999999972992 ], [ 548794.917000000015832, 515770.40500000002794 ], [ 548791.944999999948777, 515776.538 ], [ 548824.675999999977648, 515785.195 ], [ 548837.456, 515777.226000000024214 ], [ 548845.265999999945052, 515773.259000000020023 ], [ 548850.224999999976717, 515773.011 ], [ 548874.687000000034459, 515761.936999999976251 ], [ 548908.665000000037253, 515745.387999999977183 ], [ 548943.810000000055879, 515726.059 ], [ 548977.299, 515703.34499999997206 ], [ 549032.552000000025146, 515658.403999999980442 ], [ 549072.748999999952503, 515625.674999999988358 ], [ 549110.748999999952503, 515593.021 ], [ 549148.971000000019558, 515555.164999999979045 ], [ 549195.106000000028871, 515496.207 ], [ 549211.792999999946915, 515478.284999999974389 ], [ 549255.064999999944121, 515433.913999999989755 ], [ 549271.849000000045635, 515411.884000000020023 ], [ 549290.75, 515383.107000000018161 ], [ 549311.437000000034459, 515346.543 ], [ 549317.488999999943189, 515332.299999999988358 ], [ 549301.567000000039116, 515292.797000000020489 ], [ 549288.422999999951571, 515320.935999999986961 ], [ 549251.052999999956228, 515384.75099999998929 ], [ 549230.51, 515411.631 ], [ 549204.285000000032596, 515441.134000000020023 ], [ 549178.978, 515467.178000000014435 ], [ 549111.059, 515549.492000000027474 ], [ 549098.537999999942258, 515563.25199999997858 ] ] ] } },
{ "type": "Feature", "properties": { "fid": 1368634, "crop": "mustard" }, "geometry": { "type": "Polygon", "coordinates": [ [ [ 534255.224999999976717, 531477.969000000040978 ], [ 534295.189000000013039, 531577.435999999986961 ], [ 534296.555000000051223, 531579.584999999962747 ], [ 534306.841999999945983, 531580.728 ], [ 534323.606000000028871, 531589.300999999977648 ], [ 534335.797999999951571, 531597.682999999960884 ], [ 534344.444000000017695, 531601.63 ], [ 534370.508000000030734, 531610.096000000019558 ], [ 534393.38800000003539, 531613.422999999951571 ], [ 534378.527, 531534.427999999956228 ], [ 534371.733, 531492.400000000023283 ], [ 534367.886000000056811, 531459.974000000045635 ], [ 534364.98699999996461, 531430.979000000050291 ], [ 534365.025000000023283, 531429.199000000022352 ], [ 534385.055000000051223, 531428.268999999971129 ], [ 534406.761000000056811, 531428.966000000014901 ], [ 534407.540000000037253, 531416.910000000032596 ], [ 534410.310000000055879, 531394.055999999982305 ], [ 534412.642, 531372.964999999967404 ], [ 534416.785000000032596, 531331.334000000031665 ], [ 534383.310999999986961, 531343.01500000001397 ], [ 534369.537999999942258, 531348.245 ], [ 534357.337999999988824, 531352.792999999946915 ], [ 534300.633999999961816, 531373.285999999963678 ], [ 534266.61199999996461, 531384.62699999997858 ], [ 534273.773999999975786, 531448.493000000016764 ], [ 534275.761999999987893, 531467.261999999987893 ], [ 534255.224999999976717, 531477.969000000040978 ] ] ] } },
{ "type": "Feature", "properties": { "fid": 94049, "crop": "mustard" }, "geometry": { "type": "Polygon", "coordinates": [ [ [ 544790.993999999947846, 534195.957000000053085 ], [ 544781.251000000047497, 534225.319000000017695 ], [ 544769.238000000012107, 534253.457000000053085 ], [ 544791.658000000054017, 534323.805000000051223 ], [ 544809.108, 534372.922999999951571 ], [ 544840.560000000055879, 534361.86199999996461 ], [ 544836.106000000028871, 534347.37699999997858 ], [ 544827.290999999968335, 534320.85999999998603 ], [ 544815.383999999961816, 534278.832999999984168 ], [ 544801.397, 534229.611000000033528 ], [ 544790.993999999947846, 534195.957000000053085 ] ] ] } },
{ "type": "Feature", "properties": { "fid": 574837, "crop": "mustard" }, "geometry": { "type": "Polygon", "coordinates": [ [ [ 534530.008000000030734, 532565.285999999963678 ], [ 534544.273000000044703, 532541.508999999961816 ], [ 534559.981000000028871, 532513.253000000026077 ], [ 534637.719000000040978, 532365.258000000030734 ], [ 534622.353, 532354.746000000042841 ], [ 534606.915000000037253, 532387.488999999943189 ], [ 534577.555000000051223, 532445.177000000025146 ], [ 534549.461000000010245, 532497.633000000030734 ], [ 534514.300000000046566, 532555.816 ], [ 534530.008000000030734, 532565.285999999963678 ] ] ] } },
{ "type": "Feature", "properties": { "fid": 2220704, "crop": "mustard" }, "geometry": { "type": "Polygon", "coordinates": [ [ [ 516967.169999999983702, 524141.78000000002794 ], [ 516970.342, 524136.652 ], [ 516969.542000000015832, 524129.087999999988824 ], [ 516958.357000000018161, 524123.790000000037253 ], [ 516951.430999999982305, 524117.881999999983236 ], [ 516946.745999999984633, 524115.641 ], [ 516943.893999999971129, 524112.993000000016764 ], [ 516940.430999999982305, 524110.548 ], [ 516939.207999999984168, 524110.34499999997206 ], [ 516935.745, 524106.881999999983236 ], [ 516934.522999999986496, 524103.419 ], [ 516931.26400000002468, 524100.158999999985099 ], [ 516929.634000000020023, 524098.936999999976251 ], [ 516925.762999999977183, 524097.103 ], [ 516922.504000000015367, 524095.881 ], [ 516919.856000000028871, 524095.678000000014435 ], [ 516912.473, 524092.216000000014901 ], [ 516910.326, 524087.89000000001397 ], [ 516910.669, 524084.805 ], [ 516911.526000000012573, 524082.234 ], [ 516911.183000000019092, 524079.490999999979977 ], [ 516908.041000000026543, 524076.732000000018161 ], [ 516906.818000000028405, 524075.103 ], [ 516899.202999999979511, 524067.321 ], [ 516896.816999999980908, 524069.419 ], [ 516897.628000000026077, 524070.737000000022817 ], [ 516894.62699999997858, 524074.316 ], [ 516866.266, 524103.982000000018161 ], [ 516880.642999999981839, 524113.631 ], [ 516883.788, 524108.427000000025146 ], [ 516887.185999999986961, 524108.288 ], [ 516889.243000000016764, 524109.316 ], [ 516891.642999999981839, 524110.859 ], [ 516891.642999999981839, 524112.916000000026543 ], [ 516890.614, 524115.487000000022817 ], [ 516890.120999999984633, 524118.995999999984633 ], [ 516930.220000000030268, 524143.809 ], [ 516933.300999999977648, 524142.938000000023749 ], [ 516943.893999999971129, 524145.790000000037253 ], [ 516956.523999999975786, 524148.031000000017229 ], [ 516958.968, 524149.049999999988358 ], [ 516959.37599999998929, 524152.104999999981374 ], [ 516959.37599999998929, 524155.161000000021886 ], [ 516961.615999999979977, 524158.012999999977183 ], [ 516964.468, 524160.254000000015367 ], [ 516969.99900000001071, 524162.066999999980908 ], [ 516973.179, 524155.457999999984168 ], [ 516967.169999999983702, 524141.78000000002794 ] ] ] } },
{ "type": "Feature", "properties": { "fid": 1179941, "crop": "mustard" }, "geometry": { "type": "Polygon", "coordinates": [ [ [ 557784.390999999945052, 548166.712999999988824 ], [ 557831.86199999996461, 548166.209999999962747 ], [ 557877.038999999989755, 548164.843 ], [ 557904.015999999945052, 548161.75 ], [ 557933.079000000027008, 548157.648999999975786 ], [ 558008.682000000029802, 548147.87699999997858 ], [ 558004.645999999949709, 548126.03000000002794 ], [ 557986.241000000038184, 548127.363000000012107 ], [ 557943.22199999995064, 548133.910000000032596 ], [ 557915.525999999954365, 548137.866000000038184 ], [ 557888.626000000047497, 548141.017 ], [ 557862.003999999957159, 548142.974000000045635 ], [ 557827.618000000016764, 548143.981000000028871 ], [ 557782.511999999987893, 548144.268999999971129 ], [ 557784.390999999945052, 548166.712999999988824 ] ] ] } },
{ "type": "Feature", "properties": { "fid": 33001, "crop": "mustard" }, "geometry": { "type": "Polygon", "coordinates": [ [ [ 516297.066, 530559.46999999997206 ], [ 516298.216000000014901, 530578.533000000054017 ], [ 516322.93, 530586.116999999969266 ], [ 516346.128000000026077, 530593.216000000014901 ], [ 516363.302000000025146, 530595.136000000056811 ], [ 516377.096000000019558, 530594.942999999970198 ], [ 516417.762999999977183, 530600.812999999965541 ], [ 516450.778999999980442, 530606.593 ], [ 516439.995, 530597.304 ], [ 516410.875, 530589.775999999954365 ], [ 516390.43, 530585.528999999980442 ], [ 516363.558000000019092, 530584.197999999974854 ], [ 516330.832, 530573.843 ], [ 516310.494, 530566.310000000055879 ], [ 516297.066, 530559.46999999997206 ] ] ] } },
{ "type": "Feature", "properties": { "fid": 2474438, "crop": "mustard" }, "geometry": { "type": "Polygon", "coordinates": [ [ [ 536458.75199999997858, 531749.996000000042841 ], [ 536477.552000000025146, 531776.96999999997206 ], [ 536488.616999999969266, 531802.690000000060536 ], [ 536505.37, 531801.321 ], [ 536579.441, 531794.202000000048429 ], [ 536639.162999999942258, 531780.849999999976717 ], [ 536681.093, 531774.863000000012107 ], [ 536702.618000000016764, 531774.39000000001397 ], [ 536732.62300000002142, 531775.682000000029802 ], [ 536740.662000000011176, 531783.577999999979511 ], [ 536759.037999999942258, 531806.116999999969266 ], [ 536766.24800000002142, 531814.618000000016764 ], [ 536766.224999999976717, 531814.640999999945052 ], [ 536767.851999999955297, 531817.020000000018626 ], [ 536768.415999999968335, 531819.042999999946915 ], [ 536773.645000000018626, 531831.503999999957159 ], [ 536778.35999999998603, 531843.469000000040978 ], [ 536849.743000000016764, 531789.783000000054017 ], [ 536826.062999999965541, 531768.283999999985099 ], [ 536801.47199999995064, 531746.064000000013039 ], [ 536786.601000000024214, 531732.476000000024214 ], [ 536774.163999999989755, 531721.212000000057742 ], [ 536757.319000000017695, 531710.10999999998603 ], [ 536741.01, 531700.591000000014901 ], [ 536730.731000000028871, 531693.996999999973923 ], [ 536701.366000000038184, 531675.863999999943189 ], [ 536689.672000000020489, 531685.957000000053085 ], [ 536679.441, 531691.962999999988824 ], [ 536661.658999999985099, 531699.883000000030734 ], [ 536640.915000000037253, 531697.027 ], [ 536610.216000000014901, 531692.677000000025146 ], [ 536579.729000000050291, 531696.866000000038184 ], [ 536585.444000000017695, 531709.535999999963678 ], [ 536594.658999999985099, 531730.890999999945052 ], [ 536603.554, 531765.981000000028871 ], [ 536580.572000000043772, 531771.055999999982305 ], [ 536529.185000000055879, 531780.680999999982305 ], [ 536504.359000000054948, 531746.25199999997858 ], [ 536500.437999999965541, 531728.336000000010245 ], [ 536496.410000000032596, 531714.57999999995809 ], [ 536494.827999999979511, 531710.375 ], [ 536443.256000000052154, 531731.591000000014901 ], [ 536458.75199999997858, 531749.996000000042841 ] ] ] } },
{ "type": "Feature", "properties": { "fid": 591581, "crop": "mustard" }, "geometry": { "type": "Polygon", "coordinates": [ [ [ 531532.087999999988824, 529623.057999999960884 ], [ 531527.091000000014901, 529609.419 ], [ 531486.724999999976717, 529632.508000000030734 ], [ 531437.383999999961816, 529660.550999999977648 ], [ 531429.160999999963678, 529678.368999999947846 ], [ 531463.109000000054948, 529661.606000000028871 ], [ 531482.297000000020489, 529651.378999999957159 ], [ 531532.087999999988824, 529623.057999999960884 ] ] ] } },
{ "type": "Feature", "properties": { "fid": 179833, "crop": "mustard" }, "geometry": { "type": "Polygon", "coordinates": [ [ [ 545927.295999999972992, 520500.230000000039581 ], [ 545940.071, 520474.017 ], [ 545877.90500000002794, 520457.422000000020489 ], [ 545843.849999999976717, 520446.896 ], [ 545829.48499999998603, 520473.645000000018626 ], [ 545818.834999999962747, 520493.954000000027008 ], [ 545814.329000000027008, 520505.65500000002794 ], [ 545824.655999999959022, 520504.852000000013504 ], [ 545827.38, 520504.976000000024214 ], [ 545832.457000000053085, 520505.843 ], [ 545843.974000000045635, 520509.31 ], [ 545868.988999999943189, 520514.635 ], [ 545884.228, 520518.419 ], [ 545913.446, 520528.256999999983236 ], [ 545927.295999999972992, 520500.230000000039581 ] ] ] } },
{ "type": "Feature", "properties": { "fid": 1000866, "crop": "mustard" }, "geometry": { "type": "Polygon", "coordinates": [ [ [ 556056.191, 516148.043 ], [ 556054.859000000054948, 516445.856000000028871 ], [ 556059.98699999996461, 516489.696 ], [ 556064.79500000004191, 516534.631999999983236 ], [ 556070.675000000046566, 516585.153 ], [ 556095.064000000013039, 516583.847 ], [ 556118.320000000065193, 516582.106000000028871 ], [ 556116.564000000013039, 516519.397 ], [ 556140.545999999972992, 516519.971000000019558 ], [ 556156.542000000015832, 516521.680999999982305 ], [ 556153.538999999989755, 516426.728 ], [ 556142.59699999995064, 516416.396 ], [ 556126.136000000056811, 516382.896 ], [ 556116.177999999956228, 516358.427000000025146 ], [ 556113.753000000026077, 516339.218999999982771 ], [ 556110.444000000017695, 516276.783 ], [ 556112.299, 516219.544999999983702 ], [ 556115.331, 516199.0 ], [ 556118.385, 516170.575000000011642 ], [ 556121.300999999977648, 516157.022999999986496 ], [ 556078.493000000016764, 516150.744 ], [ 556056.191, 516148.043 ] ] ] } },
{ "type": "Feature", "properties": { "fid": 2336966, "crop": "mustard" }, "geometry": { "type": "Polygon", "coordinates": [ [ [ 517026.601000000024214, 535730.718 ], [ 517031.843, 535730.39000000001397 ], [ 517034.952999999979511, 535730.59699999995064 ], [ 517028.102000000013504, 535709.246000000042841 ], [ 517019.555999999982305, 535683.042999999946915 ], [ 517010.278999999980442, 535660.481000000028871 ], [ 516997.275000000023283, 535635.368000000016764 ], [ 516961.697999999974854, 535570.086000000010245 ], [ 516932.109, 535521.104000000050291 ], [ 516907.24800000002142, 535481.527 ], [ 516888.571999999985565, 535454.604000000050291 ], [ 516866.016, 535418.854999999981374 ], [ 516838.566, 535374.59499999997206 ], [ 516823.670999999972992, 535353.316 ], [ 516819.202, 535345.868000000016764 ], [ 516814.384000000020023, 535342.209000000031665 ], [ 516807.600000000034925, 535345.397 ], [ 516801.601000000024214, 535358.11199999996461 ], [ 516816.223, 535373.743999999947846 ], [ 516832.058000000019092, 535394.538999999989755 ], [ 516848.142, 535420.131999999983236 ], [ 516868.995, 535454.604000000050291 ], [ 516881.762999999977183, 535475.245 ], [ 516899.049999999988358, 535501.658000000054017 ], [ 516921.973999999987427, 535540.07999999995809 ], [ 516943.63900000002468, 535578.302000000025146 ], [ 516991.19, 535669.037999999942258 ], [ 517010.554, 535718.618000000016764 ], [ 517016.433000000019092, 535731.212999999988824 ], [ 517026.601000000024214, 535730.718 ] ] ] } },
{ "type": "Feature", "properties": { "fid": 186335, "crop": "mustard" }, "geometry": { "type": "Polygon", "coordinates": [ [ [ 536373.050000000046566, 550375.691 ], [ 536403.761000000056811, 550379.968 ], [ 536414.814999999944121, 550258.515999999945052 ], [ 536415.567999999970198, 550191.006999999983236 ], [ 536383.339999999967404, 550174.748999999952503 ], [ 536387.657, 550195.324000000022352 ], [ 536389.167000000015832, 550225.177999999956228 ], [ 536388.231999999959953, 550248.054 ], [ 536385.790000000037253, 550274.729000000050291 ], [ 536379.567999999970198, 550310.768000000040047 ], [ 536375.446, 550342.170999999972992 ], [ 536373.050000000046566, 550375.691 ] ] ] } },
{ "type": "Feature", "properties": { "fid": 2490859, "crop": "mustard" }, "geometry": { "type": "Polygon", "coordinates": [ [ [ 556114.457000000053085, 529758.84499999997206 ], [ 556098.006999999983236, 529743.99 ], [ 556100.26300000003539, 529793.177000000025146 ], [ 556107.052000000025146, 529893.420999999972992 ], [ 556113.878000000026077, 529976.167999999946915 ], [ 556134.104000000050291, 529967.723 ], [ 556147.942999999970198, 529961.569000000017695 ], [ 556177.140999999945052, 529951.836000000010245 ], [ 556184.699000000022352, 529948.412999999942258 ], [ 556193.851999999955297, 529940.53000000002794 ], [ 556202.961000000010245, 529925.756000000052154 ], [ 556212.736000000033528, 529913.648000000044703 ], [ 556186.310999999986961, 529872.017 ], [ 556180.15500000002794, 529860.805999999982305 ], [ 556175.643999999971129, 529847.020999999949709 ], [ 556167.75, 529837.427000000025146 ], [ 556161.468, 529830.907 ], [ 556123.015999999945052, 529803.417000000015832 ], [ 556119.118000000016764, 529791.057999999960884 ], [ 556116.447000000043772, 529770.85999999998603 ], [ 556114.457000000053085, 529758.84499999997206 ] ] ] } },
{ "type": "Feature", "properties": { "fid": 1175670, "crop": "mustard" }, "geometry": { "type": "Polygon", "coordinates": [ [ [ 530748.542000000015832, 532201.944999999948777 ], [ 530775.005, 532182.925000000046566 ], [ 530772.812999999965541, 532131.552999999956228 ], [ 530769.069000000017695, 532074.824999999953434 ], [ 530767.559, 531985.040999999968335 ], [ 530753.430999999982305, 531985.832000000053085 ], [ 530739.25199999997858, 531987.366999999969266 ], [ 530739.640999999945052, 532043.476000000024214 ], [ 530743.020999999949709, 532114.495 ], [ 530744.62, 532156.425000000046566 ], [ 530748.542000000015832, 532201.944999999948777 ] ] ] } },
{ "type": "Feature", "properties": { "fid": 94048, "crop": "mustard" }, "geometry": { "type": "Polygon", "coordinates": [ [ [ 544940.633000000030734, 534619.182000000029802 ], [ 544925.36199999996461, 534592.070000000065193 ], [ 544902.017, 534549.353 ], [ 544854.302000000025146, 534576.645999999949709 ], [ 544830.187999999965541, 534588.99 ], [ 544850.599999999976717, 534622.464999999967404 ], [ 544865.716000000014901, 534644.966000000014901 ], [ 544877.167000000015832, 534658.498999999952503 ], [ 544884.957000000053085, 534665.758999999961816 ], [ 544894.275000000023283, 534671.54500000004191 ], [ 544908.834000000031665, 534664.373999999952503 ], [ 544928.39000000001397, 534653.726999999955297 ], [ 544951.640999999945052, 534640.255 ], [ 544940.633000000030734, 534619.182000000029802 ] ] ] } },
{ "type": "Feature", "properties": { "fid": 611465, "crop": "mustard" }, "geometry": { "type": "Polygon", "coordinates": [ [ [ 521280.023999999975786, 536877.645999999949709 ], [ 521291.753000000026077, 536914.292000000015832 ], [ 521575.742000000027474, 536917.332000000053085 ], [ 521577.011999999987893, 536912.229000000050291 ], [ 521592.597, 536884.822000000043772 ], [ 521592.506, 536880.996000000042841 ], [ 521280.023999999975786, 536877.645999999949709 ] ] ] } },
{ "type": "Feature", "properties": { "fid": 847497, "crop": "mustard" }, "geometry": { "type": "Polygon", "coordinates": [ [ [ 553473.258999999961816, 527028.837999999988824 ], [ 553494.172999999951571, 527031.427000000025146 ], [ 553510.893999999971129, 527038.317000000039116 ], [ 553531.820000000065193, 527042.780999999959022 ], [ 553551.089999999967404, 527047.986000000033528 ], [ 553553.930000000051223, 527006.329000000027008 ], [ 553552.562000000034459, 526952.606999999959953 ], [ 553544.51500000001397, 526915.035000000032596 ], [ 553519.46999999997206, 526942.39000000001397 ], [ 553507.518999999971129, 526956.332999999984168 ], [ 553491.584000000031665, 526980.435000000055879 ], [ 553474.055000000051223, 527013.5 ], [ 553472.85999999998603, 527021.667000000015832 ], [ 553473.258999999961816, 527028.837999999988824 ] ] ] } },
{ "type": "Feature", "properties": { "fid": 2361269, "crop": "mustard" }, "geometry": { "type": "Polygon", "coordinates": [ [ [ 532421.85999999998603, 539521.826 ], [ 532445.738999999943189, 539667.925999999977648 ], [ 532455.15300000004936, 539666.941 ], [ 532457.27800000004936, 539664.273000000044703 ], [ 532432.381000000052154, 539511.940000000060536 ], [ 532421.85999999998603, 539521.826 ] ] ] } },
{ "type": "Feature", "properties": { "fid": 956023, "crop": "mustard" }, "geometry": { "type": "Polygon", "coordinates": [ [ [ 538242.261999999987893, 548066.567999999970198 ], [ 538358.162000000011176, 548510.231000000028871 ], [ 538379.70499999995809, 548509.969000000040978 ], [ 538263.140999999945052, 548063.849000000045635 ], [ 538262.03000000002794, 547967.978 ], [ 538302.479999999981374, 547797.13 ], [ 538279.800999999977648, 547802.160999999963678 ], [ 538241.086000000010245, 547965.682000000029802 ], [ 538242.261999999987893, 548066.567999999970198 ] ] ] } },
{ "type": "Feature", "properties": { "fid": 199443, "crop": "mustard" }, "geometry": { "type": "Polygon", "coordinates": [ [ [ 535018.792999999946915, 526990.973 ], [ 535002.871999999973923, 527003.086000000010245 ], [ 535009.440000000060536, 527015.334999999962747 ], [ 535027.354999999981374, 527033.430000000051223 ], [ 535043.256000000052154, 527040.312999999965541 ], [ 535058.783000000054017, 527037.327000000048429 ], [ 535091.160000000032596, 527018.743999999947846 ], [ 535133.395000000018626, 526990.158999999985099 ], [ 535172.417999999946915, 526963.334000000031665 ], [ 535133.680000000051223, 526913.876000000047497 ], [ 535108.42000000004191, 526928.648000000044703 ], [ 535063.400999999954365, 526958.383000000030734 ], [ 535028.726000000024214, 526982.459000000031665 ], [ 535018.792999999946915, 526990.973 ] ] ] } },
{ "type": "Feature", "properties": { "fid": 574836, "crop": "mustard" }, "geometry": { "type": "Polygon", "coordinates": [ [ [ 534481.479000000050291, 532649.101999999955297 ], [ 534466.574000000022352, 532631.794 ], [ 534450.506999999983236, 532656.299 ], [ 534429.525999999954365, 532685.61199999996461 ], [ 534412.386999999987893, 532712.596000000019558 ], [ 534419.949000000022352, 532717.667999999946915 ], [ 534432.63800000003539, 532726.966999999945983 ], [ 534438.104000000050291, 532717.148999999975786 ], [ 534446.87699999997858, 532701.849999999976717 ], [ 534469.267, 532667.623999999952503 ], [ 534481.479000000050291, 532649.101999999955297 ] ] ] } },
{ "type": "Feature", "properties": { "fid": 9219, "crop": "mustard" }, "geometry": { "type": "Polygon", "coordinates": [ [ [ 545525.547999999951571, 551550.172000000020489 ], [ 545539.302999999956228, 551559.976000000024214 ], [ 545560.383999999961816, 551581.562999999965541 ], [ 545589.223, 551617.822000000043772 ], [ 545600.859000000054948, 551635.866999999969266 ], [ 545616.060999999986961, 551661.876000000047497 ], [ 545653.925000000046566, 551664.680000000051223 ], [ 545648.20499999995809, 551656.62 ], [ 545624.366000000038184, 551621.824999999953434 ], [ 545594.312999999965541, 551580.175000000046566 ], [ 545574.618000000016764, 551559.212999999988824 ], [ 545556.245, 551538.34499999997206 ], [ 545545.826, 551528.787999999942258 ], [ 545525.547999999951571, 551550.172000000020489 ] ] ] } },
{ "type": "Feature", "properties": { "fid": 32998, "crop": "mustard" }, "geometry": { "type": "Polygon", "coordinates": [ [ [ 515106.62599999998929, 530339.158000000054017 ], [ 515108.228, 530362.351999999955297 ], [ 515108.853, 530371.687000000034459 ], [ 515109.93, 530382.15500000002794 ], [ 515109.561999999976251, 530382.265999999945052 ], [ 515110.098999999987427, 530390.27800000004936 ], [ 515114.418, 530413.917000000015832 ], [ 515118.452, 530429.761000000056811 ], [ 515119.650000000023283, 530428.177999999956228 ], [ 515124.245, 530422.464999999967404 ], [ 515131.489, 530417.486000000033528 ], [ 515124.195, 530400.843 ], [ 515119.193000000028405, 530352.981999999959953 ], [ 515118.738000000012107, 530342.75 ], [ 515124.650000000023283, 530336.49800000002142 ], [ 515177.968, 530297.731000000028871 ], [ 515184.48499999998603, 530289.253000000026077 ], [ 515183.84499999997206, 530263.694000000017695 ], [ 515159.776000000012573, 530278.236000000033528 ], [ 515130.957999999984168, 530292.552999999956228 ], [ 515101.783, 530309.537999999942258 ], [ 515106.62599999998929, 530339.158000000054017 ] ] ] } },
{ "type": "Feature", "properties": { "fid": 2218077, "crop": "mustard" }, "geometry": { "type": "Polygon", "coordinates": [ [ [ 555743.878999999957159, 542431.459000000031665 ], [ 555758.373999999952503, 542419.238999999943189 ], [ 555772.844000000040978, 542405.802999999956228 ], [ 555776.353, 542400.07999999995809 ], [ 555731.939000000013039, 542357.951 ], [ 555697.064999999944121, 542396.072000000043772 ], [ 555707.153999999980442, 542404.920999999972992 ], [ 555711.466000000014901, 542404.047999999951571 ], [ 555722.136000000056811, 542449.790000000037253 ], [ 555743.878999999957159, 542431.459000000031665 ] ] ] } },
{ "type": "Feature", "properties": { "fid": 1930872, "crop": "mustard" }, "geometry": { "type": "Polygon", "coordinates": [ [ [ 536502.233, 542939.574000000022352 ], [ 536509.898999999975786, 542938.770999999949709 ], [ 536534.741000000038184, 542932.903999999980442 ], [ 536497.85999999998603, 542632.398000000044703 ], [ 536465.564999999944121, 542640.785999999963678 ], [ 536502.233, 542939.574000000022352 ] ] ] } },
{ "type": "Feature", "properties": { "fid": 615284, "crop": "mustard" }, "geometry": { "type": "Polygon", "coordinates": [ [ [ 542736.694999999948777, 541283.866000000038184 ], [ 542726.73699999996461, 541327.770999999949709 ], [ 542719.15500000002794, 541378.317000000039116 ], [ 542716.206, 541412.224999999976717 ], [ 542716.417000000015832, 541448.238999999943189 ], [ 542719.576, 541499.837999999988824 ], [ 542726.73699999996461, 541587.241000000038184 ], [ 542737.665999999968335, 541669.008999999961816 ], [ 542778.457000000053085, 541653.064999999944121 ], [ 542779.930999999982305, 541634.550999999977648 ], [ 542780.258999999961816, 541620.952999999979511 ], [ 542779.11199999996461, 541596.540999999968335 ], [ 542776.65500000002794, 541562.299 ], [ 542772.231000000028871, 541509.707000000053085 ], [ 542767.432000000029802, 541445.912000000011176 ], [ 542767.971000000019558, 541406.817000000039116 ], [ 542766.660999999963678, 541371.756000000052154 ], [ 542764.694999999948777, 541354.552999999956228 ], [ 542754.290999999968335, 541326.865 ], [ 542736.694999999948777, 541283.866000000038184 ] ] ] } },
{ "type": "Feature", "properties": { "fid": 1854738, "crop": "mustard" }, "geometry": { "type": "Polygon", "coordinates": [ [ [ 518860.428000000014435, 540869.204000000027008 ], [ 518836.375, 540849.947000000043772 ], [ 518807.076, 540827.184 ], [ 518748.809, 540934.400000000023283 ], [ 518759.688000000023749, 540942.547000000020489 ], [ 518765.699000000022352, 540947.224000000045635 ], [ 518775.026000000012573, 540953.060000000055879 ], [ 518797.093, 540961.601999999955297 ], [ 518819.147999999986496, 540968.089000000036322 ], [ 518834.077999999979511, 540970.913999999989755 ], [ 518838.898999999975786, 540962.584000000031665 ], [ 518883.432000000029802, 540901.768000000040047 ], [ 518869.74800000002142, 540886.807000000029802 ], [ 518866.314000000013039, 540875.547000000020489 ], [ 518860.428000000014435, 540869.204000000027008 ] ] ] } },
{ "type": "Feature", "properties": { "fid": 2444314, "crop": "mustard" }, "geometry": { "type": "Polygon", "coordinates": [ [ [ 514967.620999999984633, 531156.351999999955297 ], [ 514954.397, 531146.408000000054017 ], [ 514925.288, 531128.324999999953434 ], [ 514909.363000000012107, 531120.87 ], [ 514892.457999999984168, 531115.76300000003539 ], [ 514864.402, 531108.353 ], [ 514847.353, 531104.756000000052154 ], [ 514828.256999999983236, 531101.925999999977648 ], [ 514795.556999999971595, 531096.98699999996461 ], [ 514771.591000000014901, 531089.756999999983236 ], [ 514768.652, 531089.937000000034459 ], [ 514767.300999999977648, 531091.017 ], [ 514770.091000000014901, 531097.562000000034459 ], [ 514787.788, 531101.807000000029802 ], [ 514800.593, 531105.547000000020489 ], [ 514826.922000000020489, 531110.942999999970198 ], [ 514843.324000000022352, 531112.885 ], [ 514860.661000000021886, 531114.827999999979511 ], [ 514883.321999999985565, 531120.942000000039116 ], [ 514894.76, 531125.115 ], [ 514919.291000000026543, 531135.258000000030734 ], [ 514945.691999999980908, 531150.437000000034459 ], [ 514963.658999999985099, 531161.913999999989755 ], [ 514967.620999999984633, 531156.351999999955297 ] ] ] } },
{ "type": "Feature", "properties": { "fid": 1664757, "crop": "mustard" }, "geometry": { "type": "Polygon", "coordinates": [ [ [ 540249.557999999960884, 557266.802000000025146 ], [ 540244.939000000013039, 557257.316 ], [ 540222.361000000033528, 557263.071 ], [ 540180.944000000017695, 557273.076 ], [ 540129.327000000048429, 557282.317999999970198 ], [ 540097.792000000015832, 557286.449000000022352 ], [ 540094.21999999997206, 557296.567999999970198 ], [ 540091.984000000054948, 557305.275999999954365 ], [ 540133.567000000039116, 557301.479000000050291 ], [ 540179.820000000065193, 557292.439000000013039 ], [ 540233.866000000038184, 557278.831 ], [ 540253.057000000029802, 557273.702000000048429 ], [ 540249.557999999960884, 557266.802000000025146 ] ] ] } },
{ "type": "Feature", "properties": { "fid": 2356686, "crop": "mustard" }, "geometry": { "type": "Polygon", "coordinates": [ [ [ 557880.937000000034459, 561210.495 ], [ 557835.969000000040978, 561197.797999999951571 ], [ 557811.87699999997858, 561190.523999999975786 ], [ 557772.609000000054948, 561181.920999999972992 ], [ 557726.984000000054948, 561177.495 ], [ 557684.606000000028871, 561174.152 ], [ 557683.267, 561144.75 ], [ 557666.652, 561154.400999999954365 ], [ 557652.863000000012107, 561159.508999999961816 ], [ 557624.843, 561159.270999999949709 ], [ 557576.429, 561152.27800000004936 ], [ 557563.123999999952503, 561151.738000000012107 ], [ 557562.572999999974854, 561224.104999999981374 ], [ 557637.816, 561226.224999999976717 ], [ 557682.751000000047497, 561224.278999999980442 ], [ 557711.719000000040978, 561223.699000000022352 ], [ 557739.728, 561223.957000000053085 ], [ 557763.770999999949709, 561225.582000000053085 ], [ 557789.466999999945983, 561228.723 ], [ 557833.709000000031665, 561236.376000000047497 ], [ 557883.718, 561244.623999999952503 ], [ 557913.792000000015832, 561250.462000000057742 ], [ 557935.371000000042841, 561256.888999999966472 ], [ 557950.366999999969266, 561262.145999999949709 ], [ 557958.572999999974854, 561251.64000000001397 ], [ 557928.381999999983236, 561230.692000000039116 ], [ 557880.937000000034459, 561210.495 ] ] ] } },
{ "type": "Feature", "properties": { "fid": 2057944, "crop": "mustard" }, "geometry": { "type": "Polygon", "coordinates": [ [ [ 559543.17000000004191, 553240.393000000040047 ], [ 559543.817000000039116, 553266.290999999968335 ], [ 559543.299, 553291.702000000048429 ], [ 559543.976000000024214, 553330.025999999954365 ], [ 559545.908999999985099, 553355.48499999998603 ], [ 559547.486000000033528, 553365.996999999973923 ], [ 559568.839000000036322, 553454.574999999953434 ], [ 559573.226999999955297, 553468.966999999945983 ], [ 559578.23699999996461, 553475.060999999986961 ], [ 559589.312000000034459, 553481.599999999976717 ], [ 559598.09499999997206, 553482.907 ], [ 559600.677999999956228, 553479.052999999956228 ], [ 559600.853, 553473.03000000002794 ], [ 559602.478, 553470.726999999955297 ], [ 559603.788999999989755, 553465.702999999979511 ], [ 559602.591000000014901, 553457.824000000022352 ], [ 559597.450000000069849, 553422.743000000016764 ], [ 559592.587999999988824, 553392.336000000010245 ], [ 559588.797999999951571, 553342.951 ], [ 559583.113000000012107, 553323.797000000020489 ], [ 559574.162000000011176, 553296.930999999982305 ], [ 559572.523999999975786, 553266.221000000019558 ], [ 559569.571, 553237.669 ], [ 559571.466000000014901, 553224.12699999997858 ], [ 559571.87300000002142, 553209.096000000019558 ], [ 559570.365, 553181.767 ], [ 559562.935000000055879, 553177.407 ], [ 559543.417000000015832, 553169.24800000002142 ], [ 559543.601000000024214, 553214.278999999980442 ], [ 559543.17000000004191, 553240.393000000040047 ] ] ] } },
{ "type": "Feature", "properties": { "fid": 2509615, "crop": "pasture_meadow_grassland_grass" }, "geometry": { "type": "Polygon", "coordinates": [ [ [ 532274.040000000037253, 564395.440000000060536 ], [ 532187.849999999976717, 564413.378999999957159 ], [ 532215.723, 564430.505 ], [ 532222.354999999981374, 564434.099999999976717 ], [ 532248.288999999989755, 564429.469000000040978 ], [ 532294.385, 564422.165999999968335 ], [ 532303.88800000003539, 564421.245 ], [ 532302.267, 564389.569000000017695 ], [ 532274.040000000037253, 564395.440000000060536 ] ] ] } },
{ "type": "Feature", "properties": { "fid": 1931860, "crop": "pasture_meadow_grassland_grass" }, "geometry": { "type": "Polygon", "coordinates": [ [ [ 498735.436999999976251, 502165.131 ], [ 498757.197999999974854, 502151.628000000026077 ], [ 498770.25199999997858, 502143.477000000013504 ], [ 498772.290000000037253, 502142.157 ], [ 498784.76500000001397, 502133.927000000025146 ], [ 498800.885, 502120.797000000020489 ], [ 498802.715000000025611, 502119.457 ], [ 498809.61099999997532, 502113.947999999974854 ], [ 498816.996999999973923, 502108.628000000026077 ], [ 498825.424, 502104.047000000020489 ], [ 498834.25, 502101.055999999982305 ], [ 498841.326, 502099.775000000023283 ], [ 498843.525000000023283, 502099.565 ], [ 498851.444000000017695, 502099.973 ], [ 498861.470000000030268, 502102.488000000012107 ], [ 498871.927000000025146, 502106.206 ], [ 498874.507999999972526, 502107.215000000025611 ], [ 498887.244, 502113.044999999983702 ], [ 498896.651000000012573, 502115.767999999981839 ], [ 498908.809, 502117.391 ], [ 498914.726000000024214, 502115.702 ], [ 498912.504000000015367, 502108.885 ], [ 498912.625, 502108.455000000016298 ], [ 498899.136, 502093.232000000018161 ], [ 498883.927000000025146, 502081.85999999998603 ], [ 498859.892, 502064.032 ], [ 498845.803000000014435, 502054.299999999988358 ], [ 498825.152, 502055.003000000026077 ], [ 498735.186999999976251, 502121.353 ], [ 498736.311999999976251, 502140.228 ], [ 498734.128000000026077, 502161.541000000026543 ], [ 498735.436999999976251, 502165.131 ] ] ] } },
{ "type": "Feature", "properties": { "fid": 202685, "crop": "pasture_meadow_grassland_grass" }, "geometry": { "type": "Polygon", "coordinates": [ [ [ 541718.932000000029802, 519619.044999999983702 ], [ 541694.432000000029802, 519623.222 ], [ 541685.788999999989755, 519625.173 ], [ 541634.699000000022352, 519635.220000000030268 ], [ 541639.160000000032596, 519642.370999999984633 ], [ 541642.028999999980442, 519647.614 ], [ 541643.150999999954365, 519650.290000000037253 ], [ 541645.755, 519660.444000000017695 ], [ 541650.875, 519659.026000000012573 ], [ 541691.15300000004936, 519652.657 ], [ 541707.527, 519650.392 ], [ 541731.792999999946915, 519646.891 ], [ 541749.746000000042841, 519615.246999999973923 ], [ 541736.373999999952503, 519617.273999999975786 ], [ 541718.932000000029802, 519619.044999999983702 ] ] ] } },
{ "type": "Feature", "properties": { "fid": 1950601, "crop": "pasture_meadow_grassland_grass" }, "geometry": { "type": "Polygon", "coordinates": [ [ [ 520170.168, 544596.518000000040047 ], [ 520173.657, 544602.246000000042841 ], [ 520182.01, 544615.856000000028871 ], [ 520239.009000000020023, 544597.63800000003539 ], [ 520262.744, 544589.993999999947846 ], [ 520293.175999999977648, 544578.881000000052154 ], [ 520294.841000000014901, 544585.537000000011176 ], [ 520296.177000000025146, 544596.393000000040047 ], [ 520334.24, 544587.660000000032596 ], [ 520381.305, 544576.621000000042841 ], [ 520403.522999999986496, 544570.837000000057742 ], [ 520415.75, 544566.895000000018626 ], [ 520437.049, 544557.718 ], [ 520423.087999999988824, 544526.593 ], [ 520383.488000000012107, 544542.040000000037253 ], [ 520342.87300000002142, 544556.932000000029802 ], [ 520291.420999999972992, 544574.577999999979511 ], [ 520288.657, 544564.560999999986961 ], [ 520286.005, 544553.001000000047497 ], [ 520283.034999999974389, 544547.935000000055879 ], [ 520221.974999999976717, 544562.959999999962747 ], [ 520159.642, 544579.098 ], [ 520170.168, 544596.518000000040047 ] ] ] } },
{ "type": "Feature", "properties": { "fid": 584799, "crop": "pasture_meadow_grassland_grass" }, "geometry": { "type": "Polygon", "coordinates": [ [ [ 510828.691999999980908, 530701.648999999975786 ], [ 510836.571999999985565, 530761.919 ], [ 510845.340000000025611, 530811.424 ], [ 510848.754000000015367, 530836.032 ], [ 510850.262999999977183, 530838.025999999954365 ], [ 510852.879000000015367, 530839.018999999971129 ], [ 510856.007999999972526, 530838.734000000054948 ], [ 510859.706, 530836.743000000016764 ], [ 510864.24900000001071, 530830.670999999972992 ], [ 510867.387999999977183, 530818.535999999963678 ], [ 510869.237000000022817, 530803.599999999976717 ], [ 510869.212, 530786.067999999970198 ], [ 510861.663, 530717.942000000039116 ], [ 510858.587999999988824, 530700.307000000029802 ], [ 510866.481000000028871, 530676.199999999953434 ], [ 510869.152, 530670.952999999979511 ], [ 510874.071999999985565, 530668.353 ], [ 510879.418, 530650.511999999987893 ], [ 510893.471000000019558, 530609.805000000051223 ], [ 510887.656000000017229, 530601.052999999956228 ], [ 510873.041000000026543, 530598.008000000030734 ], [ 510854.730000000039581, 530587.057000000029802 ], [ 510846.580000000016298, 530601.49800000002142 ], [ 510838.103, 530630.90300000004936 ], [ 510830.281000000017229, 530647.680000000051223 ], [ 510827.924999999988358, 530653.84499999997206 ], [ 510826.146, 530670.986000000033528 ], [ 510826.243000000016764, 530678.150999999954365 ], [ 510828.691999999980908, 530701.648999999975786 ] ] ] } },
{ "type": "Feature", "properties": { "fid": 2098074, "crop": "pasture_meadow_grassland_grass" }, "geometry": { "type": "Polygon", "coordinates": [ [ [ 529435.057999999960884, 565348.321 ], [ 529465.324999999953434, 565353.836000000010245 ], [ 529465.321, 565353.795999999972992 ], [ 529509.044, 565369.152 ], [ 529563.613999999943189, 565390.631999999983236 ], [ 529566.320000000065193, 565385.241000000038184 ], [ 529576.180000000051223, 565374.13 ], [ 529578.924, 565371.147 ], [ 529580.939000000013039, 565367.054 ], [ 529579.533999999985099, 565363.584999999962747 ], [ 529570.645999999949709, 565373.055999999982305 ], [ 529557.09499999997206, 565379.03000000002794 ], [ 529550.684, 565376.116000000038184 ], [ 529540.775999999954365, 565367.956 ], [ 529522.562000000034459, 565357.611000000033528 ], [ 529513.674, 565358.48499999998603 ], [ 529506.533999999985099, 565350.761999999987893 ], [ 529507.554, 565346.245 ], [ 529514.26500000001397, 565336.954000000027008 ], [ 529516.158999999985099, 565333.035000000032596 ], [ 529518.233, 565325.97199999995064 ], [ 529520.586000000010245, 565319.853 ], [ 529524.562999999965541, 565313.832999999984168 ], [ 529512.216999999945983, 565321.329000000027008 ], [ 529509.361000000033528, 565327.687000000034459 ], [ 529506.09699999995064, 565328.76 ], [ 529504.057000000029802, 565333.85999999998603 ], [ 529504.01300000003539, 565341.552999999956228 ], [ 529470.398999999975786, 565353.385 ], [ 529465.881999999983236, 565342.020000000018626 ], [ 529460.782, 565330.072000000043772 ], [ 529464.525000000023283, 565299.155999999959022 ], [ 529467.633000000030734, 565280.562000000034459 ], [ 529455.724999999976717, 565279.005 ], [ 529447.462000000057742, 565298.854000000050291 ], [ 529439.653999999980442, 565323.368999999947846 ], [ 529438.153999999980442, 565334.10999999998603 ], [ 529435.057999999960884, 565348.321 ] ] ] } },
{ "type": "Feature", "properties": { "fid": 648499, "crop": "pasture_meadow_grassland_grass" }, "geometry": { "type": "Polygon", "coordinates": [ [ [ 523177.433000000019092, 505151.970000000030268 ], [ 523171.468, 505156.005 ], [ 523159.362000000022817, 505163.022999999986496 ], [ 523140.603, 505172.558000000019092 ], [ 523097.021, 505199.189000000013039 ], [ 523063.101000000024214, 505225.101000000024214 ], [ 523040.006, 505245.537000000011176 ], [ 523024.967, 505258.413 ], [ 523014.065, 505268.934 ], [ 523002.923, 505279.875 ], [ 522956.657, 505321.470000000030268 ], [ 522949.699000000022352, 505333.480000000039581 ], [ 522944.114, 505348.929 ], [ 522943.548, 505360.201 ], [ 522944.038999999989755, 505372.047000000020489 ], [ 522944.685999999986961, 505374.061999999976251 ], [ 522965.319000000017695, 505353.206 ], [ 522993.521, 505329.157 ], [ 523030.935999999986961, 505298.993000000016764 ], [ 523110.489, 505233.961000000010245 ], [ 523129.705000000016298, 505220.386 ], [ 523194.658, 505180.185999999986961 ], [ 523177.433000000019092, 505151.970000000030268 ] ] ] } },
{ "type": "Feature", "properties": { "fid": 2094046, "crop": "pasture_meadow_grassland_grass" }, "geometry": { "type": "Polygon", "coordinates": [ [ [ 527591.98699999996461, 523785.848 ], [ 527603.192999999970198, 523802.113000000012107 ], [ 527608.640999999945052, 523808.572999999974854 ], [ 527614.165999999968335, 523813.708999999973457 ], [ 527621.949000000022352, 523818.223 ], [ 527630.432000000029802, 523821.413999999989755 ], [ 527638.214000000036322, 523823.048 ], [ 527653.778999999980442, 523823.982000000018161 ], [ 527655.256999999983236, 523823.982000000018161 ], [ 527658.37, 523823.359 ], [ 527662.261000000056811, 523823.903999999980442 ], [ 527665.140999999945052, 523826.783 ], [ 527674.246000000042841, 523827.327999999979511 ], [ 527691.327999999979511, 523826.918 ], [ 527697.447999999974854, 523824.564000000013039 ], [ 527701.449999999953434, 523821.033 ], [ 527704.441, 523817.833999999973457 ], [ 527708.040999999968335, 523810.205000000016298 ], [ 527657.67000000004191, 523811.063000000023749 ], [ 527641.560000000055879, 523810.907 ], [ 527639.302999999956228, 523810.129000000015367 ], [ 527627.006999999983236, 523802.503000000026077 ], [ 527612.765999999945052, 523793.474999999976717 ], [ 527599.457999999984168, 523783.047000000020489 ], [ 527593.777, 523784.603 ], [ 527591.98699999996461, 523785.848 ] ], [ [ 527649.886999999987893, 523816.588999999978114 ], [ 527651.055000000051223, 523816.354999999981374 ], [ 527651.755, 523816.900000000023283 ], [ 527651.832999999984168, 523818.145000000018626 ], [ 527650.121000000042841, 523818.533999999985099 ], [ 527649.49800000002142, 523817.600000000034925 ], [ 527649.886999999987893, 523816.588999999978114 ] ], [ [ 527655.101000000024214, 523820.245999999984633 ], [ 527656.814000000013039, 523817.600000000034925 ], [ 527658.758999999961816, 523817.132999999972526 ], [ 527662.02800000004936, 523817.288999999989755 ], [ 527665.452000000048429, 523817.989 ], [ 527666.697000000043772, 523819.311999999976251 ], [ 527666.542000000015832, 523820.402 ], [ 527665.140999999945052, 523821.102000000013504 ], [ 527661.483, 523821.336000000010245 ], [ 527655.412999999942258, 523821.102000000013504 ], [ 527655.101000000024214, 523820.245999999984633 ] ] ] } },
{ "type": "Feature", "properties": { "fid": 471115, "crop": "pasture_meadow_grassland_grass" }, "geometry": { "type": "Polygon", "coordinates": [ [ [ 519720.069000000017695, 515646.213999999978114 ], [ 519728.23599999997532, 515648.596000000019558 ], [ 519740.669999999983702, 515653.670999999972992 ], [ 519766.51400000002468, 515670.202 ], [ 519767.875, 515664.24800000002142 ], [ 519785.51500000001397, 515607.350000000034925 ], [ 519785.634000000020023, 515593.25 ], [ 519785.993000000016764, 515587.51500000001397 ], [ 519787.697999999974854, 515567.544999999983702 ], [ 519787.778999999980442, 515567.007999999972526 ], [ 519763.305, 515546.767 ], [ 519748.577, 515534.064000000013039 ], [ 519738.919, 515567.196999999985565 ], [ 519731.745, 515599.104999999981374 ], [ 519720.069000000017695, 515646.213999999978114 ] ] ] } },
{ "type": "Feature", "properties": { "fid": 955678, "crop": "pasture_meadow_grassland_grass" }, "geometry": { "type": "Polygon", "coordinates": [ [ [ 537567.743000000016764, 541168.177000000025146 ], [ 537494.354999999981374, 541189.145000000018626 ], [ 537455.839000000036322, 541202.104000000050291 ], [ 537470.025000000023283, 541270.305000000051223 ], [ 537606.302999999956228, 541225.819000000017695 ], [ 537591.006000000052154, 541178.643999999971129 ], [ 537586.052000000025146, 541165.366999999969266 ], [ 537585.0, 541162.84499999997206 ], [ 537567.743000000016764, 541168.177000000025146 ] ] ] } },
{ "type": "Feature", "properties": { "fid": 2110566, "crop": "pasture_meadow_grassland_grass" }, "geometry": { "type": "Polygon", "coordinates": [ [ [ 546462.474000000045635, 504725.771 ], [ 546470.812000000034459, 504727.965000000025611 ], [ 546522.300000000046566, 504738.204000000027008 ], [ 546529.028999999980442, 504737.18 ], [ 546539.988999999943189, 504737.18 ], [ 546552.14000000001397, 504737.033999999985099 ], [ 546560.631000000052154, 504739.593999999982771 ], [ 546572.47199999995064, 504740.691 ], [ 546587.246000000042841, 504740.397999999986496 ], [ 546608.309, 504742.885 ], [ 546619.718, 504744.931999999971595 ], [ 546621.163999999989755, 504745.207999999984168 ], [ 546671.057999999960884, 504754.222 ], [ 546688.466999999945983, 504757.218999999982771 ], [ 546700.606999999959953, 504759.56 ], [ 546723.28000000002794, 504766.727000000013504 ], [ 546773.598, 504779.452999999979511 ], [ 546795.667999999946915, 504785.892 ], [ 546812.856000000028871, 504794.410000000032596 ], [ 546823.184, 504797.199000000022352 ], [ 546845.572999999974854, 504802.401000000012573 ], [ 546870.072999999974854, 504807.602000000013504 ], [ 546882.135, 504809.864 ], [ 546891.935000000055879, 504811.598 ], [ 546904.824999999953434, 504813.632999999972526 ], [ 546911.233, 504810.995 ], [ 546904.523999999975786, 504810.542000000015832 ], [ 546892.915000000037253, 504809.034999999974389 ], [ 546883.567000000039116, 504807.300999999977648 ], [ 546851.00199999997858, 504800.93 ], [ 546829.817999999970198, 504796.218999999982771 ], [ 546818.211000000010245, 504793.348999999987427 ], [ 546808.410999999963678, 504789.400000000023283 ], [ 546790.427999999956228, 504780.50099999998929 ], [ 546782.113999999943189, 504777.174999999988358 ], [ 546769.648000000044703, 504771.847 ], [ 546755.270999999949709, 504766.24800000002142 ], [ 546734.841999999945983, 504760.071999999985565 ], [ 546711.799, 504754.608 ], [ 546689.783000000054017, 504750.197999999974854 ], [ 546664.76500000001397, 504746.055999999982305 ], [ 546635.73499999998603, 504742.653999999980442 ], [ 546568.321, 504732.516 ], [ 546532.339000000036322, 504728.813000000023749 ], [ 546494.65500000002794, 504723.283999999985099 ], [ 546469.827000000048429, 504718.268999999971129 ], [ 546462.474000000045635, 504725.771 ] ] ] } },
{ "type": "Feature", "properties": { "fid": 1634784, "crop": "pasture_meadow_grassland_grass" }, "geometry": { "type": "Polygon", "coordinates": [ [ [ 507126.566999999980908, 511212.987000000022817 ], [ 507130.020000000018626, 511235.788 ], [ 507127.434, 511249.865 ], [ 507135.284999999974389, 511250.37599999998929 ], [ 507147.368000000016764, 511250.233 ], [ 507152.670999999972992, 511255.042000000015832 ], [ 507152.548, 511264.907 ], [ 507153.781000000017229, 511275.759000000020023 ], [ 507149.465000000025611, 511286.487000000022817 ], [ 507144.408999999985099, 511304.490999999979977 ], [ 507136.902, 511317.548 ], [ 507127.962999999988824, 511323.73599999997532 ], [ 507126.511999999987893, 511327.397999999986496 ], [ 507135.900000000023283, 511320.521 ], [ 507138.737000000022817, 511318.178000000014435 ], [ 507140.710000000020955, 511314.726000000024214 ], [ 507146.511, 511305.332 ], [ 507155.109, 511294.402 ], [ 507159.576, 511286.364 ], [ 507164.10999999998603, 511274.555999999982305 ], [ 507165.691999999980908, 511251.244 ], [ 507159.082999999984168, 511239.875 ], [ 507144.927000000025146, 511208.973999999987427 ], [ 507148.645000000018626, 511190.188000000023749 ], [ 507153.533999999985099, 511169.216000000014901 ], [ 507155.26, 511156.761999999987893 ], [ 507135.777, 511169.216000000014901 ], [ 507117.897, 511176.98499999998603 ], [ 507121.960000000020955, 511198.566999999980908 ], [ 507126.566999999980908, 511212.987000000022817 ] ] ] } },
{ "type": "Feature", "properties": { "fid": 191042, "crop": "pasture_meadow_grassland_grass" }, "geometry": { "type": "Polygon", "coordinates": [ [ [ 537695.755, 542801.863000000012107 ], [ 537690.018999999971129, 542756.432999999960884 ], [ 537687.954000000027008, 542740.371999999973923 ], [ 537671.726999999955297, 542671.405999999959022 ], [ 537645.98699999996461, 542675.974000000045635 ], [ 537656.005, 542726.444000000017695 ], [ 537660.464999999967404, 542758.087000000057742 ], [ 537667.505, 542803.59499999997206 ], [ 537672.481000000028871, 542838.375 ], [ 537699.976000000024214, 542839.008000000030734 ], [ 537695.755, 542801.863000000012107 ] ] ] } },
{ "type": "Feature", "properties": { "fid": 843716, "crop": "pasture_meadow_grassland_grass" }, "geometry": { "type": "Polygon", "coordinates": [ [ [ 524969.78000000002794, 520508.044999999983702 ], [ 524963.268000000040047, 520526.201 ], [ 524944.017, 520518.802000000025146 ], [ 524946.577999999979511, 520508.648999999975786 ], [ 524943.386000000056811, 520507.484 ], [ 524945.283999999985099, 520496.098999999987427 ], [ 524951.709999999962747, 520497.348999999987427 ], [ 524956.712000000057742, 520484.712999999988824 ], [ 524953.564000000013039, 520481.867000000027474 ], [ 524951.331, 520480.729 ], [ 524934.724000000045635, 520479.487000000022817 ], [ 524927.892, 520488.419999999983702 ], [ 524917.907, 520499.718999999982771 ], [ 524914.939000000013039, 520505.536000000021886 ], [ 524909.229999999981374, 520513.87699999997858 ], [ 524914.378000000026077, 520515.313000000023749 ], [ 524923.569000000017695, 520525.136999999987893 ], [ 524927.343, 520528.53000000002794 ], [ 524929.24, 520532.153 ], [ 524930.177000000025146, 520541.606000000028871 ], [ 524945.049, 520543.947999999974854 ], [ 524959.300000000046566, 520541.166000000026543 ], [ 524966.675000000046566, 520532.886 ], [ 524968.140999999945052, 520524.217 ], [ 524973.187000000034459, 520524.691999999980908 ], [ 524977.84499999997206, 520510.158 ], [ 524969.78000000002794, 520508.044999999983702 ] ] ] } },
{ "type": "Feature", "properties": { "fid": 1664583, "crop": "pasture_meadow_grassland_grass" }, "geometry": { "type": "Polygon", "coordinates": [ [ [ 516261.230000000039581, 537738.451 ], [ 516308.935, 537809.351999999955297 ], [ 516320.891, 537823.224999999976717 ], [ 516344.207, 537848.777 ], [ 516356.696999999985565, 537862.540000000037253 ], [ 516366.222, 537873.337000000057742 ], [ 516369.131, 537874.670999999972992 ], [ 516377.425999999977648, 537880.165000000037253 ], [ 516386.759000000020023, 537874.687000000034459 ], [ 516354.917000000015832, 537838.738999999943189 ], [ 516332.00199999997858, 537813.606999999959953 ], [ 516319.805, 537800.302000000025146 ], [ 516314.631, 537784.77800000004936 ], [ 516306.5, 537764.451 ], [ 516297.629000000015367, 537747.07999999995809 ], [ 516285.063000000023749, 537722.317000000039116 ], [ 516278.467, 537706.76300000003539 ], [ 516261.230000000039581, 537738.451 ] ] ] } },
{ "type": "Feature", "properties": { "fid": 232712, "crop": "pasture_meadow_grassland_grass" }, "geometry": { "type": "Polygon", "coordinates": [ [ [ 527587.050999999977648, 565312.868999999947846 ], [ 527616.665000000037253, 565276.787999999942258 ], [ 527627.366000000038184, 565262.966000000014901 ], [ 527629.26, 565258.618999999947846 ], [ 527626.939000000013039, 565227.827000000048429 ], [ 527624.925999999977648, 565242.290999999968335 ], [ 527622.959000000031665, 565260.53000000002794 ], [ 527598.351000000024214, 565292.01300000003539 ], [ 527584.949000000022352, 565307.892 ], [ 527584.716999999945983, 565307.736000000033528 ], [ 527587.022, 565312.881999999983236 ], [ 527586.444999999948777, 565311.491999999969266 ], [ 527587.050999999977648, 565312.868999999947846 ] ] ] } },
{ "type": "Feature", "properties": { "fid": 229819, "crop": "pasture_meadow_grassland_grass" }, "geometry": { "type": "Polygon", "coordinates": [ [ [ 530096.554, 521357.218999999982771 ], [ 530106.797999999951571, 521377.256999999983236 ], [ 530143.848, 521379.929 ], [ 530172.076, 521383.042000000015832 ], [ 530234.162000000011176, 521398.215000000025611 ], [ 530235.919, 521396.396 ], [ 530222.351000000024214, 521383.636 ], [ 530205.728, 521371.596000000019558 ], [ 530194.62699999997858, 521365.919 ], [ 530182.177999999956228, 521361.87 ], [ 530169.246999999973923, 521359.016 ], [ 530152.444000000017695, 521358.028 ], [ 530119.647, 521356.050999999977648 ], [ 530096.554, 521357.218999999982771 ] ] ] } },
{ "type": "Feature", "properties": { "fid": 659600, "crop": "pasture_meadow_grassland_grass" }, "geometry": { "type": "Polygon", "coordinates": [ [ [ 552180.089999999967404, 536366.756000000052154 ], [ 552199.091000000014901, 536394.555000000051223 ], [ 552206.63800000003539, 536405.547000000020489 ], [ 552219.081, 536397.142 ], [ 552207.277, 536379.908999999985099 ], [ 552197.01, 536362.042999999946915 ], [ 552180.089999999967404, 536366.756000000052154 ] ] ] } },
{ "type": "Feature", "properties": { "fid": 1535142, "crop": "pasture_meadow_grassland_grass" }, "geometry": { "type": "Polygon", "coordinates": [ [ [ 526689.481999999959953, 525257.827000000048429 ], [ 526729.14000000001397, 525272.177999999956228 ], [ 526735.429, 525274.535000000032596 ], [ 526752.356999999959953, 525281.020000000018626 ], [ 526776.099999999976717, 525302.125 ], [ 526781.881000000052154, 525307.474999999976717 ], [ 526812.067000000039116, 525327.800999999977648 ], [ 526831.667000000015832, 525327.912999999942258 ], [ 526844.38, 525328.356999999959953 ], [ 526859.748999999952503, 525327.515999999945052 ], [ 526869.532, 525324.658000000054017 ], [ 526871.152, 525319.359000000054948 ], [ 526867.316, 525309.160000000032596 ], [ 526867.07999999995809, 525299.70499999995809 ], [ 526878.327000000048429, 525274.160999999963678 ], [ 526883.488000000012107, 525250.537000000011176 ], [ 526880.908000000054017, 525243.986000000033528 ], [ 526897.305000000051223, 525242.856999999959953 ], [ 526912.95499999995809, 525245.76300000003539 ], [ 526938.996999999973923, 525242.65500000002794 ], [ 526937.782, 525225.152 ], [ 526888.018000000040047, 525212.337999999988824 ], [ 526874.669, 525233.770000000018626 ], [ 526868.52800000004936, 525245.417999999946915 ], [ 526863.040999999968335, 525244.383000000030734 ], [ 526856.49, 525247.162000000011176 ], [ 526851.327999999979511, 525267.013999999966472 ], [ 526846.988999999943189, 525279.883000000030734 ], [ 526835.437999999965541, 525287.915000000037253 ], [ 526825.437999999965541, 525292.01300000003539 ], [ 526810.064999999944121, 525293.441 ], [ 526797.398999999975786, 525286.074999999953434 ], [ 526788.081, 525275.084000000031665 ], [ 526786.542000000015832, 525251.780999999959022 ], [ 526790.633000000030734, 525244.511999999987893 ], [ 526798.633000000030734, 525234.633999999961816 ], [ 526812.702999999979511, 525224.631000000052154 ], [ 526829.381999999983236, 525219.819000000017695 ], [ 526829.979999999981374, 525197.533999999985099 ], [ 526830.768000000040047, 525179.621999999973923 ], [ 526824.814000000013039, 525176.636999999987893 ], [ 526823.067000000039116, 525174.542999999946915 ], [ 526821.138999999966472, 525171.582999999984168 ], [ 526821.574000000022352, 525165.184 ], [ 526826.344000000040978, 525149.636000000056811 ], [ 526761.908000000054017, 525134.437000000034459 ], [ 526759.981999999959953, 525173.067999999970198 ], [ 526760.263999999966472, 525173.167000000015832 ], [ 526758.557999999960884, 525194.314999999944121 ], [ 526758.393999999971129, 525211.199000000022352 ], [ 526759.37699999997858, 525222.018000000040047 ], [ 526760.361000000033528, 525230.378000000026077 ], [ 526762.799, 525239.690000000060536 ], [ 526769.834000000031665, 525255.408999999985099 ], [ 526790.542999999946915, 525291.329000000027008 ], [ 526796.104999999981374, 525301.135 ], [ 526778.628000000026077, 525300.035999999963678 ], [ 526754.775000000023283, 525280.140999999945052 ], [ 526732.131000000052154, 525269.697999999974854 ], [ 526720.040000000037253, 525265.082000000053085 ], [ 526714.214000000036322, 525236.282 ], [ 526712.015999999945052, 525204.625 ], [ 526712.895000000018626, 525170.660000000032596 ], [ 526699.72199999995064, 525169.826 ], [ 526695.74800000002142, 525180.991999999969266 ], [ 526689.591999999945983, 525226.829000000027008 ], [ 526688.603, 525250.792000000015832 ], [ 526689.481999999959953, 525257.827000000048429 ] ] ] } },
{ "type": "Feature", "properties": { "fid": 1220756, "crop": "pasture_meadow_grassland_grass" }, "geometry": { "type": "Polygon", "coordinates": [ [ [ 552551.003999999957159, 515275.433000000019092 ], [ 552550.143000000040047, 515297.34499999997206 ], [ 552589.672000000020489, 515306.482000000018161 ], [ 552588.812999999965541, 515289.071 ], [ 552587.761000000056811, 515284.663999999989755 ], [ 552584.780999999959022, 515282.720000000030268 ], [ 552575.712000000057742, 515279.87 ], [ 552551.003999999957159, 515275.433000000019092 ] ] ] } },
{ "type": "Feature", "properties": { "fid": 1995831, "crop": "pasture_meadow_grassland_grass" }, "geometry": { "type": "Polygon", "coordinates": [ [ [ 525794.506000000052154, 536929.782 ], [ 525824.728, 536930.658999999985099 ], [ 525858.312000000034459, 536932.297000000020489 ], [ 525887.929, 536936.898000000044703 ], [ 525935.37, 536947.319000000017695 ], [ 525969.366999999969266, 536958.344000000040978 ], [ 526000.62, 536970.756999999983236 ], [ 526042.15500000002794, 536981.979999999981374 ], [ 526074.87699999997858, 536988.287000000011176 ], [ 526076.761000000056811, 536972.699000000022352 ], [ 526072.412999999942258, 536967.65300000004936 ], [ 526044.822999999974854, 536963.280999999959022 ], [ 526016.937999999965541, 536956.412999999942258 ], [ 525990.371000000042841, 536946.34499999997206 ], [ 525964.052000000025146, 536934.081 ], [ 525941.712000000057742, 536927.189000000013039 ], [ 525894.033999999985099, 536917.48499999998603 ], [ 525888.180999999982305, 536919.032 ], [ 525886.626000000047497, 536919.131999999983236 ], [ 525886.086000000010245, 536916.751000000047497 ], [ 525850.785000000032596, 536913.873999999952503 ], [ 525823.280999999959022, 536913.067000000039116 ], [ 525798.941, 536912.148999999975786 ], [ 525794.506000000052154, 536929.782 ] ], [ [ 525802.949000000022352, 536922.283999999985099 ], [ 525802.356000000028871, 536919.912999999942258 ], [ 525803.937000000034459, 536918.59499999997206 ], [ 525809.734000000054948, 536918.462999999988824 ], [ 525816.322999999974854, 536919.386000000056811 ], [ 525818.496999999973923, 536920.966999999945983 ], [ 525817.903999999980442, 536922.87699999997858 ], [ 525815.927000000025146, 536923.996999999973923 ], [ 525809.01, 536923.601999999955297 ], [ 525802.949000000022352, 536922.283999999985099 ] ] ] } },
{ "type": "Feature", "properties": { "fid": 2512711, "crop": "pasture_meadow_grassland_grass" }, "geometry": { "type": "Polygon", "coordinates": [ [ [ 532152.185999999986961, 541063.542999999946915 ], [ 532142.770000000018626, 541068.216000000014901 ], [ 532137.267, 541070.662000000011176 ], [ 532111.564999999944121, 541083.430000000051223 ], [ 532100.446, 541088.910000000032596 ], [ 532082.704000000027008, 541096.684 ], [ 532049.209000000031665, 541112.778999999980442 ], [ 532052.148000000044703, 541115.38 ], [ 532069.273999999975786, 541142.081 ], [ 532071.417000000015832, 541144.34699999995064 ], [ 532099.48699999996461, 541144.403999999980442 ], [ 532102.984000000054948, 541140.723 ], [ 532156.189000000013039, 541079.515999999945052 ], [ 532158.844000000040978, 541081.952999999979511 ], [ 532160.302000000025146, 541086.172000000020489 ], [ 532154.805999999982305, 541097.059 ], [ 532139.831, 541123.731000000028871 ], [ 532150.650999999954365, 541129.346000000019558 ], [ 532179.821, 541082.474999999976717 ], [ 532166.496999999973923, 541073.902 ], [ 532152.185999999986961, 541063.542999999946915 ] ] ] } },
{ "type": "Feature", "properties": { "fid": 1816739, "crop": "pasture_meadow_grassland_grass" }, "geometry": { "type": "Polygon", "coordinates": [ [ [ 539530.689000000013039, 503250.14000000001397 ], [ 539558.915000000037253, 503309.636 ], [ 539578.701, 503348.108 ], [ 539594.542000000015832, 503381.919 ], [ 539611.540000000037253, 503417.092 ], [ 539642.299, 503483.115999999979977 ], [ 539656.084999999962747, 503513.208999999973457 ], [ 539675.919, 503556.663999999989755 ], [ 539696.690000000060536, 503555.259000000020023 ], [ 539709.231000000028871, 503553.711000000010245 ], [ 539722.390999999945052, 503552.936999999976251 ], [ 539728.816, 503555.337 ], [ 539744.40300000004936, 503553.26400000002468 ], [ 539735.712999999988824, 503537.212999999988824 ], [ 539726.653999999980442, 503523.981000000028871 ], [ 539716.761000000056811, 503513.208999999973457 ], [ 539708.910999999963678, 503501.142999999981839 ], [ 539701.216999999945983, 503486.194000000017695 ], [ 539700.712999999988824, 503478.033999999985099 ], [ 539698.954000000027008, 503470.340000000025611 ], [ 539674.11199999996461, 503426.152 ], [ 539623.680000000051223, 503330.37699999997858 ], [ 539608.003999999957159, 503307.462999999988824 ], [ 539579.14000000001397, 503284.574000000022352 ], [ 539557.440000000060536, 503267.452 ], [ 539548.866999999969266, 503260.636999999987893 ], [ 539540.731999999959953, 503254.042000000015832 ], [ 539535.172000000020489, 503247.86099999997532 ], [ 539530.689000000013039, 503250.14000000001397 ] ] ] } },
{ "type": "Feature", "properties": { "fid": 1333814, "crop": "pasture_meadow_grassland_grass" }, "geometry": { "type": "Polygon", "coordinates": [ [ [ 536163.935000000055879, 516212.294 ], [ 536239.810999999986961, 516241.461000000010245 ], [ 536240.929, 516307.981000000028871 ], [ 536229.474000000045635, 516333.914999999979045 ], [ 536246.988999999943189, 516342.672000000020489 ], [ 536259.765999999945052, 516334.776000000012573 ], [ 536279.721000000019558, 516323.865999999979977 ], [ 536266.005, 516318.86099999997532 ], [ 536269.915000000037253, 516314.168 ], [ 536291.424, 516288.74800000002142 ], [ 536173.841000000014901, 516138.650000000023283 ], [ 536163.935000000055879, 516212.294 ] ] ] } },
{ "type": "Feature", "properties": { "fid": 2098984, "crop": "pasture_meadow_grassland_grass" }, "geometry": { "type": "Polygon", "coordinates": [ [ [ 529509.447999999974854, 565657.294 ], [ 529501.90300000004936, 565666.267 ], [ 529514.172000000020489, 565677.408000000054017 ], [ 529515.863999999943189, 565683.613000000012107 ], [ 529514.598, 565696.385 ], [ 529508.412000000011176, 565696.570000000065193 ], [ 529496.089999999967404, 565686.341000000014901 ], [ 529489.094000000040978, 565685.493000000016764 ], [ 529483.351999999955297, 565691.40500000002794 ], [ 529438.716999999945983, 565684.645999999949709 ], [ 529436.812999999965541, 565689.616999999969266 ], [ 529438.674, 565692.49 ], [ 529478.466999999945983, 565709.756999999983236 ], [ 529489.633999999961816, 565706.599999999976717 ], [ 529500.331, 565706.518000000040047 ], [ 529507.190000000060536, 565702.148000000044703 ], [ 529515.532, 565704.081 ], [ 529523.057000000029802, 565704.062000000034459 ], [ 529529.826, 565704.767 ], [ 529547.057000000029802, 565712.204000000027008 ], [ 529556.761000000056811, 565718.163999999989755 ], [ 529558.770999999949709, 565725.606999999959953 ], [ 529558.87699999997858, 565730.432999999960884 ], [ 529561.837999999988824, 565730.150999999954365 ], [ 529567.196, 565727.468 ], [ 529583.979000000050291, 565729.395000000018626 ], [ 529586.746999999973923, 565735.368999999947846 ], [ 529597.238000000012107, 565739.158000000054017 ], [ 529606.562999999965541, 565750.523000000044703 ], [ 529602.452999999979511, 565765.023999999975786 ], [ 529609.697999999974854, 565772.898000000044703 ], [ 529622.996000000042841, 565758.054 ], [ 529659.037000000011176, 565782.571 ], [ 529670.407, 565791.947999999974854 ], [ 529687.464000000036322, 565804.238999999943189 ], [ 529682.554, 565815.46999999997206 ], [ 529688.194999999948777, 565815.187999999965541 ], [ 529691.802999999956228, 565803.99800000002142 ], [ 529697.785000000032596, 565802.214000000036322 ], [ 529703.425999999977648, 565793.753000000026077 ], [ 529702.294, 565789.427000000025146 ], [ 529699.618000000016764, 565787.971000000019558 ], [ 529699.758999999961816, 565786.42000000004191 ], [ 529700.886999999987893, 565784.726999999955297 ], [ 529700.604999999981374, 565779.790999999968335 ], [ 529700.481999999959953, 565776.949000000022352 ], [ 529698.067000000039116, 565772.317000000039116 ], [ 529692.285000000032596, 565768.368999999947846 ], [ 529688.888999999966472, 565758.682999999960884 ], [ 529692.618999999947846, 565735.660000000032596 ], [ 529703.699999999953434, 565735.495 ], [ 529703.47199999995064, 565724.935000000055879 ], [ 529703.555000000051223, 565713.652 ], [ 529703.528999999980442, 565710.451 ], [ 529703.023999999975786, 565685.493000000016764 ], [ 529701.255, 565674.912000000011176 ], [ 529694.150000000023283, 565660.37300000002142 ], [ 529681.979999999981374, 565667.272 ], [ 529667.410000000032596, 565676.97199999995064 ], [ 529657.761000000056811, 565686.897 ], [ 529659.699999999953434, 565688.51300000003539 ], [ 529655.522, 565698.942000000039116 ], [ 529651.479000000050291, 565713.256000000052154 ], [ 529646.226000000024214, 565720.706 ], [ 529652.452999999979511, 565732.685999999986961 ], [ 529657.998999999952503, 565741.343 ], [ 529655.959000000031665, 565759.410999999963678 ], [ 529650.567999999970198, 565763.782 ], [ 529639.930999999982305, 565753.0 ], [ 529643.53000000002794, 565735.799 ], [ 529634.628999999957159, 565724.42000000004191 ], [ 529631.800999999977648, 565716.297999999951571 ], [ 529626.148000000044703, 565708.76500000001397 ], [ 529617.636999999987893, 565711.763999999966472 ], [ 529604.22199999995064, 565729.17000000004191 ], [ 529592.172999999951571, 565728.258999999961816 ], [ 529565.223, 565717.459000000031665 ], [ 529564.800000000046566, 565705.613000000012107 ], [ 529579.011999999987893, 565687.694999999948777 ], [ 529563.797999999951571, 565678.476999999955297 ], [ 529540.807999999960884, 565667.571 ], [ 529526.131999999983236, 565669.363000000012107 ], [ 529509.447999999974854, 565657.294 ] ] ] } },
{ "type": "Feature", "properties": { "fid": 1179343, "crop": "pasture_meadow_grassland_grass" }, "geometry": { "type": "Polygon", "coordinates": [ [ [ 547454.26500000001397, 503319.825000000011642 ], [ 547452.650000000023283, 503287.770000000018626 ], [ 547450.988000000012107, 503255.829000000027008 ], [ 547436.11199999996461, 503258.647 ], [ 547430.317999999970198, 503263.032 ], [ 547427.047000000020489, 503272.44 ], [ 547426.106999999959953, 503281.705000000016298 ], [ 547427.969000000040978, 503299.674 ], [ 547374.415000000037253, 503312.044999999983702 ], [ 547373.162999999942258, 503363.563000000023749 ], [ 547380.631000000052154, 503359.256999999983236 ], [ 547394.34699999995064, 503353.931999999971595 ], [ 547407.741000000038184, 503350.381999999983236 ], [ 547426.136999999987893, 503347.962 ], [ 547455.998999999952503, 503346.337999999988824 ], [ 547454.26500000001397, 503319.825000000011642 ] ] ] } },
{ "type": "Feature", "properties": { "fid": 2520652, "crop": "pasture_meadow_grassland_grass" }, "geometry": { "type": "Polygon", "coordinates": [ [ [ 515805.707999999984168, 528646.09499999997206 ], [ 515808.757999999972526, 528675.72199999995064 ], [ 515838.212999999988824, 528642.503999999957159 ], [ 515828.704000000027008, 528588.241999999969266 ], [ 515826.607000000018161, 528574.26 ], [ 515801.541000000026543, 528588.091000000014901 ], [ 515803.458999999973457, 528608.314999999944121 ], [ 515805.707999999984168, 528646.09499999997206 ] ] ] } },
{ "type": "Feature", "properties": { "fid": 1920896, "crop": "pasture_meadow_grassland_grass" }, "geometry": { "type": "Polygon", "coordinates": [ [ [ 534409.893999999971129, 519420.591000000014901 ], [ 534423.392, 519407.532 ], [ 534423.204000000027008, 519407.347 ], [ 534429.143000000040047, 519390.69 ], [ 534418.672000000020489, 519390.220000000030268 ], [ 534409.893999999971129, 519420.591000000014901 ] ] ] } },
{ "type": "Feature", "properties": { "fid": 226626, "crop": "pasture_meadow_grassland_grass" }, "geometry": { "type": "Polygon", "coordinates": [ [ [ 527860.947000000043772, 562150.511999999987893 ], [ 527876.275999999954365, 562154.653999999980442 ], [ 527899.251000000047497, 562163.496999999973923 ], [ 527901.388999999966472, 562159.365 ], [ 527906.594000000040978, 562145.628999999957159 ], [ 527910.692999999970198, 562133.577000000048429 ], [ 527893.163999999989755, 562129.128999999957159 ], [ 527884.62699999997858, 562126.442999999970198 ], [ 527863.449000000022352, 562119.87300000002142 ], [ 527847.001000000047497, 562116.697000000043772 ], [ 527844.714000000036322, 562131.111000000033528 ], [ 527840.314999999944121, 562146.567999999970198 ], [ 527860.947000000043772, 562150.511999999987893 ] ] ] } },
{ "type": "Feature", "properties": { "fid": 1125820, "crop": "pasture_meadow_grassland_grass" }, "geometry": { "type": "Polygon", "coordinates": [ [ [ 554928.191, 548119.925999999977648 ], [ 554937.084999999962747, 548121.167000000015832 ], [ 554942.214999999967404, 548124.206 ], [ 554954.165000000037253, 548122.49 ], [ 554960.538999999989755, 548117.577000000048429 ], [ 554966.277, 548104.915000000037253 ], [ 554976.17000000004191, 548088.88800000003539 ], [ 554983.886000000056811, 548083.348 ], [ 554976.201, 548073.133000000030734 ], [ 554939.302999999956228, 548088.113000000012107 ], [ 554928.191, 548119.925999999977648 ] ] ] } },
{ "type": "Feature", "properties": { "fid": 1934174, "crop": "pasture_meadow_grassland_grass" }, "geometry": { "type": "Polygon", "coordinates": [ [ [ 506959.434, 513253.94 ], [ 506997.435999999986961, 513243.990999999979977 ], [ 507036.262999999977183, 513234.76500000001397 ], [ 507039.354, 513233.681999999971595 ], [ 507047.728, 513224.234 ], [ 507055.302000000025146, 513214.74 ], [ 507054.369, 513207.670999999972992 ], [ 507054.637999999977183, 513194.272 ], [ 507048.104999999981374, 513193.693000000028405 ], [ 507040.992000000027474, 513197.827999999979511 ], [ 507035.28000000002794, 513196.505 ], [ 507033.694000000017695, 513183.392999999981839 ], [ 506926.253000000026077, 513214.254000000015367 ], [ 506939.734, 513233.723999999987427 ], [ 506959.434, 513253.94 ] ] ] } },
{ "type": "Feature", "properties": { "fid": 1390555, "crop": "pasture_meadow_grassland_grass" }, "geometry": { "type": "Polygon", "coordinates": [ [ [ 529472.704000000027008, 537486.594000000040978 ], [ 529459.915000000037253, 537493.223 ], [ 529450.292000000015832, 537504.535000000032596 ], [ 529477.049, 537555.87699999997858 ], [ 529499.712999999988824, 537600.849000000045635 ], [ 529517.59499999997206, 537637.5 ], [ 529533.353, 537666.182999999960884 ], [ 529543.935000000055879, 537668.577999999979511 ], [ 529563.770999999949709, 537661.652 ], [ 529568.650999999954365, 537659.447999999974854 ], [ 529571.093, 537657.348 ], [ 529546.505, 537620.672000000020489 ], [ 529524.084000000031665, 537585.403999999980442 ], [ 529502.096000000019558, 537541.968 ], [ 529498.562000000034459, 537533.998999999952503 ], [ 529490.616999999969266, 537513.459999999962747 ], [ 529472.704000000027008, 537486.594000000040978 ] ] ] } },
{ "type": "Feature", "properties": { "fid": 1048963, "crop": "pasture_meadow_grassland_grass" }, "geometry": { "type": "Polygon", "coordinates": [ [ [ 519213.51500000001397, 524464.241000000038184 ], [ 519219.870999999984633, 524465.03000000002794 ], [ 519234.98499999998603, 524456.047999999951571 ], [ 519245.346000000019558, 524451.136000000056811 ], [ 519221.023999999975786, 524449.26500000001397 ], [ 519218.152, 524454.680999999982305 ], [ 519213.51500000001397, 524464.241000000038184 ] ] ] } },
{ "type": "Feature", "properties": { "fid": 2430529, "crop": "pasture_meadow_grassland_grass" }, "geometry": { "type": "Polygon", "coordinates": [ [ [ 512527.336000000010245, 531788.537000000011176 ], [ 512544.925999999977648, 531806.449999999953434 ], [ 512545.303000000014435, 531806.761000000056811 ], [ 512549.968999999982771, 531799.99 ], [ 512535.085000000020955, 531788.334999999962747 ], [ 512556.480000000039581, 531761.930000000051223 ], [ 512577.657, 531734.501000000047497 ], [ 512582.321999999985565, 531729.383000000030734 ], [ 512599.678000000014435, 531711.243000000016764 ], [ 512593.218999999982771, 531704.643999999971129 ], [ 512611.895000000018626, 531684.562999999965541 ], [ 512625.042000000015832, 531668.177000000025146 ], [ 512637.418, 531652.147 ], [ 512630.784999999974389, 531644.219000000040978 ], [ 512619.848999999987427, 531655.158000000054017 ], [ 512619.288999999989755, 531659.555999999982305 ], [ 512614.540000000037253, 531669.140999999945052 ], [ 512589.693000000028405, 531699.376000000047497 ], [ 512574.468999999982771, 531718.300000000046566 ], [ 512548.64000000001397, 531750.772 ], [ 512547.016, 531752.476000000024214 ], [ 512520.893999999971129, 531781.638999999966472 ], [ 512527.336000000010245, 531788.537000000011176 ] ] ] } },
{ "type": "Feature", "properties": { "fid": 458767, "crop": "pasture_meadow_grassland_grass" }, "geometry": { "type": "Polygon", "coordinates": [ [ [ 527139.185000000055879, 512182.368000000016764 ], [ 527158.011000000056811, 512178.658 ], [ 527180.707000000053085, 512179.092 ], [ 527201.640999999945052, 512185.637999999977183 ], [ 527205.167000000015832, 512181.73599999997532 ], [ 527216.214000000036322, 512160.416000000026543 ], [ 527168.454000000027008, 512163.819000000017695 ], [ 527137.785999999963678, 512166.12699999997858 ], [ 527125.87699999997858, 512158.017999999981839 ], [ 527114.777, 512166.25099999998929 ], [ 527124.848, 512173.588999999978114 ], [ 527139.185000000055879, 512182.368000000016764 ] ] ] } },
{ "type": "Feature", "properties": { "fid": 1319791, "crop": "pasture_meadow_grassland_grass" }, "geometry": { "type": "Polygon", "coordinates": [ [ [ 550594.082999999984168, 509848.884000000020023 ], [ 550536.535999999963678, 509819.207999999984168 ], [ 550516.422999999951571, 509850.586000000010245 ], [ 550575.066, 509879.601000000024214 ], [ 550618.537000000011176, 509902.310999999986961 ], [ 550641.064999999944121, 509913.433000000019092 ], [ 550642.974000000045635, 509913.683000000019092 ], [ 550649.476999999955297, 509911.009000000020023 ], [ 550655.783999999985099, 509910.693000000028405 ], [ 550698.152, 509919.255 ], [ 550703.408999999985099, 509917.836000000010245 ], [ 550690.810000000055879, 509908.603 ], [ 550667.398999999975786, 509892.060999999986961 ], [ 550629.96999999997206, 509868.088999999978114 ], [ 550594.082999999984168, 509848.884000000020023 ] ] ] } },
{ "type": "Feature", "properties": { "fid": 2420980, "crop": "pasture_meadow_grassland_grass" }, "geometry": { "type": "Polygon", "coordinates": [ [ [ 560818.006999999983236, 524562.505 ], [ 560824.037000000011176, 524563.797000000020489 ], [ 560841.501000000047497, 524558.971000000019558 ], [ 560838.148000000044703, 524538.738000000012107 ], [ 560806.832999999984168, 524543.76500000001397 ], [ 560808.03000000002794, 524549.368999999947846 ], [ 560811.26, 524555.326 ], [ 560813.772, 524558.341000000014901 ], [ 560818.006999999983236, 524562.505 ] ] ] } },
{ "type": "Feature", "properties": { "fid": 2206913, "crop": "pasture_meadow_grassland_grass" }, "geometry": { "type": "Polygon", "coordinates": [ [ [ 506262.759000000020023, 509585.386999999987893 ], [ 506253.025000000023283, 509585.492000000027474 ], [ 506247.968999999982771, 509586.478 ], [ 506215.907, 509586.724999999976717 ], [ 506206.055, 509587.543 ], [ 506189.76500000001397, 509588.821 ], [ 506183.106000000028871, 509592.767 ], [ 506178.667000000015832, 509597.822999999974854 ], [ 506172.109, 509607.35999999998603 ], [ 506202.560999999986961, 509613.700000000011642 ], [ 506247.37599999998929, 509634.278 ], [ 506250.407, 509622.075000000011642 ], [ 506257.495, 509596.196 ], [ 506262.759000000020023, 509585.386999999987893 ] ] ] } },
{ "type": "Feature", "properties": { "fid": 1791858, "crop": "pasture_meadow_grassland_grass" }, "geometry": { "type": "Polygon", "coordinates": [ [ [ 546145.67000000004191, 518313.712999999988824 ], [ 546154.498999999952503, 518316.728 ], [ 546159.738999999943189, 518316.082 ], [ 546157.011000000056811, 518309.478 ], [ 546145.381999999983236, 518278.253000000026077 ], [ 546131.702999999979511, 518281.582 ], [ 546140.501000000047497, 518302.012999999977183 ], [ 546145.67000000004191, 518313.712999999988824 ] ] ] } },
{ "type": "Feature", "properties": { "fid": 99288, "crop": "pasture_meadow_grassland_grass" }, "geometry": { "type": "Polygon", "coordinates": [ [ [ 520327.152, 518670.821999999985565 ], [ 520341.718, 518689.799999999988358 ], [ 520350.414999999979045, 518668.919 ], [ 520339.727000000013504, 518658.938000000023749 ], [ 520327.467, 518643.150000000023283 ], [ 520318.470000000030268, 518630.308000000019092 ], [ 520303.954000000027008, 518611.493000000016764 ], [ 520289.103, 518624.517 ], [ 520301.37400000001071, 518636.788 ], [ 520327.152, 518670.821999999985565 ] ] ] } },
{ "type": "Feature", "properties": { "fid": 1956424, "crop": "pasture_meadow_grassland_grass" }, "geometry": { "type": "Polygon", "coordinates": [ [ [ 537732.761000000056811, 559065.12 ], [ 537740.452999999979511, 559060.86199999996461 ], [ 537759.633000000030734, 559057.87699999997858 ], [ 537777.993000000016764, 559052.50199999997858 ], [ 537802.746000000042841, 559048.895999999949709 ], [ 537818.319000000017695, 559047.74800000002142 ], [ 537827.006999999983236, 559046.76500000001397 ], [ 537834.547999999951571, 559044.633999999961816 ], [ 537853.072000000043772, 559040.535000000032596 ], [ 537850.486000000033528, 559034.966000000014901 ], [ 537844.952999999979511, 559036.184 ], [ 537832.025999999954365, 559039.39000000001397 ], [ 537830.638999999966472, 559037.576 ], [ 537814.312999999965541, 559040.295999999972992 ], [ 537789.268999999971129, 559043.194000000017695 ], [ 537787.304, 559044.925000000046566 ], [ 537762.067999999970198, 559048.799 ], [ 537759.13, 559051.567999999970198 ], [ 537740.099999999976717, 559053.351999999955297 ], [ 537730.481000000028871, 559053.468 ], [ 537732.761000000056811, 559065.12 ] ] ] } },
{ "type": "Feature", "properties": { "fid": 840430, "crop": "pasture_meadow_grassland_grass" }, "geometry": { "type": "Polygon", "coordinates": [ [ [ 523622.423, 513971.044999999983702 ], [ 523623.188000000023749, 513976.385 ], [ 523623.403, 513981.956 ], [ 523639.924, 513975.547000000020489 ], [ 523650.202, 513973.971000000019558 ], [ 523656.677000000025146, 513973.324000000022352 ], [ 523662.504000000015367, 513972.101000000024214 ], [ 523672.287000000011176, 513970.805999999982305 ], [ 523681.711000000010245, 513970.158 ], [ 523691.270000000018626, 513971.593 ], [ 523702.892, 513980.946 ], [ 523706.939000000013039, 513983.618000000016764 ], [ 523713.298, 513984.107000000018161 ], [ 523721.858, 513983.37300000002142 ], [ 523729.685, 513979.215000000025611 ], [ 523731.993000000016764, 513970.590000000025611 ], [ 523735.103, 513927.509000000020023 ], [ 523730.004000000015367, 513902.009000000020023 ], [ 523724.652, 513866.582 ], [ 523720.011999999987893, 513840.268999999971129 ], [ 523705.12300000002142, 513848.273999999975786 ], [ 523696.613000000012107, 513853.968 ], [ 523696.666000000026543, 513854.56 ], [ 523701.794, 513881.261 ], [ 523704.517999999981839, 513897.603 ], [ 523704.471000000019558, 513918.31 ], [ 523708.799, 513934.23499999998603 ], [ 523712.087, 513953.358 ], [ 523684.966000000014901, 513953.496999999973923 ], [ 523684.983, 513952.590000000025611 ], [ 523682.712, 513952.691999999980908 ], [ 523673.253000000026077, 513952.691999999980908 ], [ 523655.590000000025611, 513955.036000000021886 ], [ 523638.226000000024214, 513958.24800000002142 ], [ 523638.233, 513958.268999999971129 ], [ 523621.121999999973923, 513961.963999999978114 ], [ 523622.423, 513971.044999999983702 ] ] ] } },
{ "type": "Feature", "properties": { "fid": 1581557, "crop": "pasture_meadow_grassland_grass" }, "geometry": { "type": "Polygon", "coordinates": [ [ [ 531745.185000000055879, 513099.047000000020489 ], [ 531760.481000000028871, 513102.745999999984633 ], [ 531788.273000000044703, 513081.604999999981374 ], [ 531762.535000000032596, 513102.517 ], [ 531773.343, 513105.577 ], [ 531787.998999999952503, 513103.642 ], [ 531828.098, 513058.112000000022817 ], [ 531840.317999999970198, 513040.25 ], [ 531864.856000000028871, 513015.088999999978114 ], [ 531883.22199999995064, 512999.648999999975786 ], [ 531898.121000000042841, 512990.419999999983702 ], [ 531905.599000000045635, 512980.75 ], [ 531907.34699999995064, 512973.63900000002468 ], [ 531893.689000000013039, 512974.414999999979045 ], [ 531885.062000000034459, 512975.799999999988358 ], [ 531875.506999999983236, 512974.782 ], [ 531861.305000000051223, 512973.528 ], [ 531835.199000000022352, 512987.521 ], [ 531805.125, 513010.912000000011176 ], [ 531790.922999999951571, 513020.936999999976251 ], [ 531775.468, 513046.207999999984168 ], [ 531757.506999999983236, 513072.732000000018161 ], [ 531745.185000000055879, 513099.047000000020489 ] ], [ [ 531762.932999999960884, 513074.256 ], [ 531769.229999999981374, 513067.097 ], [ 531777.123999999952503, 513054.237000000022817 ], [ 531791.400000000023283, 513039.641 ], [ 531797.90300000004936, 513028.642999999981839 ], [ 531811.07999999995809, 513019.521 ], [ 531798.410000000032596, 513030.924 ], [ 531793.087999999988824, 513041.06 ], [ 531777.63, 513056.517999999981839 ], [ 531770.805999999982305, 513067.892999999981839 ], [ 531764.452999999979511, 513075.522999999986496 ], [ 531762.932999999960884, 513074.256 ] ] ] } },
{ "type": "Feature", "properties": { "fid": 2116197, "crop": "pasture_meadow_grassland_grass" }, "geometry": { "type": "Polygon", "coordinates": [ [ [ 529704.621000000042841, 542918.849999999976717 ], [ 529725.88, 542912.361000000033528 ], [ 529699.560999999986961, 542890.197999999974854 ], [ 529654.136999999987893, 542855.71999999997206 ], [ 529629.905999999959022, 542836.307000000029802 ], [ 529617.878000000026077, 542842.888999999966472 ], [ 529583.780999999959022, 542861.805000000051223 ], [ 529622.365, 542918.685999999986961 ], [ 529650.550999999977648, 542965.65300000004936 ], [ 529657.253999999957159, 542961.180999999982305 ], [ 529679.618999999947846, 542936.957999999984168 ], [ 529688.912000000011176, 542928.900000000023283 ], [ 529704.621000000042841, 542918.849999999976717 ] ] ] } },
{ "type": "Feature", "properties": { "fid": 2307761, "crop": "pasture_meadow_grassland_grass" }, "geometry": { "type": "Polygon", "coordinates": [ [ [ 513529.61099999997532, 516493.003000000026077 ], [ 513532.075000000011642, 516489.106000000028871 ], [ 513534.587999999988824, 516482.359 ], [ 513536.454000000027008, 516477.19 ], [ 513540.115, 516470.730000000039581 ], [ 513545.283, 516464.197999999974854 ], [ 513551.365, 516458.114 ], [ 513567.350000000034925, 516443.936999999976251 ], [ 513577.842, 516434.966000000014901 ], [ 513571.965000000025611, 516420.946 ], [ 513585.096000000019558, 516409.63900000002468 ], [ 513590.433000000019092, 516399.451 ], [ 513603.726000000024214, 516390.575000000011642 ], [ 513611.980000000039581, 516382.87400000001071 ], [ 513618.352000000013504, 516377.25 ], [ 513618.93, 516366.432000000029802 ], [ 513620.76, 516343.321 ], [ 513616.346000000019558, 516337.791000000026543 ], [ 513614.26500000001397, 516337.217 ], [ 513613.978, 516335.494 ], [ 513613.619, 516333.555999999982305 ], [ 513612.490999999979977, 516333.609 ], [ 513611.596000000019558, 516336.428000000014435 ], [ 513610.585000000020955, 516339.462 ], [ 513607.588999999978114, 516339.011 ], [ 513606.041000000026543, 516337.838999999978114 ], [ 513604.359, 516337.647999999986496 ], [ 513603.098999999987427, 516339.778 ], [ 513600.98499999998603, 516339.586000000010245 ], [ 513599.76500000001397, 516338.222 ], [ 513595.967, 516340.62 ], [ 513593.62, 516345.456 ], [ 513594.553000000014435, 516346.103 ], [ 513594.956, 516348.63 ], [ 513594.166000000026543, 516349.994 ], [ 513588.63900000002468, 516349.348 ], [ 513588.352000000013504, 516345.686999999976251 ], [ 513584.62699999997858, 516350.137999999977183 ], [ 513581.031000000017229, 516349.913 ], [ 513576.761, 516352.385 ], [ 513575.327999999979511, 516354.220000000030268 ], [ 513572.370999999984633, 516356.25 ], [ 513571.846000000019558, 516359.494 ], [ 513569.401000000012573, 516360.473999999987427 ], [ 513562.15500000002794, 516360.566 ], [ 513559.455000000016298, 516362.162000000011176 ], [ 513558.702, 516364.307000000029802 ], [ 513557.12, 516367.184 ], [ 513554.040000000037253, 516366.217 ], [ 513553.034999999974389, 516365.858 ], [ 513552.713999999978114, 516366.261999999987893 ], [ 513552.531000000017229, 516367.416000000026543 ], [ 513552.033, 516369.906000000017229 ], [ 513550.326, 516371.398999999975786 ], [ 513549.423, 516373.856000000028871 ], [ 513548.397, 516374.675999999977648 ], [ 513547.38900000002468, 516377.196 ], [ 513545.085000000020955, 516378.348 ], [ 513544.572999999974854, 516380.908999999985099 ], [ 513541.756999999983236, 516381.933000000019092 ], [ 513542.012999999977183, 516385.132999999972526 ], [ 513542.268999999971129, 516386.924999999988358 ], [ 513543.805, 516387.694000000017695 ], [ 513546.933000000019092, 516387.756999999983236 ], [ 513544.572999999974854, 516393.197999999974854 ], [ 513541.629000000015367, 516393.837999999988824 ], [ 513540.604, 516395.631 ], [ 513538.151000000012573, 516408.175999999977648 ], [ 513538.172000000020489, 516410.353 ], [ 513537.788, 516415.98599999997532 ], [ 513536.892, 516418.802000000025146 ], [ 513536.107000000018161, 516425.207 ], [ 513535.989, 516427.938000000023749 ], [ 513535.631, 516431.146 ], [ 513534.843999999982771, 516436.981000000028871 ], [ 513534.972, 516439.924999999988358 ], [ 513530.81, 516441.396 ], [ 513530.23499999998603, 516446.454000000027008 ], [ 513528.049, 516448.566 ], [ 513526.24800000002142, 516449.94 ], [ 513526.778, 516453.75099999998929 ], [ 513527.418, 516455.928000000014435 ], [ 513525.892, 516457.270000000018626 ], [ 513523.833999999973457, 516457.592 ], [ 513521.569000000017695, 516459.917000000015832 ], [ 513519.993000000016764, 516462.841000000014901 ], [ 513522.011, 516467.454000000027008 ], [ 513520.830000000016298, 516470.713999999978114 ], [ 513524.006, 516473.694000000017695 ], [ 513526.137999999977183, 516477.050999999977648 ], [ 513524.602000000013504, 516479.483 ], [ 513522.681999999971595, 516481.658999999985099 ], [ 513523.443000000028405, 516485.929 ], [ 513526.189000000013039, 516489.967 ], [ 513529.61099999997532, 516493.003000000026077 ] ] ] } },
{ "type": "Feature", "properties": { "fid": 409032, "crop": "pasture_meadow_grassland_grass" }, "geometry": { "type": "Polygon", "coordinates": [ [ [ 549827.557999999960884, 503012.88 ], [ 549830.160000000032596, 503015.995 ], [ 549861.070000000065193, 502994.516 ], [ 549873.674, 502989.28000000002794 ], [ 549889.827999999979511, 502984.75099999998929 ], [ 549895.572000000043772, 502982.870999999984633 ], [ 549910.182999999960884, 502982.590000000025611 ], [ 549911.959000000031665, 502983.181999999971595 ], [ 549923.90300000004936, 502980.868000000016764 ], [ 549938.832999999984168, 502968.809 ], [ 549950.246999999973923, 502955.53000000002794 ], [ 549952.831, 502949.930999999982305 ], [ 549952.474000000045635, 502942.329000000027008 ], [ 549952.459999999962747, 502942.297000000020489 ], [ 549952.332000000053085, 502942.237000000022817 ], [ 549950.287000000011176, 502939.512999999977183 ], [ 549944.59699999995064, 502927.990999999979977 ], [ 549941.893000000040047, 502921.369 ], [ 549935.378000000026077, 502908.43 ], [ 549920.863999999943189, 502887.470000000030268 ], [ 549918.697999999974854, 502878.392 ], [ 549915.224000000045635, 502877.835000000020955 ], [ 549914.807000000029802, 502882.979 ], [ 549915.640999999945052, 502892.012999999977183 ], [ 549914.39000000001397, 502898.406000000017229 ], [ 549907.856999999959953, 502915.919999999983702 ], [ 549903.547999999951571, 502920.784999999974389 ], [ 549895.903999999980442, 502928.152 ], [ 549884.783999999985099, 502936.908 ], [ 549876.444000000017695, 502942.884000000020023 ], [ 549865.185999999986961, 502951.364 ], [ 549859.626000000047497, 502956.783999999985099 ], [ 549855.87300000002142, 502963.038999999989755 ], [ 549850.591999999945983, 502977.354999999981374 ], [ 549844.615, 502988.196999999985565 ], [ 549841.834999999962747, 502994.311999999976251 ], [ 549824.822000000043772, 503008.00199999997858 ], [ 549827.557999999960884, 503012.88 ] ] ] } },
{ "type": "Feature", "properties": { "fid": 2517062, "crop": "pasture_meadow_grassland_grass" }, "geometry": { "type": "Polygon", "coordinates": [ [ [ 525511.01, 542023.550999999977648 ], [ 525502.429, 542020.885 ], [ 525494.488000000012107, 542018.495 ], [ 525468.898000000044703, 542074.109000000054948 ], [ 525439.339999999967404, 542138.62300000002142 ], [ 525421.087999999988824, 542178.73499999998603 ], [ 525429.498999999952503, 542182.424 ], [ 525447.310999999986961, 542190.341999999945983 ], [ 525516.775999999954365, 542035.032 ], [ 525511.01, 542023.550999999977648 ] ] ] } },
{ "type": "Feature", "properties": { "fid": 1652788, "crop": "pasture_meadow_grassland_grass" }, "geometry": { "type": "Polygon", "coordinates": [ [ [ 524937.738999999943189, 557694.75199999997858 ], [ 524906.564999999944121, 557699.525000000023283 ], [ 524903.184, 557700.650000000023283 ], [ 524915.962000000057742, 557704.647 ], [ 524923.12300000002142, 557710.685000000055879 ], [ 524932.532, 557719.466999999945983 ], [ 524938.851000000024214, 557719.88800000003539 ], [ 524945.310000000055879, 557725.785999999963678 ], [ 524947.557000000029802, 557729.221000000019558 ], [ 524946.184, 557735.919 ], [ 524952.917000000015832, 557733.800000000046566 ], [ 524954.718, 557730.344000000040978 ], [ 524954.437000000034459, 557722.761000000056811 ], [ 524955.224000000045635, 557718.099000000045635 ], [ 524957.128000000026077, 557713.419 ], [ 524958.229000000050291, 557704.647 ], [ 524958.922000000020489, 557692.429 ], [ 524949.248999999952503, 557693.275000000023283 ], [ 524937.738999999943189, 557694.75199999997858 ] ] ] } },
{ "type": "Feature", "properties": { "fid": 1389672, "crop": "pasture_meadow_grassland_grass" }, "geometry": { "type": "Polygon", "coordinates": [ [ [ 520492.885, 518069.818000000028405 ], [ 520476.24, 518045.593 ], [ 520471.337999999988824, 518037.729 ], [ 520464.895000000018626, 518028.503000000026077 ], [ 520460.441, 518020.24900000001071 ], [ 520447.670999999972992, 517995.413999999989755 ], [ 520444.284999999974389, 517989.068000000028405 ], [ 520434.601000000024214, 517977.286000000021886 ], [ 520429.460000000020955, 517969.579000000027008 ], [ 520395.847, 517975.157 ], [ 520399.908999999985099, 517984.272 ], [ 520413.370999999984633, 517998.115 ], [ 520421.841000000014901, 518014.343999999982771 ], [ 520425.092, 518021.223999999987427 ], [ 520431.478, 518037.521 ], [ 520440.572999999974854, 518052.824000000022352 ], [ 520451.226000000024214, 518068.803000000014435 ], [ 520459.574000000022352, 518079.738000000012107 ], [ 520492.885, 518069.818000000028405 ] ] ] } },
{ "type": "Feature", "properties": { "fid": 450216, "crop": "pasture_meadow_grassland_grass" }, "geometry": { "type": "Polygon", "coordinates": [ [ [ 540361.057999999960884, 538935.023000000044703 ], [ 540363.947000000043772, 538954.392 ], [ 540372.29500000004191, 538973.643999999971129 ], [ 540389.84699999995064, 539002.023000000044703 ], [ 540475.729000000050291, 538912.488000000012107 ], [ 540464.111000000033528, 538906.59699999995064 ], [ 540454.87, 538895.910999999963678 ], [ 540448.939000000013039, 538886.201 ], [ 540437.986000000033528, 538878.898999999975786 ], [ 540431.959000000031665, 538876.608 ], [ 540410.332000000053085, 538864.511000000056811 ], [ 540408.12300000002142, 538867.059 ], [ 540363.09699999995064, 538915.312999999965541 ], [ 540361.057999999960884, 538935.023000000044703 ] ] ] } },
{ "type": "Feature", "properties": { "fid": 2113021, "crop": "pasture_meadow_grassland_grass" }, "geometry": { "type": "Polygon", "coordinates": [ [ [ 519661.954000000027008, 532453.952000000048429 ], [ 519657.152, 532453.675000000046566 ], [ 519652.259000000020023, 532455.871999999973923 ], [ 519636.098999999987427, 532464.662999999942258 ], [ 519598.646, 532478.481999999959953 ], [ 519588.612000000022817, 532479.716999999945983 ], [ 519580.226000000024214, 532482.348 ], [ 519568.601000000024214, 532488.626000000047497 ], [ 519567.82, 532489.29500000004191 ], [ 519578.522999999986496, 532499.047000000020489 ], [ 519596.194000000017695, 532495.410000000032596 ], [ 519602.526000000012573, 532495.506000000052154 ], [ 519610.776000000012573, 532495.89000000001397 ], [ 519614.826, 532499.696 ], [ 519621.136999999987893, 532509.704000000027008 ], [ 519625.775000000023283, 532518.098 ], [ 519630.826, 532521.599999999976717 ], [ 519642.146, 532518.050000000046566 ], [ 519650.587999999988824, 532514.501000000047497 ], [ 519655.960000000020955, 532511.238999999943189 ], [ 519660.853, 532507.402 ], [ 519663.532, 532503.765999999945052 ], [ 519665.841000000014901, 532499.439000000013039 ], [ 519667.856000000028871, 532493.491999999969266 ], [ 519669.104, 532483.861000000033528 ], [ 519667.125, 532460.692000000039116 ], [ 519661.954000000027008, 532453.952000000048429 ] ], [ [ 519615.76400000002468, 532489.366000000038184 ], [ 519617.107000000018161, 532489.557999999960884 ], [ 519617.683000000019092, 532490.805000000051223 ], [ 519616.723999999987427, 532491.957000000053085 ], [ 519615.189000000013039, 532491.189000000013039 ], [ 519615.76400000002468, 532489.366000000038184 ] ] ] } },
{ "type": "Feature", "properties": { "fid": 1505134, "crop": "pasture_meadow_grassland_grass" }, "geometry": { "type": "Polygon", "coordinates": [ [ [ 537430.287000000011176, 533985.96999999997206 ], [ 537432.868000000016764, 533986.469000000040978 ], [ 537459.292000000015832, 533994.172999999951571 ], [ 537471.314000000013039, 533997.481999999959953 ], [ 537480.027, 533999.797999999951571 ], [ 537494.474999999976717, 534002.555000000051223 ], [ 537527.782, 534009.282 ], [ 537558.993999999947846, 534014.576 ], [ 537571.331, 534016.236000000033528 ], [ 537714.822000000043772, 534030.473 ], [ 537708.49, 534001.719000000040978 ], [ 537678.5, 534003.78000000002794 ], [ 537587.865, 533994.650999999954365 ], [ 537522.017, 533985.966999999945983 ], [ 537508.802999999956228, 533983.071 ], [ 537489.194000000017695, 533973.513999999966472 ], [ 537474.714000000036322, 533966.356999999959953 ], [ 537470.359000000054948, 533965.944000000017695 ], [ 537470.028999999980442, 533970.937000000034459 ], [ 537469.037999999942258, 533974.692000000039116 ], [ 537463.704000000027008, 533976.415999999968335 ], [ 537457.63800000003539, 533976.084999999962747 ], [ 537455.212000000057742, 533978.621999999973923 ], [ 537452.785000000032596, 533980.937999999965541 ], [ 537449.366000000038184, 533984.136999999987893 ], [ 537446.498999999952503, 533984.797999999951571 ], [ 537439.770999999949709, 533984.136999999987893 ], [ 537431.706, 533982.674 ], [ 537429.542999999946915, 533984.746999999973923 ], [ 537430.287000000011176, 533985.96999999997206 ] ] ] } },
{ "type": "Feature", "properties": { "fid": 1200155, "crop": "pasture_meadow_grassland_grass" }, "geometry": { "type": "Polygon", "coordinates": [ [ [ 527672.633000000030734, 550808.941 ], [ 527674.253999999957159, 550814.962999999988824 ], [ 527678.028999999980442, 550818.038999999989755 ], [ 527683.202000000048429, 550820.136000000056811 ], [ 527689.454000000027008, 550822.552000000025146 ], [ 527690.054, 550826.567999999970198 ], [ 527691.113999999943189, 550831.62699999997858 ], [ 527695.647, 550835.37699999997858 ], [ 527699.981000000028871, 550837.893999999971129 ], [ 527704.596000000019558, 550839.851000000024214 ], [ 527709.070000000065193, 550842.368000000016764 ], [ 527715.082999999984168, 550845.305000000051223 ], [ 527722.540999999968335, 550846.787000000011176 ], [ 527733.819000000017695, 550857.190000000060536 ], [ 527745.158999999985099, 550867.464999999967404 ], [ 527754.03000000002794, 550858.209000000031665 ], [ 527769.643000000040047, 550842.187999999965541 ], [ 527772.37699999997858, 550838.532 ], [ 527779.147, 550831.962000000057742 ], [ 527764.64000000001397, 550820.787999999942258 ], [ 527758.694999999948777, 550817.336000000010245 ], [ 527747.660999999963678, 550806.506999999983236 ], [ 527739.14000000001397, 550795.662000000011176 ], [ 527733.054, 550788.136999999987893 ], [ 527720.660000000032596, 550774.858 ], [ 527712.85999999998603, 550772.652 ], [ 527693.658999999985099, 550780.059 ], [ 527691.435000000055879, 550777.261999999987893 ], [ 527685.42000000004191, 550779.400000000023283 ], [ 527682.371000000042841, 550782.714999999967404 ], [ 527680.932999999960884, 550788.57999999995809 ], [ 527677.392, 550793.449000000022352 ], [ 527674.669, 550798.893000000040047 ], [ 527673.410999999963678, 550806.064999999944121 ], [ 527672.633000000030734, 550808.941 ] ] ] } },
{ "type": "Feature", "properties": { "fid": 1047001, "crop": "pasture_meadow_grassland_grass" }, "geometry": { "type": "Polygon", "coordinates": [ [ [ 546267.395000000018626, 536311.40300000004936 ], [ 546267.609000000054948, 536287.202999999979511 ], [ 546266.290000000037253, 536265.658000000054017 ], [ 546240.898000000044703, 536267.307000000029802 ], [ 546241.478, 536319.0 ], [ 546249.439000000013039, 536313.88 ], [ 546267.395000000018626, 536311.40300000004936 ] ] ] } },
{ "type": "Feature", "properties": { "fid": 1369201, "crop": "pasture_meadow_grassland_grass" }, "geometry": { "type": "Polygon", "coordinates": [ [ [ 532969.185999999986961, 507419.055999999982305 ], [ 532969.093, 507443.604 ], [ 532989.788999999989755, 507445.088999999978114 ], [ 532994.787999999942258, 507461.64000000001397 ], [ 532998.050999999977648, 507471.429 ], [ 533000.211000000010245, 507481.121999999973923 ], [ 533001.074999999953434, 507491.962999999988824 ], [ 533028.23499999998603, 507493.19 ], [ 533127.962999999988824, 507503.462 ], [ 533131.245, 507495.947999999974854 ], [ 533134.37, 507482.107000000018161 ], [ 533135.383000000030734, 507468.12 ], [ 533133.658000000054017, 507453.632999999972526 ], [ 533121.557000000029802, 507416.617000000027474 ], [ 533119.420999999972992, 507399.532 ], [ 533119.800000000046566, 507391.907 ], [ 533124.047999999951571, 507366.787000000011176 ], [ 533126.503999999957159, 507355.439000000013039 ], [ 533106.246999999973923, 507354.233 ], [ 533085.608, 507354.330000000016298 ], [ 533051.25, 507356.819000000017695 ], [ 533050.733, 507378.799999999988358 ], [ 533015.998999999952503, 507380.701 ], [ 533000.542000000015832, 507383.516 ], [ 532988.047999999951571, 507386.941999999980908 ], [ 532976.341000000014901, 507388.972 ], [ 532971.513999999966472, 507399.057000000029802 ], [ 532969.616999999969266, 507407.246999999973923 ], [ 532969.185999999986961, 507419.055999999982305 ] ], [ [ 533037.202000000048429, 507410.922000000020489 ], [ 533036.491000000038184, 507405.939000000013039 ], [ 533040.405999999959022, 507402.73599999997532 ], [ 533043.577999999979511, 507403.540000000037253 ], [ 533045.033000000054017, 507407.006999999983236 ], [ 533043.665000000037253, 507409.745999999984633 ], [ 533042.027, 507411.988000000012107 ], [ 533037.202000000048429, 507410.922000000020489 ] ] ] } },
{ "type": "Feature", "properties": { "fid": 2398981, "crop": "pasture_meadow_grassland_grass" }, "geometry": { "type": "Polygon", "coordinates": [ [ [ 517805.319000000017695, 540234.040999999968335 ], [ 517832.160000000032596, 540250.608 ], [ 517831.384000000020023, 540259.777 ], [ 517851.007999999972526, 540264.050000000046566 ], [ 517858.476000000024214, 540265.337999999988824 ], [ 517867.629000000015367, 540263.726000000024214 ], [ 517872.121999999973923, 540261.339000000036322 ], [ 517875.352000000013504, 540257.547000000020489 ], [ 517884.364, 540242.067000000039116 ], [ 517871.419999999983702, 540230.866999999969266 ], [ 517861.450000000011642, 540222.863000000012107 ], [ 517849.800999999977648, 540210.72199999995064 ], [ 517842.666000000026543, 540205.488999999943189 ], [ 517841.088999999978114, 540205.871999999973923 ], [ 517835.923, 540203.729000000050291 ], [ 517826.625, 540202.643000000040047 ], [ 517817.685, 540203.419 ], [ 517805.319000000017695, 540234.040999999968335 ] ] ] } },
{ "type": "Feature", "properties": { "fid": 2419640, "crop": "pasture_meadow_grassland_grass" }, "geometry": { "type": "Polygon", "coordinates": [ [ [ 530989.780999999959022, 546820.21999999997206 ], [ 530988.089000000036322, 546821.320000000065193 ], [ 530967.790999999968335, 546832.515999999945052 ], [ 530943.0, 546843.48699999996461 ], [ 530960.233, 546937.172000000020489 ], [ 530979.721000000019558, 546928.256000000052154 ], [ 530995.508999999961816, 546921.616000000038184 ], [ 530991.802000000025146, 546855.158999999985099 ], [ 530989.780999999959022, 546820.21999999997206 ] ] ] } },
{ "type": "Feature", "properties": { "fid": 1124622, "crop": "pasture_meadow_grassland_grass" }, "geometry": { "type": "Polygon", "coordinates": [ [ [ 512427.489, 539590.881000000052154 ], [ 512438.463999999978114, 539621.162999999942258 ], [ 512447.734, 539645.496000000042841 ], [ 512459.281000000017229, 539651.70499999995809 ], [ 512455.276000000012573, 539660.535000000032596 ], [ 512469.791000000026543, 539690.718 ], [ 512480.120999999984633, 539715.491999999969266 ], [ 512486.802000000025146, 539727.73699999996461 ], [ 512489.701, 539736.059 ], [ 512508.184, 539750.682999999960884 ], [ 512512.34499999997206, 539743.498999999952503 ], [ 512518.916000000026543, 539731.25 ], [ 512520.283, 539729.79500000004191 ], [ 512516.512999999977183, 539728.711000000010245 ], [ 512503.848999999987427, 539729.685000000055879 ], [ 512494.838999999978114, 539723.59699999995064 ], [ 512494.531000000017229, 539719.446 ], [ 512492.160000000032596, 539707.28000000002794 ], [ 512494.257999999972526, 539702.361000000033528 ], [ 512497.517999999981839, 539696.807999999960884 ], [ 512501.901000000012573, 539696.321 ], [ 512510.424999999988358, 539703.871000000042841 ], [ 512517.102000000013504, 539709.241000000038184 ], [ 512518.278999999980442, 539699.395000000018626 ], [ 512524.350000000034925, 539690.859000000054948 ], [ 512543.62400000001071, 539696.974999999976717 ], [ 512559.974999999976717, 539704.386000000056811 ], [ 512568.517, 539709.697999999974854 ], [ 512591.272999999986496, 539727.180000000051223 ], [ 512599.424, 539732.503999999957159 ], [ 512552.712, 539674.359000000054948 ], [ 512544.533, 539664.20499999995809 ], [ 512535.566999999980908, 539665.538999999989755 ], [ 512518.24, 539658.636000000056811 ], [ 512506.713999999978114, 539649.929 ], [ 512506.202999999979511, 539644.207999999984168 ], [ 512518.021, 539634.87300000002142 ], [ 512508.541000000026543, 539626.474000000045635 ], [ 512499.298, 539621.881999999983236 ], [ 512469.879000000015367, 539606.371999999973923 ], [ 512439.028, 539592.566 ], [ 512427.581, 539588.025999999954365 ], [ 512427.489, 539590.881000000052154 ] ] ] } },
{ "type": "Feature", "properties": { "fid": 855736, "crop": "pasture_meadow_grassland_grass" }, "geometry": { "type": "Polygon", "coordinates": [ [ [ 559362.765999999945052, 519441.631 ], [ 559350.101000000024214, 519447.227000000013504 ], [ 559356.581, 519454.885 ], [ 559371.01300000003539, 519468.137999999977183 ], [ 559383.677000000025146, 519478.152 ], [ 559393.395999999949709, 519483.74800000002142 ], [ 559408.712000000057742, 519478.446999999985565 ], [ 559427.172999999951571, 519496.352000000013504 ], [ 559448.925000000046566, 519493.541000000026543 ], [ 559452.300999999977648, 519491.406000000017229 ], [ 559436.692000000039116, 519488.166000000026543 ], [ 559424.616000000038184, 519483.158999999985099 ], [ 559411.657, 519473.44 ], [ 559377.432000000029802, 519444.352000000013504 ], [ 559362.765999999945052, 519441.631 ] ] ] } },
{ "type": "Feature", "properties": { "fid": 1037490, "crop": "pasture_meadow_grassland_grass" }, "geometry": { "type": "Polygon", "coordinates": [ [ [ 522924.028999999980442, 553997.63 ], [ 522920.788, 554026.738999999943189 ], [ 522907.697999999974854, 554048.895000000018626 ], [ 522904.428000000014435, 554067.567999999970198 ], [ 522908.343, 554074.979000000050291 ], [ 522921.886999999987893, 554077.324999999953434 ], [ 522963.305, 554081.738999999943189 ], [ 522986.064000000013039, 554084.621999999973923 ], [ 522978.396, 554038.623999999952503 ], [ 522969.726000000024214, 553987.309 ], [ 522924.028999999980442, 553997.63 ] ] ] } },
{ "type": "Feature", "properties": { "fid": 40769, "crop": "pasture_meadow_grassland_grass" }, "geometry": { "type": "Polygon", "coordinates": [ [ [ 509945.032, 508538.173 ], [ 509953.768999999971129, 508534.292000000015832 ], [ 509966.772, 508501.881999999983236 ], [ 509982.88, 508476.097 ], [ 509999.256, 508452.174999999988358 ], [ 510023.82, 508415.408999999985099 ], [ 510036.825000000011642, 508397.908999999985099 ], [ 510035.268999999971129, 508395.585000000020955 ], [ 510025.933000000019092, 508400.99 ], [ 510005.093999999982771, 508409.284999999974389 ], [ 509982.908, 508425.055 ], [ 509974.185, 508430.636 ], [ 509968.518999999971129, 508436.424999999988358 ], [ 509966.454000000027008, 508440.927000000025146 ], [ 509974.37, 508443.023999999975786 ], [ 509980.471000000019558, 508452.336000000010245 ], [ 509973.086000000010245, 508456.831 ], [ 509969.661000000021886, 508463.468999999982771 ], [ 509961.338999999978114, 508458.952 ], [ 509959.245, 508465.993000000016764 ], [ 509954.24, 508481.532 ], [ 509950.471000000019558, 508494.207999999984168 ], [ 509946.436999999976251, 508522.267 ], [ 509945.032, 508538.173 ] ] ] } },
{ "type": "Feature", "properties": { "fid": 2313371, "crop": "pasture_meadow_grassland_grass" }, "geometry": { "type": "Polygon", "coordinates": [ [ [ 517468.495, 535057.996000000042841 ], [ 517475.284999999974389, 535058.136999999987893 ], [ 517480.125, 535056.143999999971129 ], [ 517481.35999999998603, 535048.527 ], [ 517479.816999999980908, 535046.469000000040978 ], [ 517459.541000000026543, 535044.616000000038184 ], [ 517436.074000000022352, 535042.145999999949709 ], [ 517392.641, 535038.441 ], [ 517388.299999999988358, 535038.202000000048429 ], [ 517373.471000000019558, 535047.767 ], [ 517380.300999999977648, 535049.295999999972992 ], [ 517468.495, 535057.996000000042841 ] ] ] } },
{ "type": "Feature", "properties": { "fid": 1843854, "crop": "pasture_meadow_grassland_grass" }, "geometry": { "type": "Polygon", "coordinates": [ [ [ 517859.897, 509175.371999999973923 ], [ 517860.496999999973923, 509189.275000000023283 ], [ 517884.587, 509189.783999999985099 ], [ 517919.924, 509186.037000000011176 ], [ 517921.944000000017695, 509185.795999999972992 ], [ 518019.414999999979045, 509172.858 ], [ 518062.101000000024214, 509168.925999999977648 ], [ 518064.832, 509168.564000000013039 ], [ 518064.968999999982771, 509168.533 ], [ 518086.973, 509160.707999999984168 ], [ 518167.685, 509096.843 ], [ 518189.701, 509078.885 ], [ 518181.325000000011642, 509061.071999999985565 ], [ 518170.254000000015367, 509064.990999999979977 ], [ 518150.468, 509071.669 ], [ 518137.480000000039581, 509075.652 ], [ 518098.87699999997858, 509087.797000000020489 ], [ 518094.994, 509088.571 ], [ 518092.244, 509089.402 ], [ 518068.314000000013039, 509094.157 ], [ 518067.134000000020023, 509094.504000000015367 ], [ 518056.435999999986961, 509098.841000000014901 ], [ 518058.966000000014901, 509103.554 ], [ 518072.737000000022817, 509128.657 ], [ 518063.031000000017229, 509133.254000000015367 ], [ 518048.804, 509137.445 ], [ 518040.642999999981839, 509139.967 ], [ 518025.865999999979977, 509143.088999999978114 ], [ 518018.761, 509144.662000000011176 ], [ 517992.615, 509150.114 ], [ 517969.353, 509155.028999999980442 ], [ 517966.050999999977648, 509155.653999999980442 ], [ 517946.906000000017229, 509159.646 ], [ 517909.56, 509162.232000000018161 ], [ 517859.392, 509161.657 ], [ 517859.897, 509175.371999999973923 ] ] ] } },
{ "type": "Feature", "properties": { "fid": 1216171, "crop": "pasture_meadow_grassland_grass" }, "geometry": { "type": "Polygon", "coordinates": [ [ [ 528540.871000000042841, 535294.959999999962747 ], [ 528541.255, 535294.723 ], [ 528545.82999999995809, 535291.62699999997858 ], [ 528552.268999999971129, 535287.790999999968335 ], [ 528560.292999999946915, 535283.709000000031665 ], [ 528567.577000000048429, 535279.591999999945983 ], [ 528574.297999999951571, 535275.192999999970198 ], [ 528577.226000000024214, 535272.665999999968335 ], [ 528582.75, 535265.437000000034459 ], [ 528587.837999999988824, 535258.17000000004191 ], [ 528588.329000000027008, 535257.468 ], [ 528586.569000000017695, 535252.87300000002142 ], [ 528585.424, 535249.883999999961816 ], [ 528577.562999999965541, 535246.030999999959022 ], [ 528568.922999999951571, 535241.797000000020489 ], [ 528550.253000000026077, 535241.290000000037253 ], [ 528539.822999999974854, 535295.317000000039116 ], [ 528540.871000000042841, 535294.959999999962747 ] ] ] } },
{ "type": "Feature", "properties": { "fid": 2537006, "crop": "pasture_meadow_grassland_grass" }, "geometry": { "type": "Polygon", "coordinates": [ [ [ 515204.232000000018161, 540570.868000000016764 ], [ 515177.663999999989755, 540533.459000000031665 ], [ 515165.548, 540519.378999999957159 ], [ 515082.631999999983236, 540525.868000000016764 ], [ 515097.104, 540547.865 ], [ 515142.842, 540609.207000000053085 ], [ 515160.438000000023749, 540632.02800000004936 ], [ 515162.661000000021886, 540634.466000000014901 ], [ 515169.977000000013504, 540622.267 ], [ 515178.392, 540607.609000000054948 ], [ 515199.88, 540577.99800000002142 ], [ 515204.232000000018161, 540570.868000000016764 ] ] ] } },
{ "type": "Feature", "properties": { "fid": 409526, "crop": "pasture_meadow_grassland_grass" }, "geometry": { "type": "Polygon", "coordinates": [ [ [ 526922.976000000024214, 549722.738999999943189 ], [ 526922.51500000001397, 549721.743999999947846 ], [ 526917.54500000004191, 549724.228 ], [ 526917.042999999946915, 549721.589999999967404 ], [ 526907.929, 549727.871000000042841 ], [ 526902.682999999960884, 549729.76500000001397 ], [ 526897.729000000050291, 549726.413999999989755 ], [ 526891.609000000054948, 549721.459000000031665 ], [ 526886.65500000002794, 549715.48499999998603 ], [ 526885.052000000025146, 549709.511000000056811 ], [ 526887.528999999980442, 549705.723 ], [ 526887.966999999945983, 549704.412000000011176 ], [ 526875.283999999985099, 549685.888999999966472 ], [ 526866.723, 549685.395999999949709 ], [ 526823.413999999989755, 549701.419 ], [ 526882.743999999947846, 549763.395999999949709 ], [ 526928.099000000045635, 549738.180999999982305 ], [ 526922.976000000024214, 549722.738999999943189 ] ] ] } },
{ "type": "Feature", "properties": { "fid": 2227206, "crop": "pasture_meadow_grassland_grass" }, "geometry": { "type": "Polygon", "coordinates": [ [ [ 517354.163, 508369.038 ], [ 517353.733, 508380.882999999972526 ], [ 517361.712999999988824, 508376.712999999988824 ], [ 517372.25199999997858, 508373.603 ], [ 517387.028, 508368.786000000021886 ], [ 517397.050999999977648, 508366.810999999986961 ], [ 517403.832999999984168, 508366.995 ], [ 517411.590000000025611, 508366.577999999979511 ], [ 517433.299, 508360.215000000025611 ], [ 517439.305, 508358.148999999975786 ], [ 517441.382999999972526, 508354.348 ], [ 517440.731000000028871, 508350.436999999976251 ], [ 517437.476000000024214, 508342.726000000024214 ], [ 517434.262999999977183, 508338.104999999981374 ], [ 517430.48499999998603, 508332.222 ], [ 517425.48499999998603, 508322.191999999980908 ], [ 517425.63900000002468, 508314.979 ], [ 517426.533, 508308.848999999987427 ], [ 517413.597, 508312.24800000002142 ], [ 517409.674, 508298.375 ], [ 517392.179, 508301.733 ], [ 517363.229, 508304.512999999977183 ], [ 517349.78000000002794, 508309.06 ], [ 517344.631, 508310.494 ], [ 517346.962999999988824, 508315.043 ], [ 517349.412000000011176, 508317.246999999973923 ], [ 517348.495999999984633, 508321.314000000013039 ], [ 517347.740999999979977, 508325.973 ], [ 517349.12599999998929, 508328.618000000016764 ], [ 517347.867000000027474, 508338.186999999976251 ], [ 517351.141, 508352.542000000015832 ], [ 517350.762999999977183, 508367.653 ], [ 517354.163, 508369.038 ] ] ] } },
{ "type": "Feature", "properties": { "fid": 1971321, "crop": "pasture_meadow_grassland_grass" }, "geometry": { "type": "Polygon", "coordinates": [ [ [ 532325.876000000047497, 525523.042000000015832 ], [ 532343.743999999947846, 525508.795999999972992 ], [ 532331.179, 525494.912999999942258 ], [ 532316.569000000017695, 525478.397 ], [ 532306.893999999971129, 525468.044 ], [ 532294.87300000002142, 525484.706 ], [ 532302.309, 525493.650000000023283 ], [ 532317.136000000056811, 525515.800000000046566 ], [ 532305.550999999977648, 525525.26500000001397 ], [ 532307.758999999961816, 525527.648999999975786 ], [ 532315.522, 525531.388999999966472 ], [ 532325.876000000047497, 525523.042000000015832 ] ] ] } },
{ "type": "Feature", "properties": { "fid": 1483307, "crop": "pasture_meadow_grassland_grass" }, "geometry": { "type": "Polygon", "coordinates": [ [ [ 552538.707999999984168, 503101.677000000025146 ], [ 552551.680000000051223, 503097.881 ], [ 552570.187999999965541, 503090.604 ], [ 552598.028999999980442, 503077.0 ], [ 552608.785999999963678, 503074.310999999986961 ], [ 552643.90300000004936, 503065.60999999998603 ], [ 552677.20499999995809, 503055.153999999980442 ], [ 552656.765999999945052, 502985.011 ], [ 552639.316, 502996.006999999983236 ], [ 552616.741999999969266, 503016.684 ], [ 552594.074000000022352, 503041.723999999987427 ], [ 552551.317000000039116, 503086.470000000030268 ], [ 552538.707999999984168, 503101.677000000025146 ] ] ] } },
{ "type": "Feature", "properties": { "fid": 2334289, "crop": "pasture_meadow_grassland_grass" }, "geometry": { "type": "Polygon", "coordinates": [ [ [ 533736.09499999997206, 557556.34499999997206 ], [ 533739.616999999969266, 557555.317999999970198 ], [ 533738.150999999954365, 557548.280999999959022 ], [ 533739.691, 557548.875 ], [ 533740.331, 557545.51 ], [ 533747.628999999957159, 557541.75199999997858 ], [ 533773.309, 557530.28000000002794 ], [ 533780.329000000027008, 557527.101000000024214 ], [ 533786.464000000036322, 557523.846000000019558 ], [ 533819.133999999961816, 557510.810999999986961 ], [ 533834.520999999949709, 557504.562000000034459 ], [ 533860.288999999989755, 557493.979000000050291 ], [ 533856.341000000014901, 557483.859000000054948 ], [ 533850.214999999967404, 557480.564000000013039 ], [ 533820.665000000037253, 557490.172999999951571 ], [ 533759.523000000044703, 557518.761999999987893 ], [ 533746.837000000057742, 557522.768999999971129 ], [ 533732.160999999963678, 557530.662999999942258 ], [ 533730.814000000013039, 557536.180000000051223 ], [ 533735.84499999997206, 557547.34499999997206 ], [ 533733.562000000034459, 557549.076 ], [ 533709.109000000054948, 557560.854000000050291 ], [ 533710.824000000022352, 557567.348 ], [ 533716.755, 557564.535999999963678 ], [ 533736.09499999997206, 557556.34499999997206 ] ] ] } },
{ "type": "Feature", "properties": { "fid": 40501, "crop": "pasture_meadow_grassland_grass" }, "geometry": { "type": "Polygon", "coordinates": [ [ [ 536436.375, 502594.822999999974854 ], [ 536526.885, 502594.85999999998603 ], [ 536535.679, 502468.382999999972526 ], [ 536445.554, 502468.332999999984168 ], [ 536438.772, 502567.902 ], [ 536436.99, 502587.913 ], [ 536436.375, 502594.822999999974854 ] ] ] } },
{ "type": "Feature", "properties": { "fid": 390106, "crop": "pasture_meadow_grassland_grass" }, "geometry": { "type": "Polygon", "coordinates": [ [ [ 502960.490999999979977, 509158.32 ], [ 502969.711000000010245, 509152.566999999980908 ], [ 502961.129000000015367, 509124.566999999980908 ], [ 502959.077, 509107.983 ], [ 502962.419, 509103.28000000002794 ], [ 502961.886999999987893, 509095.679 ], [ 502935.311999999976251, 509120.732000000018161 ], [ 502945.832999999984168, 509135.957 ], [ 502946.946999999985565, 509140.164999999979045 ], [ 502949.299, 509144.869 ], [ 502960.490999999979977, 509158.32 ] ] ] } },
{ "type": "Feature", "properties": { "fid": 660706, "crop": "pasture_meadow_grassland_grass" }, "geometry": { "type": "Polygon", "coordinates": [ [ [ 520546.791000000026543, 523413.60999999998603 ], [ 520545.068000000028405, 523416.984 ], [ 520545.068000000028405, 523422.798 ], [ 520542.412000000011176, 523422.223999999987427 ], [ 520541.982000000018161, 523420.50099999998929 ], [ 520538.967, 523421.577999999979511 ], [ 520522.319000000017695, 523424.326 ], [ 520520.093, 523424.579000000027008 ], [ 520517.674999999988358, 523425.457999999984168 ], [ 520520.818000000028405, 523431.607000000018161 ], [ 520522.226000000024214, 523435.987000000022817 ], [ 520527.075000000011642, 523449.283 ], [ 520534.875, 523445.767999999981839 ], [ 520544.135, 523450.793 ], [ 520569.545999999972992, 523445.050999999977648 ], [ 520589.213999999978114, 523440.240999999979977 ], [ 520579.81, 523429.90500000002794 ], [ 520562.522, 523421.061999999976251 ], [ 520551.473, 523415.887999999977183 ], [ 520546.791000000026543, 523413.60999999998603 ] ] ] } },
{ "type": "Feature", "properties": { "fid": 1715765, "crop": "pasture_meadow_grassland_grass" }, "geometry": { "type": "Polygon", "coordinates": [ [ [ 523063.559, 520273.271 ], [ 523048.75099999998929, 520276.034999999974389 ], [ 523033.548, 520280.971000000019558 ], [ 523023.850000000034925, 520286.492000000027474 ], [ 523013.313000000023749, 520297.358 ], [ 523007.517999999981839, 520307.511 ], [ 523001.561999999976251, 520319.077 ], [ 522995.047000000020489, 520326.974999999976717 ], [ 522983.003000000026077, 520336.847 ], [ 522977.87, 520344.152 ], [ 522970.169, 520362.51400000002468 ], [ 522960.297000000020489, 520403.582 ], [ 522976.658999999985099, 520406.436999999976251 ], [ 522982.148999999975786, 520381.862000000022817 ], [ 522984.545999999972992, 520364.158 ], [ 522988.788, 520359.179 ], [ 523008.88900000002468, 520351.802000000025146 ], [ 523031.571999999985565, 520347.007999999972526 ], [ 523066.348, 520338.343999999982771 ], [ 523066.396, 520338.387999999977183 ], [ 523063.559, 520273.271 ] ] ] } },
{ "type": "Feature", "properties": { "fid": 936750, "crop": "pasture_meadow_grassland_grass" }, "geometry": { "type": "Polygon", "coordinates": [ [ [ 513740.39000000001397, 531719.334999999962747 ], [ 513768.914999999979045, 531684.241000000038184 ], [ 513780.547000000020489, 531668.792000000015832 ], [ 513810.287000000011176, 531625.322000000043772 ], [ 513808.44, 531621.71999999997206 ], [ 513794.310999999986961, 531617.38 ], [ 513786.184, 531629.570000000065193 ], [ 513766.791000000026543, 531657.089999999967404 ], [ 513750.445, 531676.761000000056811 ], [ 513730.773999999975786, 531697.354999999981374 ], [ 513723.161000000021886, 531705.71999999997206 ], [ 513740.39000000001397, 531719.334999999962747 ] ] ] } },
{ "type": "Feature", "properties": { "fid": 1374926, "crop": "pasture_meadow_grassland_grass" }, "geometry": { "type": "Polygon", "coordinates": [ [ [ 549224.206, 502459.38900000002468 ], [ 549233.464000000036322, 502451.836000000010245 ], [ 549250.706, 502453.478 ], [ 549267.305000000051223, 502438.870999999984633 ], [ 549273.944999999948777, 502445.068000000028405 ], [ 549277.466999999945983, 502448.294 ], [ 549285.454000000027008, 502454.363000000012107 ], [ 549288.773000000044703, 502461.667000000015832 ], [ 549290.70499999995809, 502474.055 ], [ 549288.511999999987893, 502494.309 ], [ 549282.373999999952503, 502500.74900000001071 ], [ 549286.365, 502502.284999999974389 ], [ 549292.92000000004191, 502494.629000000015367 ], [ 549295.430999999982305, 502472.660000000032596 ], [ 549294.175999999977648, 502458.538 ], [ 549292.92000000004191, 502437.824000000022352 ], [ 549281.307999999960884, 502416.483 ], [ 549255.574000000022352, 502397.338999999978114 ], [ 549253.062999999965541, 502374.743000000016764 ], [ 549248.873999999952503, 502374.743000000016764 ], [ 549248.733, 502411.620999999984633 ], [ 549244.633000000030734, 502429.710000000020955 ], [ 549230.160999999963678, 502451.417000000015832 ], [ 549223.361000000033528, 502457.818000000028405 ], [ 549224.206, 502459.38900000002468 ] ] ] } },
{ "type": "Feature", "properties": { "fid": 1911596, "crop": "pasture_meadow_grassland_grass" }, "geometry": { "type": "Polygon", "coordinates": [ [ [ 525605.834999999962747, 506842.517 ], [ 525618.881000000052154, 506843.283999999985099 ], [ 525629.417999999946915, 506844.896 ], [ 525645.677999999956228, 506838.707999999984168 ], [ 525663.337000000057742, 506838.134000000020023 ], [ 525679.128000000026077, 506840.071999999985565 ], [ 525686.091000000014901, 506846.675999999977648 ], [ 525693.772, 506848.685999999986961 ], [ 525731.02800000004936, 506850.884000000020023 ], [ 525731.307000000029802, 506850.457999999984168 ], [ 525734.297000000020489, 506847.680999999982305 ], [ 525743.765999999945052, 506845.901000000012573 ], [ 525754.660000000032596, 506848.392999999981839 ], [ 525760.424, 506860.033 ], [ 525782.087000000057742, 506866.261 ], [ 525820.824999999953434, 506875.38900000002468 ], [ 525836.270000000018626, 506874.675999999977648 ], [ 525840.881000000052154, 506871.506 ], [ 525847.957999999984168, 506857.370999999984633 ], [ 525855.854000000050291, 506849.906000000017229 ], [ 525860.73499999998603, 506838.564000000013039 ], [ 525860.62, 506834.25 ], [ 525874.707000000053085, 506819.952999999979511 ], [ 525877.910999999963678, 506811.364 ], [ 525849.824000000022352, 506810.57 ], [ 525843.292000000015832, 506808.343999999982771 ], [ 525842.214999999967404, 506804.325000000011642 ], [ 525852.0, 506784.419999999983702 ], [ 525848.191, 506783.465000000025611 ], [ 525839.201, 506788.892 ], [ 525813.072000000043772, 506801.525000000023283 ], [ 525792.11199999996461, 506805.473 ], [ 525765.984000000054948, 506803.966000000014901 ], [ 525743.587999999988824, 506799.731000000028871 ], [ 525728.729000000050291, 506799.228 ], [ 525718.106000000028871, 506794.561999999976251 ], [ 525707.697000000043772, 506786.020000000018626 ], [ 525700.805999999982305, 506774.75099999998929 ], [ 525699.20499999995809, 506766.343 ], [ 525693.772, 506771.808000000019092 ], [ 525678.091999999945983, 506787.352000000013504 ], [ 525674.533999999985099, 506790.973 ], [ 525665.920999999972992, 506801.022999999986496 ], [ 525662.474999999976717, 506804.038 ], [ 525657.162999999942258, 506807.267999999981839 ], [ 525654.077000000048429, 506809.348999999987427 ], [ 525649.483, 506812.077 ], [ 525646.468, 506812.938000000023749 ], [ 525625.87699999997858, 506824.387999999977183 ], [ 525615.341999999945983, 506831.871999999973923 ], [ 525609.212999999988824, 506837.99 ], [ 525605.834999999962747, 506842.517 ] ], [ [ 525668.807999999960884, 506818.674 ], [ 525671.930999999982305, 506807.041000000026543 ], [ 525674.533999999985099, 506800.82 ], [ 525675.810000000055879, 506799.158 ], [ 525683.033000000054017, 506792.23499999998603 ], [ 525688.780999999959022, 506790.24900000001071 ], [ 525692.422999999951571, 506790.75099999998929 ], [ 525697.412999999942258, 506792.875 ], [ 525712.822999999974854, 506806.18 ], [ 525713.349999999976717, 506808.351000000024214 ], [ 525713.037999999942258, 506810.700000000011642 ], [ 525711.302999999956228, 506813.882999999972526 ], [ 525698.216999999945983, 506824.711000000010245 ], [ 525692.697999999974854, 506827.207 ], [ 525689.628999999957159, 506827.62699999997858 ], [ 525687.305999999982305, 506827.186999999976251 ], [ 525678.707000000053085, 506823.972 ], [ 525669.079000000027008, 506822.055 ], [ 525668.687999999965541, 506820.721000000019558 ], [ 525668.807999999960884, 506818.674 ] ], [ [ 525799.856999999959953, 506831.517 ], [ 525805.856999999959953, 506827.479 ], [ 525811.841000000014901, 506829.204000000027008 ], [ 525814.153999999980442, 506827.941999999980908 ], [ 525816.886999999987893, 506817.64000000001397 ], [ 525830.133000000030734, 506814.48599999997532 ], [ 525839.23699999996461, 506820.575000000011642 ], [ 525838.233, 506831.277 ], [ 525834.758999999961816, 506847.286000000021886 ], [ 525824.246000000042841, 506844.762999999977183 ], [ 525814.995, 506836.563000000023749 ], [ 525807.846000000019558, 506840.558000000019092 ], [ 525803.0, 506840.650000000023283 ], [ 525799.856999999959953, 506831.517 ] ], [ [ 525766.199000000022352, 506853.996999999973923 ], [ 525768.251000000047497, 506849.928000000014435 ], [ 525774.652, 506846.230000000039581 ], [ 525786.030999999959022, 506847.297000000020489 ], [ 525795.341999999945983, 506850.911000000021886 ], [ 525794.743999999947846, 506857.555 ], [ 525780.412999999942258, 506864.507999999972526 ], [ 525767.77800000004936, 506859.237000000022817 ], [ 525766.199000000022352, 506853.996999999973923 ] ], [ [ 525711.430000000051223, 506832.678000000014435 ], [ 525717.675000000046566, 506827.223 ], [ 525721.432000000029802, 506830.465000000025611 ], [ 525726.00199999997858, 506837.057000000029802 ], [ 525720.044, 506845.168 ], [ 525715.378000000026077, 506838.277 ], [ 525711.430000000051223, 506832.678000000014435 ] ], [ [ 525734.831, 506824.065 ], [ 525742.457000000053085, 506819.532 ], [ 525742.667000000015832, 506819.532 ], [ 525748.182000000029802, 506824.423 ], [ 525746.241999999969266, 506828.783 ], [ 525738.462000000057742, 506831.096000000019558 ], [ 525734.831, 506824.065 ] ], [ [ 525708.395999999949709, 506821.424 ], [ 525710.709000000031665, 506819.952999999979511 ], [ 525713.231999999959953, 506819.742000000027474 ], [ 525716.175000000046566, 506822.896 ], [ 525716.148000000044703, 506826.427000000025146 ], [ 525710.709999999962747, 506831.723999999987427 ], [ 525706.082999999984168, 506827.310999999986961 ], [ 525708.395999999949709, 506821.424 ] ] ] } },
{ "type": "Feature", "properties": { "fid": 966068, "crop": "pasture_meadow_grassland_grass" }, "geometry": { "type": "Polygon", "coordinates": [ [ [ 537051.770999999949709, 515300.976000000024214 ], [ 537025.131999999983236, 515287.689000000013039 ], [ 537021.724000000045635, 515299.56 ], [ 537017.273000000044703, 515313.62300000002142 ], [ 537061.626000000047497, 515336.830000000016298 ], [ 537059.190000000060536, 515325.532 ], [ 537056.020000000018626, 515313.410000000032596 ], [ 537051.770999999949709, 515300.976000000024214 ] ] ] } },
{ "type": "Feature", "properties": { "fid": 937301, "crop": "pasture_meadow_grassland_grass" }, "geometry": { "type": "Polygon", "coordinates": [ [ [ 512857.870999999984633, 525435.560999999986961 ], [ 512884.738000000012107, 525457.361000000033528 ], [ 512913.696, 525485.751000000047497 ], [ 512927.436999999976251, 525498.555999999982305 ], [ 512959.017, 525534.452999999979511 ], [ 512967.272, 525527.062000000034459 ], [ 512975.871999999973923, 525518.422000000020489 ], [ 512957.315, 525499.167000000015832 ], [ 512931.403, 525470.358 ], [ 512908.445, 525446.832000000053085 ], [ 512899.901000000012573, 525439.267 ], [ 512879.493000000016764, 525423.959000000031665 ], [ 512859.550999999977648, 525434.704000000027008 ], [ 512857.870999999984633, 525435.560999999986961 ] ] ] } },
{ "type": "Feature", "properties": { "fid": 2382584, "crop": "pasture_meadow_grassland_grass" }, "geometry": { "type": "Polygon", "coordinates": [ [ [ 518741.775000000023283, 509439.739 ], [ 518740.364, 509448.650000000023283 ], [ 518735.767, 509480.94 ], [ 518732.184, 509524.84499999997206 ], [ 518730.946999999985565, 509541.288999999989755 ], [ 518730.612000000022817, 509555.36099999997532 ], [ 518732.065, 509572.288999999989755 ], [ 518737.968, 509624.733 ], [ 518743.614, 509656.132999999972526 ], [ 518745.522999999986496, 509667.965000000025611 ], [ 518747.24, 509684.473 ], [ 518747.145000000018626, 509701.363000000012107 ], [ 518744.854999999981374, 509713.767999999981839 ], [ 518742.183000000019092, 509729.321999999985565 ], [ 518740.083999999973457, 509745.543 ], [ 518735.666000000026543, 509761.669999999983702 ], [ 518732.794999999983702, 509772.462999999988824 ], [ 518750.686999999976251, 509778.717 ], [ 518747.147, 509790.128000000026077 ], [ 518790.369, 509807.673 ], [ 518793.066, 509805.650000000023283 ], [ 518797.892, 509795.136 ], [ 518799.583999999973457, 509780.702999999979511 ], [ 518804.221000000019558, 509756.006999999983236 ], [ 518805.652, 509743.619 ], [ 518805.427000000025146, 509728.560999999986961 ], [ 518804.079000000027008, 509700.017 ], [ 518803.87699999997858, 509669.333999999973457 ], [ 518805.87699999997858, 509661.136 ], [ 518806.550999999977648, 509631.244 ], [ 518805.652, 509601.12699999997858 ], [ 518804.304, 509587.417000000015832 ], [ 518803.629000000015367, 509565.617000000027474 ], [ 518802.730000000039581, 509548.536000000021886 ], [ 518801.886999999987893, 509539.069000000017695 ], [ 518800.129000000015367, 509530.935 ], [ 518798.460000000020955, 509525.836000000010245 ], [ 518795.988000000012107, 509520.666000000026543 ], [ 518789.034999999974389, 509509.470000000030268 ], [ 518782.164999999979045, 509502.121999999973923 ], [ 518774.054, 509492.103 ], [ 518771.0, 509488.286000000021886 ], [ 518764.798, 509480.843 ], [ 518758.767999999981839, 509472.087 ], [ 518753.060999999986961, 509464.907 ], [ 518748.466000000014901, 509456.629000000015367 ], [ 518744.166000000026543, 509446.143999999971129 ], [ 518741.775000000023283, 509439.739 ] ], [ [ 518795.511999999987893, 509782.87300000002142 ], [ 518796.172000000020489, 509783.753000000026077 ], [ 518775.506999999983236, 509796.283999999985099 ], [ 518774.186999999976251, 509796.283999999985099 ], [ 518795.511999999987893, 509782.87300000002142 ] ] ] } },
{ "type": "Feature", "properties": { "fid": 1029389, "crop": "pasture_meadow_grassland_grass" }, "geometry": { "type": "Polygon", "coordinates": [ [ [ 529586.420999999972992, 517934.457 ], [ 529604.927000000025146, 517953.540000000037253 ], [ 529611.23499999998603, 517946.455000000016298 ], [ 529617.957999999984168, 517940.283 ], [ 529627.792000000015832, 517928.559 ], [ 529629.821, 517922.59499999997206 ], [ 529624.552999999956228, 517914.87699999997858 ], [ 529603.699999999953434, 517903.449000000022352 ], [ 529599.172999999951571, 517912.724999999976717 ], [ 529586.420999999972992, 517934.457 ] ] ] } },
{ "type": "Feature", "properties": { "fid": 469248, "crop": "pasture_meadow_grassland_grass" }, "geometry": { "type": "Polygon", "coordinates": [ [ [ 550957.017, 512229.653 ], [ 550973.767, 512217.555999999982305 ], [ 550981.832000000053085, 512210.731000000028871 ], [ 550984.392, 512208.87599999998929 ], [ 550975.535999999963678, 512198.402 ], [ 550968.493999999947846, 512201.425999999977648 ], [ 550951.743999999947846, 512207.319000000017695 ], [ 550908.62699999997858, 512217.865999999979977 ], [ 550897.88, 512220.346000000019558 ], [ 550903.084999999962747, 512247.607000000018161 ], [ 550913.900999999954365, 512246.093 ], [ 550927.528999999980442, 512243.773999999975786 ], [ 550939.88, 512239.636 ], [ 550947.979999999981374, 512235.74 ], [ 550957.017, 512229.653 ] ] ] } },
{ "type": "Feature", "properties": { "fid": 2056205, "crop": "pasture_meadow_grassland_grass" }, "geometry": { "type": "Polygon", "coordinates": [ [ [ 516543.347, 536682.84499999997206 ], [ 516546.881, 536692.542999999946915 ], [ 516560.696999999985565, 536688.648999999975786 ], [ 516567.316999999980908, 536683.584000000031665 ], [ 516592.011, 536656.807000000029802 ], [ 516587.446999999985565, 536653.788999999989755 ], [ 516580.901000000012573, 536656.226000000024214 ], [ 516572.365, 536661.863000000012107 ], [ 516543.347, 536682.84499999997206 ] ] ] } },
{ "type": "Feature", "properties": { "fid": 2241025, "crop": "pasture_meadow_grassland_grass" }, "geometry": { "type": "Polygon", "coordinates": [ [ [ 558449.057000000029802, 522340.99 ], [ 558493.287000000011176, 522341.347 ], [ 558497.582999999984168, 522316.44 ], [ 558485.689000000013039, 522308.697999999974854 ], [ 558476.317000000039116, 522303.645000000018626 ], [ 558466.243000000016764, 522302.045999999972992 ], [ 558464.962999999988824, 522307.642999999981839 ], [ 558460.248999999952503, 522307.677000000025146 ], [ 558459.520000000018626, 522303.48499999998603 ], [ 558457.131999999983236, 522305.699000000022352 ], [ 558453.54500000004191, 522313.833999999973457 ], [ 558451.691, 522319.636 ], [ 558449.057000000029802, 522340.99 ] ] ] } },
{ "type": "Feature", "properties": { "fid": 2372904, "crop": "pasture_meadow_grassland_grass" }, "geometry": { "type": "Polygon", "coordinates": [ [ [ 543299.098, 503161.537000000011176 ], [ 543365.212000000057742, 503246.204000000027008 ], [ 543368.888999999966472, 503240.520000000018626 ], [ 543351.571, 503216.958999999973457 ], [ 543327.10999999998603, 503187.218999999982771 ], [ 543318.567999999970198, 503176.881999999983236 ], [ 543312.753999999957159, 503169.704000000027008 ], [ 543309.309, 503165.613000000012107 ], [ 543302.273999999975786, 503155.348 ], [ 543286.691, 503133.168 ], [ 543282.893000000040047, 503128.071 ], [ 543283.245, 503134.56 ], [ 543288.082000000053085, 503144.456 ], [ 543299.098, 503161.537000000011176 ] ] ] } },
{ "type": "Feature", "properties": { "fid": 1653647, "crop": "pasture_meadow_grassland_grass" }, "geometry": { "type": "Polygon", "coordinates": [ [ [ 529214.255, 520522.51500000001397 ], [ 529202.177000000025146, 520504.691 ], [ 529192.199000000022352, 520514.120999999984633 ], [ 529187.302999999956228, 520518.069000000017695 ], [ 529181.550999999977648, 520530.781000000017229 ], [ 529167.625, 520542.881999999983236 ], [ 529155.672000000020489, 520560.528999999980442 ], [ 529152.533999999985099, 520580.082 ], [ 529157.415000000037253, 520598.552000000025146 ], [ 529164.185000000055879, 520604.200000000011642 ], [ 529168.890999999945052, 520603.411000000021886 ], [ 529178.234000000054948, 520609.856000000028871 ], [ 529181.919, 520610.034999999974389 ], [ 529194.267, 520594.163 ], [ 529192.62300000002142, 520589.878000000026077 ], [ 529193.62, 520587.553000000014435 ], [ 529195.92000000004191, 520585.604999999981374 ], [ 529200.410999999963678, 520584.237000000022817 ], [ 529203.726999999955297, 520583.762999999977183 ], [ 529205.78000000002794, 520582.973999999987427 ], [ 529229.917999999946915, 520556.799999999988358 ], [ 529214.255, 520522.51500000001397 ] ] ] } },
{ "type": "Feature", "properties": { "fid": 468330, "crop": "pasture_meadow_grassland_grass" }, "geometry": { "type": "Polygon", "coordinates": [ [ [ 548312.04500000004191, 515349.25 ], [ 548271.816, 515377.821 ], [ 548224.172999999951571, 515409.13900000002468 ], [ 548169.533000000054017, 515440.456 ], [ 548102.184, 515473.340000000025611 ], [ 548020.672999999951571, 515510.379000000015367 ], [ 548024.373999999952503, 515525.791000000026543 ], [ 548084.908000000054017, 515501.093 ], [ 548116.559, 515487.100000000034925 ], [ 548171.268000000040047, 515460.494 ], [ 548256.532, 515411.467 ], [ 548322.714000000036322, 515365.275000000023283 ], [ 548312.04500000004191, 515349.25 ] ] ] } },
{ "type": "Feature", "properties": { "fid": 574601, "crop": "pasture_meadow_grassland_grass" }, "geometry": { "type": "Polygon", "coordinates": [ [ [ 534492.270999999949709, 532745.873999999952503 ], [ 534487.868999999947846, 532756.79500000004191 ], [ 534480.258000000030734, 532773.363000000012107 ], [ 534472.84699999995064, 532796.165000000037253 ], [ 534469.525000000023283, 532805.738000000012107 ], [ 534476.207000000053085, 532802.726000000024214 ], [ 534507.706, 532792.115 ], [ 534560.756000000052154, 532775.109000000054948 ], [ 534585.218, 532713.148000000044703 ], [ 534543.37, 532728.478 ], [ 534548.064000000013039, 532712.22199999995064 ], [ 534558.848, 532677.302999999956228 ], [ 534570.351000000024214, 532644.973 ], [ 534588.023999999975786, 532603.49800000002142 ], [ 534614.292999999946915, 532547.050000000046566 ], [ 534622.773999999975786, 532528.109000000054948 ], [ 534652.711000000010245, 532468.648999999975786 ], [ 534637.437000000034459, 532462.74800000002142 ], [ 534601.321, 532536.27800000004936 ], [ 534584.182000000029802, 532528.508999999961816 ], [ 534566.307000000029802, 532567.800999999977648 ], [ 534558.694000000017695, 532586.569000000017695 ], [ 534536.898000000044703, 532633.718 ], [ 534527.709000000031665, 532658.98499999998603 ], [ 534518.643999999971129, 532679.951 ], [ 534516.518000000040047, 532686.50199999997858 ], [ 534504.702000000048429, 532715.02800000004936 ], [ 534492.270999999949709, 532745.873999999952503 ] ] ] } },
{ "type": "Feature", "properties": { "fid": 473043, "crop": "pasture_meadow_grassland_grass" }, "geometry": { "type": "Polygon", "coordinates": [ [ [ 519767.074000000022352, 517910.316 ], [ 519776.137999999977183, 517920.544999999983702 ], [ 519781.452, 517926.207999999984168 ], [ 519793.943000000028405, 517940.371999999973923 ], [ 519814.973, 517970.767999999981839 ], [ 519830.00199999997858, 518005.10999999998603 ], [ 519838.674, 518025.886 ], [ 519838.422000000020489, 518025.949000000022352 ], [ 519842.528, 518035.386 ], [ 519856.079000000027008, 518072.330000000016298 ], [ 519871.082999999984168, 518103.143999999971129 ], [ 519877.696999999985565, 518115.566 ], [ 519881.408, 518120.406000000017229 ], [ 519881.082, 518123.708999999973457 ], [ 519894.006, 518119.663 ], [ 519899.62599999998929, 518122.941 ], [ 519902.51400000002468, 518126.141 ], [ 519904.392999999981839, 518135.215000000025611 ], [ 519915.031000000017229, 518132.086000000010245 ], [ 519906.091000000014901, 518105.564000000013039 ], [ 519905.859, 518099.246999999973923 ], [ 519901.73499999998603, 518080.397 ], [ 519896.88, 518061.972 ], [ 519890.597, 518028.202999999979511 ], [ 519881.153, 518000.44 ], [ 519876.233, 517984.772 ], [ 519863.930999999982305, 517971.045999999972992 ], [ 519845.413999999989755, 517954.730000000039581 ], [ 519812.26500000001397, 517934.011999999987893 ], [ 519785.792000000015832, 517919.19 ], [ 519767.074000000022352, 517910.316 ] ] ] } },
{ "type": "Feature", "properties": { "fid": 1364515, "crop": "pasture_meadow_grassland_grass" }, "geometry": { "type": "Polygon", "coordinates": [ [ [ 527277.464999999967404, 554748.48699999996461 ], [ 527257.883000000030734, 554762.856000000028871 ], [ 527171.493999999947846, 554821.684 ], [ 527097.949999999953434, 554873.040999999968335 ], [ 527100.912999999942258, 554888.645999999949709 ], [ 527182.14000000001397, 554833.866000000038184 ], [ 527230.787999999942258, 554806.525000000023283 ], [ 527272.378000000026077, 554782.837999999988824 ], [ 527329.116000000038184, 554742.430999999982305 ], [ 527301.96999999997206, 554730.09699999995064 ], [ 527277.464999999967404, 554748.48699999996461 ] ] ] } },
{ "type": "Feature", "properties": { "fid": 897826, "crop": "pasture_meadow_grassland_grass" }, "geometry": { "type": "Polygon", "coordinates": [ [ [ 535576.055000000051223, 552142.616999999969266 ], [ 535575.692000000039116, 552113.677999999956228 ], [ 535563.544, 552119.349000000045635 ], [ 535524.517, 552140.706 ], [ 535515.775000000023283, 552146.072999999974854 ], [ 535496.89000000001397, 552154.787000000011176 ], [ 535484.238999999943189, 552162.378000000026077 ], [ 535471.145999999949709, 552168.091999999945983 ], [ 535435.334999999962747, 552187.457999999984168 ], [ 535415.209000000031665, 552198.667000000015832 ], [ 535430.20499999995809, 552223.633000000030734 ], [ 535438.865, 552237.49 ], [ 535442.314000000013039, 552244.728 ], [ 535574.848, 552173.207000000053085 ], [ 535614.332000000053085, 552158.572999999974854 ], [ 535643.297000000020489, 552148.633000000030734 ], [ 535639.522, 552121.606999999959953 ], [ 535581.20499999995809, 552140.658999999985099 ], [ 535576.055000000051223, 552142.616999999969266 ] ] ] } },
{ "type": "Feature", "properties": { "fid": 2293090, "crop": "pasture_meadow_grassland_grass" }, "geometry": { "type": "Polygon", "coordinates": [ [ [ 515721.850000000034925, 517677.290000000037253 ], [ 515721.990999999979977, 517687.343999999982771 ], [ 515725.672000000020489, 517696.615 ], [ 515730.444000000017695, 517705.74900000001071 ], [ 515739.169, 517718.565 ], [ 515740.397, 517718.292000000015832 ], [ 515735.761, 517710.657 ], [ 515738.200000000011642, 517707.544 ], [ 515740.756, 517700.307000000029802 ], [ 515734.604, 517696.0 ], [ 515729.272999999986496, 517689.848999999987427 ], [ 515727.646, 517682.853 ], [ 515732.555, 517674.99900000001071 ], [ 515740.900000000023283, 517670.336000000010245 ], [ 515748.712999999988824, 517668.392999999981839 ], [ 515757.098999999987427, 517668.12699999997858 ], [ 515771.754000000015367, 517669.075000000011642 ], [ 515795.634000000020023, 517670.827 ], [ 515808.367000000027474, 517669.0 ], [ 515808.642999999981839, 517666.653999999980442 ], [ 515808.160000000032596, 517660.75099999998929 ], [ 515793.456, 517652.322999999974854 ], [ 515783.607000000018161, 517644.81 ], [ 515780.343, 517640.717 ], [ 515780.343, 517636.218 ], [ 515782.115, 517632.537000000011176 ], [ 515787.983, 517626.653 ], [ 515819.441999999980908, 517600.875 ], [ 515819.441999999980908, 517596.212 ], [ 515819.196999999985565, 517581.976000000024214 ], [ 515807.169999999983702, 517585.903 ], [ 515783.615, 517593.272 ], [ 515764.217, 517598.174999999988358 ], [ 515743.109, 517583.939000000013039 ], [ 515735.990999999979977, 517573.87599999998929 ], [ 515735.01, 517560.621999999973923 ], [ 515722.492000000027474, 517552.032 ], [ 515725.12699999997858, 517610.178000000014435 ], [ 515725.672000000020489, 517613.041000000026543 ], [ 515730.034999999974389, 517613.450000000011642 ], [ 515732.080000000016298, 517617.675999999977648 ], [ 515729.761999999987893, 517619.721000000019558 ], [ 515725.12699999997858, 517619.175999999977648 ], [ 515724.445, 517623.674999999988358 ], [ 515721.850000000034925, 517677.290000000037253 ] ] ] } },
{ "type": "Feature", "properties": { "fid": 373767, "crop": "pasture_meadow_grassland_grass" }, "geometry": { "type": "Polygon", "coordinates": [ [ [ 535831.905999999959022, 551248.307000000029802 ], [ 535853.616999999969266, 551252.488000000012107 ], [ 535854.690000000060536, 551243.785000000032596 ], [ 535854.316, 551233.136999999987893 ], [ 535831.905999999959022, 551248.307000000029802 ] ] ] } },
{ "type": "Feature", "properties": { "fid": 1834455, "crop": "pasture_meadow_grassland_grass" }, "geometry": { "type": "Polygon", "coordinates": [ [ [ 522580.49900000001071, 543029.643999999971129 ], [ 522578.272, 543047.74 ], [ 522572.424999999988358, 543090.890999999945052 ], [ 522569.402, 543121.937999999965541 ], [ 522564.87599999998929, 543163.912000000011176 ], [ 522582.151000000012573, 543166.564000000013039 ], [ 522589.119, 543123.481000000028871 ], [ 522589.994, 543105.314000000013039 ], [ 522590.878000000026077, 543090.474000000045635 ], [ 522593.302000000025146, 543066.631999999983236 ], [ 522597.353, 543027.978 ], [ 522602.131, 542987.452999999979511 ], [ 522611.012999999977183, 542955.191 ], [ 522611.266, 542946.886000000056811 ], [ 522617.132999999972526, 542919.070000000065193 ], [ 522627.65500000002794, 542880.408000000054017 ], [ 522637.788999999989755, 542835.518999999971129 ], [ 522616.26500000001397, 542834.75199999997858 ], [ 522611.206, 542861.908000000054017 ], [ 522603.218, 542905.267 ], [ 522592.208999999973457, 542956.559 ], [ 522592.695, 542962.395000000018626 ], [ 522589.686999999976251, 542968.701 ], [ 522586.24800000002142, 542985.351999999955297 ], [ 522591.017999999981839, 542989.101999999955297 ], [ 522591.995999999984633, 542995.533000000054017 ], [ 522593.185, 543003.90300000004936 ], [ 522588.946999999985565, 543006.897 ], [ 522585.478, 543014.258999999961816 ], [ 522583.186999999976251, 543021.540999999968335 ], [ 522580.49900000001071, 543029.643999999971129 ] ] ] } },
{ "type": "Feature", "properties": { "fid": 1384418, "crop": "pasture_meadow_grassland_grass" }, "geometry": { "type": "Polygon", "coordinates": [ [ [ 554943.275000000023283, 514525.768999999971129 ], [ 554983.802000000025146, 514515.543 ], [ 554978.233, 514493.912000000011176 ], [ 554960.474000000045635, 514436.117000000027474 ], [ 554949.045999999972992, 514401.220000000030268 ], [ 554922.535999999963678, 514419.480000000039581 ], [ 554930.88, 514453.470000000030268 ], [ 554935.794, 514479.195 ], [ 554940.883000000030734, 514513.191 ], [ 554943.275000000023283, 514525.768999999971129 ] ] ] } },
{ "type": "Feature", "properties": { "fid": 22346, "crop": "pasture_meadow_grassland_grass" }, "geometry": { "type": "Polygon", "coordinates": [ [ [ 504867.03000000002794, 506278.652 ], [ 504860.282, 506278.957999999984168 ], [ 504854.84499999997206, 506279.636999999987893 ], [ 504853.367000000027474, 506283.24800000002142 ], [ 504827.115, 506280.87599999998929 ], [ 504824.617000000027474, 506284.794999999983702 ], [ 504828.811999999976251, 506287.727000000013504 ], [ 504830.368000000016764, 506290.657 ], [ 504830.368000000016764, 506295.325000000011642 ], [ 504829.12300000002142, 506299.136 ], [ 504825.181999999971595, 506301.935999999986961 ], [ 504818.200000000011642, 506304.561999999976251 ], [ 504821.444000000017695, 506306.354999999981374 ], [ 504833.470000000030268, 506306.713999999978114 ], [ 504852.857000000018161, 506308.689000000013039 ], [ 504875.473999999987427, 506312.818000000028405 ], [ 504898.199000000022352, 506317.183000000019092 ], [ 504900.034999999974389, 506303.561999999976251 ], [ 504900.617000000027474, 506298.892 ], [ 504900.272999999986496, 506296.439000000013039 ], [ 504895.541000000026543, 506291.354999999981374 ], [ 504888.484, 506283.451 ], [ 504881.852000000013504, 506279.918 ], [ 504867.03000000002794, 506278.652 ] ] ] } },
{ "type": "Feature", "properties": { "fid": 771472, "crop": "pasture_meadow_grassland_grass" }, "geometry": { "type": "Polygon", "coordinates": [ [ [ 557205.478, 558822.395000000018626 ], [ 557200.165000000037253, 558816.020999999949709 ], [ 557183.243000000016764, 558812.430999999982305 ], [ 557183.5, 558828.446 ], [ 557182.726000000024214, 558860.562000000034459 ], [ 557178.716999999945983, 558874.126000000047497 ], [ 557189.09499999997206, 558870.282 ], [ 557193.055000000051223, 558870.702000000048429 ], [ 557197.334999999962747, 558870.712000000057742 ], [ 557199.851000000024214, 558859.341000000014901 ], [ 557202.718, 558839.408999999985099 ], [ 557205.478, 558822.395000000018626 ] ] ] } },
{ "type": "Feature", "properties": { "fid": 2205674, "crop": "pasture_meadow_grassland_grass" }, "geometry": { "type": "Polygon", "coordinates": [ [ [ 542433.199000000022352, 503269.350000000034925 ], [ 542435.209000000031665, 503272.150000000023283 ], [ 542439.731000000028871, 503275.523999999975786 ], [ 542446.550999999977648, 503279.256 ], [ 542453.729000000050291, 503283.348 ], [ 542457.246000000042841, 503285.788 ], [ 542477.650999999954365, 503279.919999999983702 ], [ 542530.64000000001397, 503264.01 ], [ 542569.381000000052154, 503252.169 ], [ 542624.437000000034459, 503232.652 ], [ 542686.202999999979511, 503213.463999999978114 ], [ 542786.27800000004936, 503195.341000000014901 ], [ 542780.582999999984168, 503189.378000000026077 ], [ 542772.018000000040047, 503180.813000000023749 ], [ 542767.192000000039116, 503176.555 ], [ 542766.648000000044703, 503175.615999999979977 ], [ 542745.49, 503156.435999999986961 ], [ 542670.272, 503174.37 ], [ 542626.937000000034459, 503185.401000000012573 ], [ 542556.702000000048429, 503207.365 ], [ 542499.522, 503225.669999999983702 ], [ 542457.089000000036322, 503238.842 ], [ 542457.128999999957159, 503238.970000000030268 ], [ 542442.998999999952503, 503243.885 ], [ 542437.606000000028871, 503253.169 ], [ 542434.875, 503259.722 ], [ 542433.305000000051223, 503264.841000000014901 ], [ 542433.312000000034459, 503269.325000000011642 ], [ 542433.199000000022352, 503269.350000000034925 ] ] ] } },
{ "type": "Feature", "properties": { "fid": 415910, "crop": "pasture_meadow_grassland_grass" }, "geometry": { "type": "Polygon", "coordinates": [ [ [ 531407.018999999971129, 555943.451 ], [ 531406.473, 555941.288999999989755 ], [ 531406.38, 555938.885 ], [ 531400.746000000042841, 555941.01300000003539 ], [ 531372.635, 555951.219000000040978 ], [ 531389.859000000054948, 556043.658999999985099 ], [ 531394.197999999974854, 556050.207999999984168 ], [ 531437.940000000060536, 556095.799 ], [ 531452.066, 556132.545999999972992 ], [ 531464.00199999997858, 556125.665000000037253 ], [ 531462.82999999995809, 556122.697000000043772 ], [ 531458.003000000026077, 556124.363000000012107 ], [ 531436.993000000016764, 556088.650000000023283 ], [ 531414.29500000004191, 556063.809 ], [ 531393.552999999956228, 556042.517 ], [ 531387.780999999959022, 556007.841999999945983 ], [ 531404.277, 556005.53000000002794 ], [ 531401.723, 555990.121999999973923 ], [ 531384.841000000014901, 555992.363000000012107 ], [ 531378.101000000024214, 555955.88800000003539 ], [ 531397.07999999995809, 555947.726000000024214 ], [ 531407.018999999971129, 555943.451 ] ] ] } },
{ "type": "Feature", "properties": { "fid": 1711964, "crop": "pasture_meadow_grassland_grass" }, "geometry": { "type": "Polygon", "coordinates": [ [ [ 558743.299, 511592.416000000026543 ], [ 558744.170999999972992, 511599.174999999988358 ], [ 558747.113999999943189, 511604.843 ], [ 558749.076, 511606.587999999988824 ], [ 558751.321, 511613.222 ], [ 558756.474000000045635, 511613.821999999985565 ], [ 558763.390999999945052, 511612.212999999988824 ], [ 558768.761000000056811, 511607.617000000027474 ], [ 558770.773000000044703, 511602.960000000020955 ], [ 558769.731999999959953, 511599.152 ], [ 558767.897, 511595.316 ], [ 558764.366000000038184, 511590.112000000022817 ], [ 558763.191, 511583.600000000034925 ], [ 558765.131999999983236, 511576.492000000027474 ], [ 558767.991999999969266, 511569.868000000016764 ], [ 558770.702000000048429, 511561.288 ], [ 558775.924, 511553.268999999971129 ], [ 558781.74, 511547.799999999988358 ], [ 558786.584999999962747, 511544.939000000013039 ], [ 558796.816, 511541.147999999986496 ], [ 558797.947999999974854, 511539.160000000032596 ], [ 558790.027, 511533.076 ], [ 558784.550999999977648, 511536.601000000024214 ], [ 558777.476000000024214, 511540.815 ], [ 558772.39000000001397, 511543.275000000023283 ], [ 558767.680999999982305, 511545.24800000002142 ], [ 558760.917000000015832, 511547.439000000013039 ], [ 558752.337000000057742, 511552.406000000017229 ], [ 558745.821, 511559.587 ], [ 558744.373999999952503, 511564.239 ], [ 558745.461000000010245, 511576.558000000019092 ], [ 558743.408000000054017, 511582.060999999986961 ], [ 558743.299, 511592.416000000026543 ] ] ] } },
{ "type": "Feature", "properties": { "fid": 2202679, "crop": "spring_common_soft_wheat" }, "geometry": { "type": "Polygon", "coordinates": [ [ [ 526414.314000000013039, 534851.532 ], [ 526437.810000000055879, 534856.576 ], [ 526477.337000000057742, 534775.831 ], [ 526502.932999999960884, 534724.64000000001397 ], [ 526533.148999999975786, 534675.199999999953434 ], [ 526552.21999999997206, 534645.949000000022352 ], [ 526574.219000000040978, 534608.508000000030734 ], [ 526597.136999999987893, 534569.238000000012107 ], [ 526628.160000000032596, 534511.202999999979511 ], [ 526617.160999999963678, 534509.932999999960884 ], [ 526607.802000000025146, 534508.140999999945052 ], [ 526585.559, 534548.596000000019558 ], [ 526563.155999999959022, 534587.116999999969266 ], [ 526545.978, 534615.542000000015832 ], [ 526529.180000000051223, 534642.368000000016764 ], [ 526510.128999999957159, 534670.768000000040047 ], [ 526490.304, 534702.520000000018626 ], [ 526461.375, 534758.030999999959022 ], [ 526445.395000000018626, 534788.312000000034459 ], [ 526414.314000000013039, 534851.532 ] ] ] } },
{ "type": "Feature", "properties": { "fid": 20758, "crop": "spring_common_soft_wheat" }, "geometry": { "type": "Polygon", "coordinates": [ [ [ 545801.680999999982305, 521148.993000000016764 ], [ 545813.469000000040978, 521144.631999999983236 ], [ 545826.373999999952503, 521140.666000000026543 ], [ 545842.883000000030734, 521137.221000000019558 ], [ 545839.724999999976717, 521090.276000000012573 ], [ 545839.006999999983236, 521074.62699999997858 ], [ 545842.022, 521042.326 ], [ 545848.339000000036322, 521012.465000000025611 ], [ 545851.783999999985099, 520994.520000000018626 ], [ 545815.368000000016764, 520963.892 ], [ 545807.85999999998603, 520997.43 ], [ 545800.245, 521055.39000000001397 ], [ 545801.680999999982305, 521148.993000000016764 ] ] ] } },
{ "type": "Feature", "properties": { "fid": 401121, "crop": "spring_common_soft_wheat" }, "geometry": { "type": "Polygon", "coordinates": [ [ [ 559674.628999999957159, 546597.525999999954365 ], [ 559757.714000000036322, 546672.12699999997858 ], [ 559761.76300000003539, 546674.576 ], [ 559766.270000000018626, 546658.628999999957159 ], [ 559787.586000000010245, 546626.969000000040978 ], [ 559797.557999999960884, 546614.672000000020489 ], [ 559742.180000000051223, 546571.812000000034459 ], [ 559704.196, 546539.794 ], [ 559669.890999999945052, 546508.587999999988824 ], [ 559636.913999999989755, 546474.726000000024214 ], [ 559624.022, 546459.584999999962747 ], [ 559609.883000000030734, 546467.581 ], [ 559565.077999999979511, 546494.309 ], [ 559595.810999999986961, 546524.861000000033528 ], [ 559615.101000000024214, 546543.191 ], [ 559674.628999999957159, 546597.525999999954365 ] ] ] } },
{ "type": "Feature", "properties": { "fid": 2369018, "crop": "spring_common_soft_wheat" }, "geometry": { "type": "Polygon", "coordinates": [ [ [ 540556.615, 518336.598999999987427 ], [ 540580.288999999989755, 518345.025000000023283 ], [ 540597.821, 518348.983 ], [ 540616.113000000012107, 518311.68 ], [ 540661.243000000016764, 518326.952999999979511 ], [ 540707.052999999956228, 518340.778999999980442 ], [ 540734.066, 518351.74800000002142 ], [ 540761.27800000004936, 518362.60999999998603 ], [ 540782.726000000024214, 518372.489 ], [ 540779.37699999997858, 518365.033 ], [ 540775.658999999985099, 518358.128000000026077 ], [ 540771.09699999995064, 518350.810999999986961 ], [ 540750.422999999951571, 518342.340000000025611 ], [ 540723.78000000002794, 518332.454000000027008 ], [ 540702.356000000028871, 518325.017 ], [ 540685.763999999966472, 518318.809 ], [ 540670.354000000050291, 518313.19 ], [ 540642.050999999977648, 518302.946999999985565 ], [ 540624.375, 518296.831 ], [ 540624.48699999996461, 518296.590000000025611 ], [ 540624.435000000055879, 518296.571 ], [ 540628.273000000044703, 518288.395000000018626 ], [ 540634.01300000003539, 518275.973 ], [ 540645.192000000039116, 518252.038999999989755 ], [ 540628.540000000037253, 518254.337999999988824 ], [ 540621.935999999986961, 518255.63 ], [ 540608.871999999973923, 518258.07 ], [ 540599.682000000029802, 518271.277 ], [ 540588.341000000014901, 518287.49900000001071 ], [ 540575.851000000024214, 518305.875 ], [ 540556.615, 518336.598999999987427 ] ] ] } },
{ "type": "Feature", "properties": { "fid": 2442666, "crop": "spring_common_soft_wheat" }, "geometry": { "type": "Polygon", "coordinates": [ [ [ 557287.834000000031665, 540674.964999999967404 ], [ 557289.400999999954365, 540673.885 ], [ 557312.354999999981374, 540672.691 ], [ 557319.064000000013039, 540661.400000000023283 ], [ 557323.167999999946915, 540655.37699999997858 ], [ 557333.255, 540635.871999999973923 ], [ 557339.005, 540620.778999999980442 ], [ 557343.962999999988824, 540607.221000000019558 ], [ 557352.625, 540570.194999999948777 ], [ 557359.082000000053085, 540532.658999999985099 ], [ 557362.412999999942258, 540492.086000000010245 ], [ 557335.359000000054948, 540495.930000000051223 ], [ 557304.346000000019558, 540499.231000000028871 ], [ 557291.785999999963678, 540571.425999999977648 ], [ 557289.312999999965541, 540604.180000000051223 ], [ 557287.834000000031665, 540674.964999999967404 ] ] ] } },
{ "type": "Feature", "properties": { "fid": 1657857, "crop": "spring_common_soft_wheat" }, "geometry": { "type": "Polygon", "coordinates": [ [ [ 528022.322999999974854, 528818.202000000048429 ], [ 527999.898999999975786, 528832.270999999949709 ], [ 527977.567000000039116, 528849.694000000017695 ], [ 527999.714999999967404, 528906.253999999957159 ], [ 528020.863000000012107, 528963.190000000060536 ], [ 528024.866999999969266, 528975.704000000027008 ], [ 528029.643000000040047, 528991.243000000016764 ], [ 528055.586000000010245, 528984.49800000002142 ], [ 528082.567000000039116, 528975.417999999946915 ], [ 528067.39000000001397, 528928.782 ], [ 528063.65300000004936, 528916.471000000019558 ], [ 528049.640999999945052, 528877.74 ], [ 528040.788999999989755, 528857.993000000016764 ], [ 528032.214999999967404, 528837.108 ], [ 528026.243999999947846, 528825.042000000015832 ], [ 528022.322999999974854, 528818.202000000048429 ] ] ] } },
{ "type": "Feature", "properties": { "fid": 392186, "crop": "spring_common_soft_wheat" }, "geometry": { "type": "Polygon", "coordinates": [ [ [ 514229.414999999979045, 530766.777 ], [ 514243.878000000026077, 530774.243000000016764 ], [ 514245.223, 530772.074999999953434 ], [ 514251.87400000001071, 530759.440000000060536 ], [ 514289.767999999981839, 530699.569000000017695 ], [ 514308.897, 530662.841999999945983 ], [ 514288.767999999981839, 530655.65500000002794 ], [ 514270.011999999987893, 530692.866999999969266 ], [ 514257.368000000016764, 530713.655999999959022 ], [ 514226.37599999998929, 530763.243000000016764 ], [ 514229.414999999979045, 530766.777 ] ] ] } },
{ "type": "Feature", "properties": { "fid": 1316718, "crop": "spring_common_soft_wheat" }, "geometry": { "type": "Polygon", "coordinates": [ [ [ 558785.054, 531764.682000000029802 ], [ 558772.229000000050291, 531772.966999999945983 ], [ 558749.596000000019558, 531784.028999999980442 ], [ 558728.937000000034459, 531790.552999999956228 ], [ 558678.006999999983236, 531805.0 ], [ 558604.535000000032596, 531805.996999999973923 ], [ 558584.23699999996461, 531806.716999999945983 ], [ 558584.093, 531816.218 ], [ 558584.812999999965541, 531840.113999999943189 ], [ 558649.017, 531838.675000000046566 ], [ 558685.773999999975786, 531828.148000000044703 ], [ 558759.142, 531800.957999999984168 ], [ 558792.97199999995064, 531782.243999999947846 ], [ 558785.054, 531764.682000000029802 ] ] ] } },
{ "type": "Feature", "properties": { "fid": 605610, "crop": "spring_common_soft_wheat" }, "geometry": { "type": "Polygon", "coordinates": [ [ [ 538577.778999999980442, 556126.728 ], [ 538547.712000000057742, 556128.709000000031665 ], [ 538546.812000000034459, 556168.13800000003539 ], [ 538547.172000000020489, 556184.702000000048429 ], [ 538549.329000000027008, 556209.709999999962747 ], [ 538558.393999999971129, 556209.908000000054017 ], [ 538578.442000000039116, 556208.74 ], [ 538591.094000000040978, 556206.403999999980442 ], [ 538607.248999999952503, 556202.706 ], [ 538624.697999999974854, 556195.495 ], [ 538636.834000000031665, 556188.108 ], [ 538649.570000000065193, 556179.868000000016764 ], [ 538661.371999999973923, 556167.768999999971129 ], [ 538669.533999999985099, 556155.991999999969266 ], [ 538680.324000000022352, 556135.623999999952503 ], [ 538684.466999999945983, 556120.89000000001397 ], [ 538685.104999999981374, 556109.084000000031665 ], [ 538672.258999999961816, 556114.339000000036322 ], [ 538659.218, 556118.037999999942258 ], [ 538644.62, 556121.346000000019558 ], [ 538624.37699999997858, 556122.903999999980442 ], [ 538609.001000000047497, 556123.48699999996461 ], [ 538577.778999999980442, 556126.728 ] ] ] } },
{ "type": "Feature", "properties": { "fid": 1956464, "crop": "spring_common_soft_wheat" }, "geometry": { "type": "Polygon", "coordinates": [ [ [ 524578.228, 526315.349999999976717 ], [ 524575.199000000022352, 526278.270000000018626 ], [ 524569.834999999962747, 526275.866000000038184 ], [ 524562.957000000053085, 526276.13 ], [ 524559.170999999972992, 526279.182000000029802 ], [ 524542.407, 526295.895000000018626 ], [ 524540.099000000045635, 526306.77800000004936 ], [ 524530.535999999963678, 526316.560999999986961 ], [ 524504.746000000042841, 526338.373999999952503 ], [ 524518.97199999995064, 526363.496000000042841 ], [ 524535.462999999988824, 526351.320000000065193 ], [ 524552.724999999976717, 526337.449000000022352 ], [ 524568.952000000048429, 526326.165000000037253 ], [ 524576.706, 526319.961000000010245 ], [ 524578.228, 526315.349999999976717 ] ] ] } },
{ "type": "Feature", "properties": { "fid": 1781126, "crop": "spring_common_soft_wheat" }, "geometry": { "type": "Polygon", "coordinates": [ [ [ 554106.150999999954365, 557549.057999999960884 ], [ 554128.84699999995064, 557546.969000000040978 ], [ 554170.638999999966472, 557536.295999999972992 ], [ 554197.415999999968335, 557527.810000000055879 ], [ 554206.919, 557526.609000000054948 ], [ 554129.942999999970198, 557237.99800000002142 ], [ 554030.187000000034459, 557264.270000000018626 ], [ 554106.150999999954365, 557549.057999999960884 ] ] ] } },
{ "type": "Feature", "properties": { "fid": 1185938, "crop": "spring_common_soft_wheat" }, "geometry": { "type": "Polygon", "coordinates": [ [ [ 556396.729000000050291, 528341.466999999945983 ], [ 556403.64000000001397, 528341.70499999995809 ], [ 556416.270999999949709, 528339.560999999986961 ], [ 556424.976999999955297, 528320.307000000029802 ], [ 556426.28000000002794, 528313.822999999974854 ], [ 556424.354999999981374, 528268.283000000054017 ], [ 556422.662000000011176, 528245.15500000002794 ], [ 556413.919, 528177.886999999987893 ], [ 556411.231000000028871, 528137.672000000020489 ], [ 556406.451, 528103.770999999949709 ], [ 556388.42000000004191, 528105.67000000004191 ], [ 556375.042000000015832, 528106.018000000040047 ], [ 556376.621000000042841, 528124.812000000034459 ], [ 556384.574999999953434, 528202.292000000015832 ], [ 556390.533000000054017, 528267.589999999967404 ], [ 556393.047000000020489, 528290.84699999995064 ], [ 556396.729000000050291, 528341.466999999945983 ] ] ] } },
{ "type": "Feature", "properties": { "fid": 1334413, "crop": "spring_common_soft_wheat" }, "geometry": { "type": "Polygon", "coordinates": [ [ [ 498387.293, 501070.968 ], [ 498389.387999999977183, 501079.346000000019558 ], [ 498391.308000000019092, 501086.677000000025146 ], [ 498395.147999999986496, 501096.277 ], [ 498398.988000000012107, 501099.593 ], [ 498404.398999999975786, 501102.211000000010245 ], [ 498411.555, 501104.830000000016298 ], [ 498417.49, 501107.797000000020489 ], [ 498430.057000000029802, 501110.76400000002468 ], [ 498446.463999999978114, 501113.731000000028871 ], [ 498460.773999999975786, 501115.865 ], [ 498486.319000000017695, 501117.772 ], [ 498478.26, 501071.593999999982771 ], [ 498478.204000000027008, 501070.674999999988358 ], [ 498476.762999999977183, 501059.504000000015367 ], [ 498471.177000000025146, 501046.170999999972992 ], [ 498466.669, 501052.645000000018626 ], [ 498460.438000000023749, 501055.273999999975786 ], [ 498446.903999999980442, 501059.558000000019092 ], [ 498437.112000000022817, 501061.532 ], [ 498387.293, 501068.13 ], [ 498387.293, 501070.968 ] ] ] } },
{ "type": "Feature", "properties": { "fid": 2217076, "crop": "spring_common_soft_wheat" }, "geometry": { "type": "Polygon", "coordinates": [ [ [ 540774.971000000019558, 547304.589000000036322 ], [ 540767.368999999947846, 547306.074999999953434 ], [ 540759.459999999962747, 547307.439000000013039 ], [ 540760.726999999955297, 547328.322000000043772 ], [ 540829.60999999998603, 547317.792000000015832 ], [ 540898.537000000011176, 547304.275000000023283 ], [ 540985.782, 547285.837000000057742 ], [ 540981.785000000032596, 547263.201 ], [ 540855.429, 547288.726999999955297 ], [ 540774.971000000019558, 547304.589000000036322 ] ] ] } },
{ "type": "Feature", "properties": { "fid": 2229605, "crop": "spring_common_soft_wheat" }, "geometry": { "type": "Polygon", "coordinates": [ [ [ 544128.537999999942258, 560188.775999999954365 ], [ 543987.104999999981374, 560239.707999999984168 ], [ 543957.287999999942258, 560250.694999999948777 ], [ 543965.797000000020489, 560375.27800000004936 ], [ 544212.319000000017695, 560286.060999999986961 ], [ 544186.351999999955297, 560256.831 ], [ 544161.523000000044703, 560228.476000000024214 ], [ 544138.493999999947846, 560202.136000000056811 ], [ 544128.537999999942258, 560188.775999999954365 ] ] ] } },
{ "type": "Feature", "properties": { "fid": 2104377, "crop": "spring_common_soft_wheat" }, "geometry": { "type": "Polygon", "coordinates": [ [ [ 551553.839000000036322, 542857.690000000060536 ], [ 551614.011999999987893, 542783.544 ], [ 551661.692000000039116, 542723.459000000031665 ], [ 551645.049, 542710.944999999948777 ], [ 551627.871999999973923, 542732.949000000022352 ], [ 551613.417000000015832, 542751.554 ], [ 551589.560000000055879, 542780.277 ], [ 551562.628000000026077, 542813.856000000028871 ], [ 551533.104999999981374, 542850.253000000026077 ], [ 551527.248999999952503, 542858.988999999943189 ], [ 551553.839000000036322, 542857.690000000060536 ] ] ] } },
{ "type": "Feature", "properties": { "fid": 1198824, "crop": "spring_common_soft_wheat" }, "geometry": { "type": "Polygon", "coordinates": [ [ [ 553435.498999999952503, 541345.731999999959953 ], [ 553411.491999999969266, 541354.14000000001397 ], [ 553369.187000000034459, 541369.941 ], [ 553335.332999999984168, 541381.912000000011176 ], [ 553293.947000000043772, 541394.961000000010245 ], [ 553298.283000000054017, 541466.439000000013039 ], [ 553341.594000000040978, 541454.902 ], [ 553409.365, 541434.72199999995064 ], [ 553438.62699999997858, 541425.647 ], [ 553440.349999999976717, 541354.398000000044703 ], [ 553437.383000000030734, 541351.371000000042841 ], [ 553435.498999999952503, 541345.731999999959953 ] ] ] } },
{ "type": "Feature", "properties": { "fid": 591268, "crop": "spring_common_soft_wheat" }, "geometry": { "type": "Polygon", "coordinates": [ [ [ 532620.368000000016764, 528354.99800000002142 ], [ 532594.294, 528314.042000000015832 ], [ 532572.898999999975786, 528279.790000000037253 ], [ 532539.513999999966472, 528226.756999999983236 ], [ 532521.658999999985099, 528195.979000000050291 ], [ 532507.273000000044703, 528164.773000000044703 ], [ 532505.121000000042841, 528158.113000000012107 ], [ 532494.432000000029802, 528159.648999999975786 ], [ 532495.897, 528165.425999999977648 ], [ 532502.204000000027008, 528181.913999999989755 ], [ 532508.378999999957159, 528194.87300000002142 ], [ 532518.118999999947846, 528212.741999999969266 ], [ 532541.981000000028871, 528254.810999999986961 ], [ 532561.718, 528287.827000000048429 ], [ 532578.956, 528313.892 ], [ 532612.067999999970198, 528365.067999999970198 ], [ 532627.658000000054017, 528387.984000000054948 ], [ 532634.863999999943189, 528377.13 ], [ 532620.368000000016764, 528354.99800000002142 ] ] ] } },
{ "type": "Feature", "properties": { "fid": 1123065, "crop": "spring_common_soft_wheat" }, "geometry": { "type": "Polygon", "coordinates": [ [ [ 555740.407, 549850.665000000037253 ], [ 555784.787000000011176, 549882.851000000024214 ], [ 555815.076, 549904.429 ], [ 555832.12, 549915.99 ], [ 555994.895000000018626, 549924.457000000053085 ], [ 555984.952000000048429, 549900.24800000002142 ], [ 555976.358, 549880.726000000024214 ], [ 555931.601000000024214, 549876.354000000050291 ], [ 555908.14000000001397, 549873.42000000004191 ], [ 555810.243000000016764, 549856.26 ], [ 555740.407, 549850.665000000037253 ] ] ] } },
{ "type": "Feature", "properties": { "fid": 2536689, "crop": "spring_common_soft_wheat" }, "geometry": { "type": "Polygon", "coordinates": [ [ [ 524964.175000000046566, 537216.650000000023283 ], [ 524971.336000000010245, 537238.12 ], [ 524974.366999999969266, 537255.598 ], [ 524974.054, 537280.895999999949709 ], [ 524970.464000000036322, 537305.76300000003539 ], [ 524993.425000000046566, 537309.454000000027008 ], [ 524995.20499999995809, 537265.204000000027008 ], [ 524992.74800000002142, 537236.756000000052154 ], [ 524991.883999999961816, 537226.253000000026077 ], [ 524987.935000000055879, 537209.848 ], [ 524977.910999999963678, 537189.13800000003539 ], [ 524971.236000000033528, 537188.841000000014901 ], [ 524961.307999999960884, 537189.680000000051223 ], [ 524953.832999999984168, 537191.728 ], [ 524964.175000000046566, 537216.650000000023283 ] ] ] } },
{ "type": "Feature", "properties": { "fid": 1108397, "crop": "spring_common_soft_wheat" }, "geometry": { "type": "Polygon", "coordinates": [ [ [ 541956.912999999942258, 547479.027 ], [ 541940.770999999949709, 547482.013999999966472 ], [ 541925.505, 547483.927999999956228 ], [ 541917.518000000040047, 547484.560000000055879 ], [ 541913.091999999945983, 547492.084999999962747 ], [ 541883.435000000055879, 547534.136000000056811 ], [ 541835.344000000040978, 547597.586000000010245 ], [ 541809.229999999981374, 547636.550000000046566 ], [ 541791.820000000065193, 547668.32999999995809 ], [ 541781.863999999943189, 547691.559 ], [ 541779.089999999967404, 547695.724000000045635 ], [ 541811.579000000027008, 547687.773000000044703 ], [ 541861.045999999972992, 547675.248999999952503 ], [ 541886.755, 547627.533000000054017 ], [ 541902.690000000060536, 547602.523999999975786 ], [ 541934.584000000031665, 547554.400999999954365 ], [ 541987.449000000022352, 547471.49800000002142 ], [ 541956.912999999942258, 547479.027 ] ] ] } },
{ "type": "Feature", "properties": { "fid": 2464120, "crop": "spring_common_soft_wheat" }, "geometry": { "type": "Polygon", "coordinates": [ [ [ 560877.920999999972992, 530332.278999999980442 ], [ 560866.277, 530385.807999999960884 ], [ 560851.663999999989755, 530453.99 ], [ 560900.366999999969266, 530457.70499999995809 ], [ 560908.20499999995809, 530417.996000000042841 ], [ 560922.223, 530352.48499999998603 ], [ 560927.77800000004936, 530332.277 ], [ 560928.442999999970198, 530330.782 ], [ 560924.022, 530330.84699999995064 ], [ 560877.920999999972992, 530332.278999999980442 ] ] ] } },
{ "type": "Feature", "properties": { "fid": 185872, "crop": "spring_common_soft_wheat" }, "geometry": { "type": "Polygon", "coordinates": [ [ [ 541381.383000000030734, 551696.331 ], [ 541352.976999999955297, 551702.724000000045635 ], [ 541357.530999999959022, 551719.162000000011176 ], [ 541374.709000000031665, 551780.01300000003539 ], [ 541390.142, 551822.790000000037253 ], [ 541404.402, 551857.51500000001397 ], [ 541420.337999999988824, 551893.75 ], [ 541449.527, 551956.826 ], [ 541474.691, 552009.501000000047497 ], [ 541495.018999999971129, 552048.780999999959022 ], [ 541511.265999999945052, 552081.214000000036322 ], [ 541525.226999999955297, 552106.003000000026077 ], [ 541567.398999999975786, 552064.466999999945983 ], [ 541539.942999999970198, 552012.106999999959953 ], [ 541515.947999999974854, 551960.61199999996461 ], [ 541501.491000000038184, 551926.957999999984168 ], [ 541468.586000000010245, 551855.310999999986961 ], [ 541449.479000000050291, 551808.996999999973923 ], [ 541427.366000000038184, 551750.935000000055879 ], [ 541411.145999999949709, 551694.157 ], [ 541404.714000000036322, 551693.076 ], [ 541381.383000000030734, 551696.331 ] ] ] } },
{ "type": "Feature", "properties": { "fid": 946546, "crop": "spring_common_soft_wheat" }, "geometry": { "type": "Polygon", "coordinates": [ [ [ 541506.812000000034459, 549236.99800000002142 ], [ 541511.429, 549250.300999999977648 ], [ 541634.459000000031665, 549214.861000000033528 ], [ 541668.417000000015832, 549204.824000000022352 ], [ 541702.133999999961816, 549194.219000000040978 ], [ 541709.136999999987893, 549191.035000000032596 ], [ 541727.878000000026077, 549180.13800000003539 ], [ 541745.743999999947846, 549169.349000000045635 ], [ 541766.02800000004936, 549157.038999999989755 ], [ 541762.682999999960884, 549142.432999999960884 ], [ 541760.609000000054948, 549137.73699999996461 ], [ 541506.812000000034459, 549236.99800000002142 ] ] ] } },
{ "type": "Feature", "properties": { "fid": 28674, "crop": "spring_common_soft_wheat" }, "geometry": { "type": "Polygon", "coordinates": [ [ [ 550300.88800000003539, 540969.527 ], [ 550298.02800000004936, 540921.337000000057742 ], [ 550297.952000000048429, 540916.832000000053085 ], [ 550292.314999999944121, 540846.54500000004191 ], [ 550288.599000000045635, 540804.856999999959953 ], [ 550286.344000000040978, 540759.175000000046566 ], [ 550284.75199999997858, 540742.854999999981374 ], [ 550283.0, 540732.288999999989755 ], [ 550277.38800000003539, 540709.817999999970198 ], [ 550255.297000000020489, 540658.67000000004191 ], [ 550241.591000000014901, 540651.145000000018626 ], [ 550217.807000000029802, 540639.04500000004191 ], [ 550224.366000000038184, 540655.368000000016764 ], [ 550236.191, 540680.761000000056811 ], [ 550249.908000000054017, 540712.625 ], [ 550254.302000000025146, 540732.903999999980442 ], [ 550257.486000000033528, 540751.01500000001397 ], [ 550258.481000000028871, 540762.359000000054948 ], [ 550260.87, 540798.78000000002794 ], [ 550262.85999999998603, 540815.895999999949709 ], [ 550263.851999999955297, 540830.89000000001397 ], [ 550271.422999999951571, 540909.871000000042841 ], [ 550274.40300000004936, 540950.035999999963678 ], [ 550275.996999999973923, 540970.214000000036322 ], [ 550278.253999999957159, 541013.358 ], [ 550281.983, 541039.393999999971129 ], [ 550304.897, 541034.032 ], [ 550300.88800000003539, 540969.527 ] ] ] } },
{ "type": "Feature", "properties": { "fid": 996912, "crop": "spring_common_soft_wheat" }, "geometry": { "type": "Polygon", "coordinates": [ [ [ 556061.116999999969266, 511647.522 ], [ 556056.765999999945052, 511630.25099999998929 ], [ 556052.981000000028871, 511625.12400000001071 ], [ 556050.731000000028871, 511619.005 ], [ 556049.564999999944121, 511606.99800000002142 ], [ 556040.834000000031665, 511608.028 ], [ 556031.025999999954365, 511611.987000000022817 ], [ 556010.961000000010245, 511621.794999999983702 ], [ 556004.572000000043772, 511628.003000000026077 ], [ 555993.223, 511648.743000000016764 ], [ 555986.792999999946915, 511657.57 ], [ 555976.738999999943189, 511672.511999999987893 ], [ 555971.368999999947846, 511680.955000000016298 ], [ 555959.606000000028871, 511695.658999999985099 ], [ 555947.030999999959022, 511708.417000000015832 ], [ 555941.562999999965541, 511713.702 ], [ 555940.724000000045635, 511718.031000000017229 ], [ 555973.373999999952503, 511709.183000000019092 ], [ 556026.964000000036322, 511696.215000000025611 ], [ 556051.197999999974854, 511689.859 ], [ 556070.226000000024214, 511687.211000000010245 ], [ 556061.116999999969266, 511647.522 ] ] ] } },
{ "type": "Feature", "properties": { "fid": 1198802, "crop": "spring_common_soft_wheat" }, "geometry": { "type": "Polygon", "coordinates": [ [ [ 552981.682999999960884, 541336.496000000042841 ], [ 552916.390999999945052, 541336.908999999985099 ], [ 552917.138999999966472, 541388.162000000011176 ], [ 552917.138999999966472, 541412.86199999996461 ], [ 552934.604000000050291, 541429.829000000027008 ], [ 552951.819000000017695, 541450.787000000011176 ], [ 552967.038999999989755, 541474.738999999943189 ], [ 552973.761000000056811, 541480.299 ], [ 552975.520000000018626, 541447.180999999982305 ], [ 552978.001000000047497, 541422.591999999945983 ], [ 552981.381999999983236, 541345.767 ], [ 552981.682999999960884, 541336.496000000042841 ] ] ] } },
{ "type": "Feature", "properties": { "fid": 1797395, "crop": "spring_common_soft_wheat" }, "geometry": { "type": "Polygon", "coordinates": [ [ [ 513117.946, 531046.256999999983236 ], [ 513125.186999999976251, 531055.488999999943189 ], [ 513131.097, 531060.363000000012107 ], [ 513139.647999999986496, 531064.248999999952503 ], [ 513160.799999999988358, 531070.366000000038184 ], [ 513203.832999999984168, 531078.175000000046566 ], [ 513223.066999999980908, 531080.582000000053085 ], [ 513241.847, 531084.550000000046566 ], [ 513262.104, 531088.983 ], [ 513268.507999999972526, 531069.191 ], [ 513240.694000000017695, 531063.059 ], [ 513202.848, 531057.25199999997858 ], [ 513168.637999999977183, 531050.251000000047497 ], [ 513145.788999999989755, 531044.797999999951571 ], [ 513123.009000000020023, 531038.900000000023283 ], [ 513111.914999999979045, 531034.856000000028871 ], [ 513117.946, 531046.256999999983236 ] ] ] } },
{ "type": "Feature", "properties": { "fid": 635106, "crop": "spring_common_soft_wheat" }, "geometry": { "type": "Polygon", "coordinates": [ [ [ 538911.226000000024214, 559915.464000000036322 ], [ 538923.275000000023283, 559946.959999999962747 ], [ 538932.084999999962747, 559973.300000000046566 ], [ 538961.5, 559963.898999999975786 ], [ 538988.628999999957159, 559954.868999999947846 ], [ 539001.863999999943189, 559950.321 ], [ 539011.008000000030734, 559947.63800000003539 ], [ 539062.707000000053085, 559930.824000000022352 ], [ 539117.831, 559918.716999999945983 ], [ 539136.520000000018626, 559912.03000000002794 ], [ 539147.723, 559907.48699999996461 ], [ 539154.768999999971129, 559902.770000000018626 ], [ 539168.932999999960884, 559885.064999999944121 ], [ 539182.824000000022352, 559868.995 ], [ 539189.24, 559861.23499999998603 ], [ 539206.128000000026077, 559829.849000000045635 ], [ 539220.669, 559814.113999999943189 ], [ 539237.800999999977648, 559802.361000000033528 ], [ 539236.28000000002794, 559799.138999999966472 ], [ 539206.128000000026077, 559817.101000000024214 ], [ 539188.26, 559826.277 ], [ 539144.025000000023283, 559843.60999999998603 ], [ 539120.042000000015832, 559851.917000000015832 ], [ 539087.212999999988824, 559859.927000000025146 ], [ 539033.618000000016764, 559873.758999999961816 ], [ 538952.162999999942258, 559900.761000000056811 ], [ 538920.094000000040978, 559912.113999999943189 ], [ 538911.226000000024214, 559915.464000000036322 ] ] ] } },
{ "type": "Feature", "properties": { "fid": 460854, "crop": "spring_common_soft_wheat" }, "geometry": { "type": "Polygon", "coordinates": [ [ [ 528225.241000000038184, 539202.687000000034459 ], [ 528221.331, 539243.527 ], [ 528344.476000000024214, 539203.101000000024214 ], [ 528386.300000000046566, 539190.814999999944121 ], [ 528438.09699999995064, 539176.974000000045635 ], [ 528497.694000000017695, 539160.792999999946915 ], [ 528504.439000000013039, 539159.390999999945052 ], [ 528516.464000000036322, 539157.292999999946915 ], [ 528567.170999999972992, 539148.643000000040047 ], [ 528594.24, 539141.802000000025146 ], [ 528588.76500000001397, 539121.712999999988824 ], [ 528597.115, 539118.819000000017695 ], [ 528593.437999999965541, 539106.956 ], [ 528589.841000000014901, 539101.440000000060536 ], [ 528551.718, 539111.486000000033528 ], [ 528502.481999999959953, 539120.658999999985099 ], [ 528459.834999999962747, 539130.307000000029802 ], [ 528341.684, 539165.26300000003539 ], [ 528302.952000000048429, 539177.148000000044703 ], [ 528285.334000000031665, 539183.440000000060536 ], [ 528225.241000000038184, 539202.687000000034459 ] ] ] } },
{ "type": "Feature", "properties": { "fid": 1028610, "crop": "spring_common_soft_wheat" }, "geometry": { "type": "Polygon", "coordinates": [ [ [ 534508.457999999984168, 557730.702000000048429 ], [ 534484.88, 557742.984000000054948 ], [ 534453.609000000054948, 557764.413999999989755 ], [ 534457.560000000055879, 557778.076 ], [ 534515.642, 557747.598 ], [ 534508.457999999984168, 557730.702000000048429 ] ] ] } },
{ "type": "Feature", "properties": { "fid": 821087, "crop": "spring_common_soft_wheat" }, "geometry": { "type": "Polygon", "coordinates": [ [ [ 553265.655999999959022, 545542.070000000065193 ], [ 553244.802999999956228, 545595.07999999995809 ], [ 553208.807000000029802, 545685.35999999998603 ], [ 553187.631000000052154, 545744.89000000001397 ], [ 553185.691, 545751.096000000019558 ], [ 553171.451, 545797.696 ], [ 553156.187000000034459, 545843.064999999944121 ], [ 553200.658999999985099, 545835.36199999996461 ], [ 553215.626000000047497, 545777.893000000040047 ], [ 553235.337000000057742, 545717.746999999973923 ], [ 553281.47199999995064, 545601.62 ], [ 553298.45499999995809, 545555.895000000018626 ], [ 553303.520999999949709, 545543.047000000020489 ], [ 553269.961000000010245, 545530.878000000026077 ], [ 553265.655999999959022, 545542.070000000065193 ] ] ] } },
{ "type": "Feature", "properties": { "fid": 2375874, "crop": "spring_common_soft_wheat" }, "geometry": { "type": "Polygon", "coordinates": [ [ [ 559710.552999999956228, 531076.287000000011176 ], [ 559743.287999999942258, 531078.256999999983236 ], [ 559793.018999999971129, 531080.277 ], [ 559843.893999999971129, 531080.60999999998603 ], [ 559868.087999999988824, 531081.194999999948777 ], [ 559884.949000000022352, 531080.429 ], [ 559903.341000000014901, 531079.907 ], [ 559926.27800000004936, 531074.550000000046566 ], [ 559927.621999999973923, 531040.11199999996461 ], [ 559927.689000000013039, 530985.175999999977648 ], [ 560014.643000000040047, 530979.025000000023283 ], [ 560140.848, 530969.729999999981374 ], [ 560141.158999999985099, 530923.738000000012107 ], [ 560078.729000000050291, 530925.449000000022352 ], [ 560001.001000000047497, 530926.104999999981374 ], [ 559932.979999999981374, 530927.964999999967404 ], [ 559931.005, 530944.015999999945052 ], [ 559836.802999999956228, 530942.294 ], [ 559758.148000000044703, 530942.268999999971129 ], [ 559705.756999999983236, 530941.091000000014901 ], [ 559706.442000000039116, 531008.128000000026077 ], [ 559710.552999999956228, 531076.287000000011176 ] ] ] } },
{ "type": "Feature", "properties": { "fid": 591271, "crop": "spring_common_soft_wheat" }, "geometry": { "type": "Polygon", "coordinates": [ [ [ 532635.628999999957159, 528382.848 ], [ 532682.295999999972992, 528467.962000000057742 ], [ 532704.790999999968335, 528508.005 ], [ 532722.429, 528537.851999999955297 ], [ 532734.113000000012107, 528557.956 ], [ 532744.562000000034459, 528575.615 ], [ 532754.392, 528568.594000000040978 ], [ 532719.258999999961816, 528509.538999999989755 ], [ 532710.050999999977648, 528495.366999999969266 ], [ 532679.430999999982305, 528441.224999999976717 ], [ 532663.606000000028871, 528411.185999999986961 ], [ 532652.550999999977648, 528389.508000000030734 ], [ 532643.533000000054017, 528372.439000000013039 ], [ 532635.628999999957159, 528382.848 ] ] ] } },
{ "type": "Feature", "properties": { "fid": 1022595, "crop": "spring_common_soft_wheat" }, "geometry": { "type": "Polygon", "coordinates": [ [ [ 526335.658000000054017, 561579.756999999983236 ], [ 526430.206, 561539.24800000002142 ], [ 526481.577000000048429, 561520.890999999945052 ], [ 526477.917000000015832, 561506.827999999979511 ], [ 526474.099999999976717, 561508.366999999969266 ], [ 526467.216999999945983, 561481.405999999959022 ], [ 526429.508000000030734, 561500.709000000031665 ], [ 526355.787999999942258, 561530.809 ], [ 526343.856999999959953, 561546.25 ], [ 526338.032, 561556.758999999961816 ], [ 526335.981999999959953, 561566.336000000010245 ], [ 526335.47199999995064, 561571.694999999948777 ], [ 526335.658000000054017, 561579.756999999983236 ] ] ] } },
{ "type": "Feature", "properties": { "fid": 400883, "crop": "spring_common_soft_wheat" }, "geometry": { "type": "Polygon", "coordinates": [ [ [ 555006.295999999972992, 551465.574999999953434 ], [ 555070.836000000010245, 551475.077999999979511 ], [ 555070.427999999956228, 551476.753000000026077 ], [ 555102.26, 551478.076 ], [ 555154.87, 551478.849000000045635 ], [ 555173.635, 551479.515999999945052 ], [ 555207.854999999981374, 551478.199000000022352 ], [ 555164.047000000020489, 551428.724000000045635 ], [ 555146.836000000010245, 551403.057999999960884 ], [ 555142.07999999995809, 551385.665999999968335 ], [ 555142.13, 551378.410999999963678 ], [ 555124.408000000054017, 551383.35999999998603 ], [ 555119.386000000056811, 551384.932999999960884 ], [ 555091.89000000001397, 551392.322999999974854 ], [ 555059.787000000011176, 551399.118000000016764 ], [ 554984.359000000054948, 551410.341000000014901 ], [ 554943.263999999966472, 551412.75199999997858 ], [ 554945.765999999945052, 551454.650000000023283 ], [ 555006.295999999972992, 551465.574999999953434 ] ] ] } },
{ "type": "Feature", "properties": { "fid": 2265037, "crop": "spring_common_soft_wheat" }, "geometry": { "type": "Polygon", "coordinates": [ [ [ 530487.417999999946915, 558763.136999999987893 ], [ 530527.496000000042841, 558746.15500000002794 ], [ 530640.533999999985099, 558703.126000000047497 ], [ 530679.057000000029802, 558690.233 ], [ 530740.542999999946915, 558670.011000000056811 ], [ 530784.562000000034459, 558657.767 ], [ 530790.071, 558649.231999999959953 ], [ 530787.055999999982305, 558640.618000000016764 ], [ 530783.875, 558628.334999999962747 ], [ 530776.216999999945983, 558631.861000000033528 ], [ 530758.312000000034459, 558638.804 ], [ 530715.770999999949709, 558653.082000000053085 ], [ 530628.356999999959953, 558679.013999999966472 ], [ 530593.974000000045635, 558690.67000000004191 ], [ 530533.51300000003539, 558713.979999999981374 ], [ 530526.082999999984168, 558718.20499999995809 ], [ 530525.354999999981374, 558720.243999999947846 ], [ 530526.665999999968335, 558724.032 ], [ 530524.772, 558725.488999999943189 ], [ 530517.925000000046566, 558728.694000000017695 ], [ 530480.337000000057742, 558745.594000000040978 ], [ 530487.417999999946915, 558763.136999999987893 ] ] ] } },
{ "type": "Feature", "properties": { "fid": 1547888, "crop": "spring_common_soft_wheat" }, "geometry": { "type": "Polygon", "coordinates": [ [ [ 543707.158999999985099, 561195.243000000016764 ], [ 543709.593, 561193.886999999987893 ], [ 543725.520999999949709, 561188.572999999974854 ], [ 543742.106999999959953, 561187.407 ], [ 543755.189000000013039, 561192.959999999962747 ], [ 543765.106000000028871, 561186.532 ], [ 543630.113999999943189, 560939.707999999984168 ], [ 543581.711000000010245, 560851.207000000053085 ], [ 543538.900000000023283, 560858.496000000042841 ], [ 543524.474000000045635, 560861.216999999945983 ], [ 543707.158999999985099, 561195.243000000016764 ] ] ] } },
{ "type": "Feature", "properties": { "fid": 938176, "crop": "spring_common_soft_wheat" }, "geometry": { "type": "Polygon", "coordinates": [ [ [ 553887.942999999970198, 550048.35999999998603 ], [ 553931.40300000004936, 550053.78000000002794 ], [ 553944.115, 550054.322999999974854 ], [ 553973.562999999965541, 550053.01 ], [ 553988.770999999949709, 550001.802000000025146 ], [ 554033.820000000065193, 550003.461000000010245 ], [ 554030.545999999972992, 549996.412000000011176 ], [ 554021.883000000030734, 549991.020999999949709 ], [ 554009.37, 549979.27800000004936 ], [ 553995.893999999971129, 549965.224999999976717 ], [ 553993.398000000044703, 549962.84499999997206 ], [ 553926.425000000046566, 549945.582000000053085 ], [ 553904.96999999997206, 549940.228 ], [ 553898.437999999965541, 549969.685000000055879 ], [ 553890.02800000004936, 550013.285000000032596 ], [ 553887.942999999970198, 550048.35999999998603 ] ] ] } },
{ "type": "Feature", "properties": { "fid": 2522220, "crop": "spring_common_soft_wheat" }, "geometry": { "type": "Polygon", "coordinates": [ [ [ 530058.133000000030734, 559627.603 ], [ 530034.70499999995809, 559643.466000000014901 ], [ 530020.687000000034459, 559655.234000000054948 ], [ 530030.283999999985099, 559675.520999999949709 ], [ 530051.533999999985099, 559663.797000000020489 ], [ 530069.941, 559651.962999999988824 ], [ 530111.87, 559628.10999999998603 ], [ 530147.934, 559603.26300000003539 ], [ 530164.832000000053085, 559590.011000000056811 ], [ 530220.0, 559536.285000000032596 ], [ 530205.231000000028871, 559514.422999999951571 ], [ 530176.099000000045635, 559542.930000000051223 ], [ 530149.099999999976717, 559568.13800000003539 ], [ 530128.246999999973923, 559583.814000000013039 ], [ 530107.329000000027008, 559598.26 ], [ 530085.12300000002142, 559612.875 ], [ 530058.133000000030734, 559627.603 ] ] ] } },
{ "type": "Feature", "properties": { "fid": 1781321, "crop": "spring_common_soft_wheat" }, "geometry": { "type": "Polygon", "coordinates": [ [ [ 550041.441, 553860.716000000014901 ], [ 549985.951, 553875.986000000033528 ], [ 549980.959000000031665, 553881.194000000017695 ], [ 550004.461000000010245, 553932.246999999973923 ], [ 550032.339000000036322, 553926.258999999961816 ], [ 550064.209000000031665, 553917.978 ], [ 550097.476000000024214, 553906.934 ], [ 550147.993999999947846, 553887.71999999997206 ], [ 550175.488999999943189, 553876.172000000020489 ], [ 550229.197000000043772, 553855.091999999945983 ], [ 550268.606000000028871, 553837.312000000034459 ], [ 550321.069000000017695, 553816.270000000018626 ], [ 550367.601999999955297, 553798.937000000034459 ], [ 550406.998999999952503, 553787.821 ], [ 550424.621000000042841, 553784.285000000032596 ], [ 550426.831, 553772.091999999945983 ], [ 550426.547000000020489, 553765.38800000003539 ], [ 550423.26300000003539, 553759.777 ], [ 550409.006999999983236, 553752.191 ], [ 550369.787999999942258, 553762.341999999945983 ], [ 550346.692999999970198, 553769.123999999952503 ], [ 550319.582000000053085, 553778.234000000054948 ], [ 550281.621000000042841, 553793.503000000026077 ], [ 550225.07999999995809, 553811.305999999982305 ], [ 550205.331, 553815.150999999954365 ], [ 550191.802999999956228, 553819.165000000037253 ], [ 550121.488000000012107, 553836.506999999983236 ], [ 550041.441, 553860.716000000014901 ] ] ] } },
{ "type": "Feature", "properties": { "fid": 1316721, "crop": "spring_common_soft_wheat" }, "geometry": { "type": "Polygon", "coordinates": [ [ [ 560677.319000000017695, 530741.018000000040047 ], [ 560670.77800000004936, 530796.895000000018626 ], [ 560695.917000000015832, 530800.104000000050291 ], [ 560700.439000000013039, 530756.314000000013039 ], [ 560698.457000000053085, 530756.077000000048429 ], [ 560699.738999999943189, 530743.650000000023283 ], [ 560706.582000000053085, 530744.444999999948777 ], [ 560710.716999999945983, 530693.346000000019558 ], [ 560710.687000000034459, 530691.574000000022352 ], [ 560683.147, 530691.133000000030734 ], [ 560682.900000000023283, 530693.368000000016764 ], [ 560677.319000000017695, 530741.018000000040047 ] ] ] } },
{ "type": "Feature", "properties": { "fid": 1173113, "crop": "spring_common_soft_wheat" }, "geometry": { "type": "Polygon", "coordinates": [ [ [ 554742.307999999960884, 543977.745 ], [ 554746.993999999947846, 543977.908000000054017 ], [ 554765.812000000034459, 543974.663999999989755 ], [ 554788.608, 543964.552000000025146 ], [ 554789.805999999982305, 543933.726000000024214 ], [ 554795.334999999962747, 543849.699000000022352 ], [ 554796.95499999995809, 543843.885 ], [ 554814.025000000023283, 543744.973 ], [ 554820.743000000016764, 543708.265999999945052 ], [ 554841.540000000037253, 543577.648000000044703 ], [ 554843.854999999981374, 543547.745 ], [ 554847.471000000019558, 543494.476000000024214 ], [ 554833.785000000032596, 543491.853 ], [ 554804.29500000004191, 543487.535000000032596 ], [ 554796.690000000060536, 543568.822000000043772 ], [ 554789.412000000011176, 543633.724000000045635 ], [ 554772.532, 543736.211000000010245 ], [ 554763.089999999967404, 543784.128000000026077 ], [ 554755.177000000025146, 543840.131999999983236 ], [ 554748.035000000032596, 543895.506000000052154 ], [ 554744.143000000040047, 543935.452000000048429 ], [ 554743.241000000038184, 543964.341000000014901 ], [ 554742.307999999960884, 543977.745 ] ] ] } },
{ "type": "Feature", "properties": { "fid": 424925, "crop": "spring_common_soft_wheat" }, "geometry": { "type": "Polygon", "coordinates": [ [ [ 555126.155999999959022, 543249.427000000025146 ], [ 555136.398999999975786, 543322.679 ], [ 555145.952000000048429, 543381.273999999975786 ], [ 555152.042999999946915, 543419.898999999975786 ], [ 555157.817999999970198, 543394.077000000048429 ], [ 555168.518000000040047, 543359.978 ], [ 555173.976000000024214, 543349.567000000039116 ], [ 555192.684, 543311.663999999989755 ], [ 555271.566, 543333.28000000002794 ], [ 555330.988999999943189, 543344.191 ], [ 555337.488000000012107, 543291.022 ], [ 555292.863000000012107, 543280.932999999960884 ], [ 555228.726999999955297, 543261.973 ], [ 555220.582000000053085, 543260.415000000037253 ], [ 555219.258999999961816, 543256.952999999979511 ], [ 555201.593, 543250.290999999968335 ], [ 555121.996000000042841, 543220.694999999948777 ], [ 555126.155999999959022, 543249.427000000025146 ] ] ] } },
{ "type": "Feature", "properties": { "fid": 2229244, "crop": "spring_common_soft_wheat" }, "geometry": { "type": "Polygon", "coordinates": [ [ [ 538406.618000000016764, 557108.640999999945052 ], [ 538412.123999999952503, 557113.973 ], [ 538423.777, 557126.429 ], [ 538438.479000000050291, 557138.160000000032596 ], [ 538459.831, 557154.839000000036322 ], [ 538475.868000000016764, 557166.226000000024214 ], [ 538499.76300000003539, 557179.542000000015832 ], [ 538515.229999999981374, 557186.883999999961816 ], [ 538545.13800000003539, 557201.616000000038184 ], [ 538599.582999999984168, 557227.511000000056811 ], [ 538634.993999999947846, 557242.118000000016764 ], [ 538691.652, 557264.471000000019558 ], [ 538762.474000000045635, 557289.922999999951571 ], [ 538748.974000000045635, 557267.12699999997858 ], [ 538733.044, 557241.892 ], [ 538706.258999999961816, 557210.469000000040978 ], [ 538681.471000000019558, 557188.116000000038184 ], [ 538665.756999999983236, 557173.066 ], [ 538641.191, 557163.106000000028871 ], [ 538584.533000000054017, 557137.876000000047497 ], [ 538551.555999999982305, 557122.826 ], [ 538536.052000000025146, 557115.466000000014901 ], [ 538521.412000000011176, 557105.812000000034459 ], [ 538495.255, 557087.172000000020489 ], [ 538461.479000000050291, 557058.422000000020489 ], [ 538449.52800000004936, 557063.734000000054948 ], [ 538434.60999999998603, 557074.736000000033528 ], [ 538426.952999999979511, 557082.767 ], [ 538410.574999999953434, 557102.907 ], [ 538406.618000000016764, 557108.640999999945052 ] ] ] } },
{ "type": "Feature", "properties": { "fid": 1374836, "crop": "spring_common_soft_wheat" }, "geometry": { "type": "Polygon", "coordinates": [ [ [ 558429.790000000037253, 531890.84499999997206 ], [ 558396.851000000024214, 531901.115 ], [ 558414.430999999982305, 531938.919 ], [ 558436.226000000024214, 531998.125 ], [ 558442.555999999982305, 531998.991999999969266 ], [ 558444.025999999954365, 531999.278999999980442 ], [ 558468.935999999986961, 532001.697000000043772 ], [ 558444.599000000045635, 531932.968 ], [ 558429.790000000037253, 531890.84499999997206 ] ] ] } },
{ "type": "Feature", "properties": { "fid": 392103, "crop": "spring_common_soft_wheat" }, "geometry": { "type": "Polygon", "coordinates": [ [ [ 512754.788, 531523.109000000054948 ], [ 512783.184, 531558.729999999981374 ], [ 512802.495, 531544.285000000032596 ], [ 512814.951, 531531.454000000027008 ], [ 512825.435, 531515.054 ], [ 512838.784999999974389, 531494.665000000037253 ], [ 512869.971000000019558, 531445.626000000047497 ], [ 512892.397999999986496, 531407.148000000044703 ], [ 512885.777, 531397.006000000052154 ], [ 512875.532, 531376.555999999982305 ], [ 512844.658, 531414.34499999997206 ], [ 512810.410000000032596, 531468.287000000011176 ], [ 512798.012999999977183, 531481.38800000003539 ], [ 512771.400000000023283, 531506.324999999953434 ], [ 512754.788, 531523.109000000054948 ] ] ] } },
{ "type": "Feature", "properties": { "fid": 2518163, "crop": "spring_common_soft_wheat" }, "geometry": { "type": "Polygon", "coordinates": [ [ [ 528859.47199999995064, 540652.339000000036322 ], [ 528851.540999999968335, 540622.878999999957159 ], [ 528843.892, 540603.616000000038184 ], [ 528837.023000000044703, 540592.089999999967404 ], [ 528825.522, 540582.532 ], [ 528813.865, 540580.104000000050291 ], [ 528801.685000000055879, 540582.37 ], [ 528790.92000000004191, 540585.770000000018626 ], [ 528773.050000000046566, 540592.616999999969266 ], [ 528757.261000000056811, 540599.444999999948777 ], [ 528729.875, 540610.34499999997206 ], [ 528736.890999999945052, 540616.956 ], [ 528760.265999999945052, 540638.138999999966472 ], [ 528771.731999999959953, 540651.283000000054017 ], [ 528779.702000000048429, 540662.049 ], [ 528784.596000000019558, 540672.535999999963678 ], [ 528788.371000000042841, 540683.023000000044703 ], [ 528793.348, 540707.753000000026077 ], [ 528794.849999999976717, 540721.505 ], [ 528820.745, 540714.32999999995809 ], [ 528833.658999999985099, 540710.138999999966472 ], [ 528845.197000000043772, 540703.724000000045635 ], [ 528854.569000000017695, 540696.087000000057742 ], [ 528860.946, 540680.082999999984168 ], [ 528859.47199999995064, 540652.339000000036322 ] ] ] } },
{ "type": "Feature", "properties": { "fid": 823697, "crop": "spring_common_soft_wheat" }, "geometry": { "type": "Polygon", "coordinates": [ [ [ 551602.518000000040047, 542856.018999999971129 ], [ 551628.346000000019558, 542822.461000000010245 ], [ 551652.39000000001397, 542791.395999999949709 ], [ 551690.859000000054948, 542742.636999999987893 ], [ 551680.922000000020489, 542736.729999999981374 ], [ 551641.50199999997858, 542786.491999999969266 ], [ 551604.817999999970198, 542833.65500000002794 ], [ 551586.189000000013039, 542857.378000000026077 ], [ 551602.518000000040047, 542856.018999999971129 ] ] ] } },
{ "type": "Feature", "properties": { "fid": 401825, "crop": "spring_common_soft_wheat" }, "geometry": { "type": "Polygon", "coordinates": [ [ [ 537592.775999999954365, 555092.427000000025146 ], [ 537577.376000000047497, 555097.165000000037253 ], [ 537566.320000000065193, 555101.772 ], [ 537552.518999999971129, 555107.812000000034459 ], [ 537538.152, 555114.538999999989755 ], [ 537510.905999999959022, 555129.412000000011176 ], [ 537482.133000000030734, 555146.78000000002794 ], [ 537506.635, 555165.332000000053085 ], [ 537549.47199999995064, 555142.96999999997206 ], [ 537591.116000000038184, 555122.854000000050291 ], [ 537609.755, 555116.118999999947846 ], [ 537652.663999999989755, 555106.773000000044703 ], [ 537718.87, 555094.533000000054017 ], [ 537759.27800000004936, 555087.292999999946915 ], [ 537802.209000000031665, 555077.520000000018626 ], [ 537798.368000000016764, 555053.336000000010245 ], [ 537754.277, 555061.495 ], [ 537675.040000000037253, 555074.26300000003539 ], [ 537624.496999999973923, 555083.476000000024214 ], [ 537592.775999999954365, 555092.427000000025146 ] ] ] } },
{ "type": "Feature", "properties": { "fid": 2334060, "crop": "spring_common_soft_wheat" }, "geometry": { "type": "Polygon", "coordinates": [ [ [ 528053.903999999980442, 535893.995 ], [ 528085.466999999945983, 535902.898000000044703 ], [ 528101.658000000054017, 535907.787000000011176 ], [ 528111.763999999966472, 535904.687999999965541 ], [ 528150.437999999965541, 535880.971000000019558 ], [ 528185.88800000003539, 535857.746999999973923 ], [ 528196.365, 535847.777 ], [ 528238.949000000022352, 535817.022 ], [ 528247.398000000044703, 535811.277 ], [ 528274.773000000044703, 535793.196 ], [ 528316.820000000065193, 535763.091000000014901 ], [ 528332.564999999944121, 535752.809 ], [ 528352.816, 535741.022 ], [ 528334.557000000029802, 535719.547999999951571 ], [ 528352.245, 535706.46999999997206 ], [ 528381.484000000054948, 535686.245 ], [ 528374.045999999972992, 535669.809 ], [ 528371.123999999952503, 535664.839000000036322 ], [ 528359.28000000002794, 535646.542000000015832 ], [ 528357.621000000042841, 535647.702999999979511 ], [ 528325.273999999975786, 535669.559 ], [ 528277.143999999971129, 535702.525000000023283 ], [ 528260.011999999987893, 535713.055999999982305 ], [ 528245.96999999997206, 535722.324000000022352 ], [ 528224.88, 535737.459999999962747 ], [ 528206.756999999983236, 535751.292999999946915 ], [ 528188.452999999979511, 535764.853 ], [ 528141.97199999995064, 535799.148999999975786 ], [ 528070.327999999979511, 535851.697999999974854 ], [ 528021.528999999980442, 535888.751000000047497 ], [ 528053.903999999980442, 535893.995 ] ] ] } },
{ "type": "Feature", "properties": { "fid": 2190008, "crop": "spring_common_soft_wheat" }, "geometry": { "type": "Polygon", "coordinates": [ [ [ 553827.567000000039116, 550202.086000000010245 ], [ 553834.201, 550207.76300000003539 ], [ 553843.59499999997206, 550211.446 ], [ 553857.883000000030734, 550211.856999999959953 ], [ 553874.868000000016764, 550218.025999999954365 ], [ 553877.013999999966472, 550221.603 ], [ 553879.383999999961816, 550226.26500000001397 ], [ 553884.761000000056811, 550227.339000000036322 ], [ 553888.988000000012107, 550227.542999999946915 ], [ 553988.594000000040978, 550205.640999999945052 ], [ 554061.103, 550190.604000000050291 ], [ 554045.452000000048429, 550169.086000000010245 ], [ 554026.579000000027008, 550170.714000000036322 ], [ 553994.560000000055879, 550171.73499999998603 ], [ 553976.584999999962747, 550171.939000000013039 ], [ 553953.538999999989755, 550174.042000000015832 ], [ 553943.488999999943189, 550174.042000000015832 ], [ 553918.082000000053085, 550176.77800000004936 ], [ 553883.359000000054948, 550179.434 ], [ 553883.881999999983236, 550131.268999999971129 ], [ 553884.883000000030734, 550044.907 ], [ 553887.981999999959953, 550013.111000000033528 ], [ 553894.067999999970198, 549980.797999999951571 ], [ 553903.836000000010245, 549938.197000000043772 ], [ 553911.555999999982305, 549908.123999999952503 ], [ 553869.944999999948777, 549898.466999999945983 ], [ 553864.038999999989755, 549926.116999999969266 ], [ 553849.976000000024214, 549996.320000000065193 ], [ 553840.353, 550036.957000000053085 ], [ 553832.652, 550069.104999999981374 ], [ 553830.439000000013039, 550087.696 ], [ 553828.778999999980442, 550113.701 ], [ 553829.800999999977648, 550152.593 ], [ 553827.736000000033528, 550172.790999999968335 ], [ 553824.964000000036322, 550197.001000000047497 ], [ 553827.567000000039116, 550202.086000000010245 ] ] ] } },
{ "type": "Feature", "properties": { "fid": 400798, "crop": "spring_common_soft_wheat" }, "geometry": { "type": "Polygon", "coordinates": [ [ [ 555249.773999999975786, 549893.560999999986961 ], [ 555201.476000000024214, 549869.577999999979511 ], [ 555209.27800000004936, 549884.773999999975786 ], [ 555232.072000000043772, 549912.392 ], [ 555246.153999999980442, 549930.366000000038184 ], [ 555254.106000000028871, 549954.273999999975786 ], [ 555266.479000000050291, 549961.419 ], [ 555279.550000000046566, 549963.859000000054948 ], [ 555288.680000000051223, 549963.008999999961816 ], [ 555297.741999999969266, 549954.785000000032596 ], [ 555303.076, 549949.743000000016764 ], [ 555311.790000000037253, 549939.461000000010245 ], [ 555313.976000000024214, 549935.535999999963678 ], [ 555315.408999999985099, 549934.145000000018626 ], [ 555284.952000000048429, 549914.366000000038184 ], [ 555249.773999999975786, 549893.560999999986961 ] ] ] } },
{ "type": "Feature", "properties": { "fid": 1819549, "crop": "spring_common_soft_wheat" }, "geometry": { "type": "Polygon", "coordinates": [ [ [ 545975.261000000056811, 560048.26500000001397 ], [ 545914.238000000012107, 560074.952999999979511 ], [ 545871.866999999969266, 560095.39000000001397 ], [ 545819.95499999995809, 560120.101999999955297 ], [ 545760.640999999945052, 560150.866000000038184 ], [ 545694.245, 560181.408000000054017 ], [ 545693.861000000033528, 560205.677999999956228 ], [ 545749.67000000004191, 560179.770999999949709 ], [ 545830.577000000048429, 560139.12300000002142 ], [ 545911.824000000022352, 560100.863999999943189 ], [ 545979.483, 560075.547000000020489 ], [ 545975.261000000056811, 560048.26500000001397 ] ] ] } },
{ "type": "Feature", "properties": { "fid": 635443, "crop": "spring_common_soft_wheat" }, "geometry": { "type": "Polygon", "coordinates": [ [ [ 539875.192999999970198, 558910.292000000015832 ], [ 539884.452999999979511, 558942.121000000042841 ], [ 539895.935999999986961, 558973.484000000054948 ], [ 539941.434, 558959.461000000010245 ], [ 540013.900000000023283, 558937.662000000011176 ], [ 540059.064000000013039, 558923.121000000042841 ], [ 540090.466000000014901, 558914.878000000026077 ], [ 540120.993999999947846, 558909.165999999968335 ], [ 540125.787999999942258, 558908.88800000003539 ], [ 540125.589000000036322, 558891.035999999963678 ], [ 540125.655999999959022, 558878.831 ], [ 540125.34499999997206, 558858.174 ], [ 540093.586000000010245, 558855.557999999960884 ], [ 540039.663999999989755, 558857.795999999972992 ], [ 539974.216000000014901, 558861.648999999975786 ], [ 539941.373999999952503, 558864.212000000057742 ], [ 539911.702000000048429, 558868.684 ], [ 539867.283999999985099, 558879.95499999995809 ], [ 539875.192999999970198, 558910.292000000015832 ] ] ] } },
{ "type": "Feature", "properties": { "fid": 267209, "crop": "spring_common_soft_wheat" }, "geometry": { "type": "Polygon", "coordinates": [ [ [ 526846.910999999963678, 538469.01 ], [ 526893.255, 538469.824999999953434 ], [ 526991.165999999968335, 538474.478 ], [ 527043.280999999959022, 538476.608 ], [ 526987.533000000054017, 538344.006999999983236 ], [ 526942.076, 538353.832999999984168 ], [ 526894.277, 538360.346000000019558 ], [ 526836.527, 538370.082999999984168 ], [ 526832.942999999970198, 538368.582999999984168 ], [ 526841.466000000014901, 538463.946 ], [ 526846.910999999963678, 538469.01 ] ] ] } },
{ "type": "Feature", "properties": { "fid": 28673, "crop": "spring_common_soft_wheat" }, "geometry": { "type": "Polygon", "coordinates": [ [ [ 556363.185000000055879, 543972.287000000011176 ], [ 556367.63, 543971.214999999967404 ], [ 556390.5, 543961.006000000052154 ], [ 556389.511000000056811, 543913.856999999959953 ], [ 556390.584999999962747, 543771.807999999960884 ], [ 556390.081, 543726.696 ], [ 556390.991000000038184, 543677.788999999989755 ], [ 556396.060000000055879, 543617.415000000037253 ], [ 556398.979000000050291, 543596.983 ], [ 556403.49, 543569.214999999967404 ], [ 556387.898000000044703, 543590.432999999960884 ], [ 556379.861000000033528, 543598.148000000044703 ], [ 556369.895000000018626, 543606.506999999983236 ], [ 556364.116999999969266, 543648.042000000015832 ], [ 556362.506999999983236, 543669.633000000030734 ], [ 556361.055000000051223, 543727.544 ], [ 556362.018999999971129, 543805.662999999942258 ], [ 556362.219000000040978, 543920.501000000047497 ], [ 556362.261999999987893, 543935.615 ], [ 556363.185000000055879, 543972.287000000011176 ] ] ] } },
{ "type": "Feature", "properties": { "fid": 994548, "crop": "spring_common_soft_wheat" }, "geometry": { "type": "Polygon", "coordinates": [ [ [ 534174.451, 559231.689000000013039 ], [ 534215.493000000016764, 559214.25 ], [ 534267.511000000056811, 559192.393999999971129 ], [ 534301.025000000023283, 559179.572000000043772 ], [ 534349.912999999942258, 559161.748999999952503 ], [ 534349.155999999959022, 559111.334000000031665 ], [ 534315.674, 559122.349000000045635 ], [ 534255.201, 559145.27800000004936 ], [ 534210.731999999959953, 559164.371999999973923 ], [ 534161.194000000017695, 559183.253000000026077 ], [ 534167.603, 559203.859000000054948 ], [ 534170.949999999953434, 559213.768000000040047 ], [ 534174.451, 559231.689000000013039 ] ] ] } },
{ "type": "Feature", "properties": { "fid": 656681, "crop": "spring_common_soft_wheat" }, "geometry": { "type": "Polygon", "coordinates": [ [ [ 555183.167999999946915, 528020.96999999997206 ], [ 555187.988000000012107, 528065.38 ], [ 555190.626000000047497, 528099.51 ], [ 555192.10999999998603, 528142.873999999952503 ], [ 555192.768999999971129, 528184.424 ], [ 555191.285000000032596, 528227.128000000026077 ], [ 555189.832000000053085, 528246.75199999997858 ], [ 555224.667999999946915, 528251.361000000033528 ], [ 555226.40500000002794, 528219.049 ], [ 555228.547999999951571, 528151.283000000054017 ], [ 555228.219000000040978, 528102.643000000040047 ], [ 555225.415999999968335, 528055.322000000043772 ], [ 555223.437000000034459, 528037.020999999949709 ], [ 555219.479999999981374, 528003.21999999997206 ], [ 555213.378999999957159, 527947.820000000065193 ], [ 555175.72199999995064, 527959.023000000044703 ], [ 555183.167999999946915, 528020.96999999997206 ] ] ] } },
{ "type": "Feature", "properties": { "fid": 2104375, "crop": "spring_common_soft_wheat" }, "geometry": { "type": "Polygon", "coordinates": [ [ [ 551697.481999999959953, 543441.060000000055879 ], [ 551668.589999999967404, 543480.434 ], [ 551681.072000000043772, 543493.53000000002794 ], [ 551717.084999999962747, 543445.648999999975786 ], [ 551719.745, 543442.375 ], [ 551726.292999999946915, 543433.780999999959022 ], [ 551757.040999999968335, 543392.848 ], [ 551770.966000000014901, 543374.185000000055879 ], [ 551794.667999999946915, 543341.153999999980442 ], [ 551811.98499999998603, 543312.098 ], [ 551825.635, 543292.185999999986961 ], [ 551835.601000000024214, 543276.96999999997206 ], [ 551867.581, 543223.775999999954365 ], [ 551882.339999999967404, 543200.667000000015832 ], [ 551887.839000000036322, 543192.229999999981374 ], [ 551895.243999999947846, 543181.336000000010245 ], [ 551906.349000000045635, 543163.697999999974854 ], [ 551915.167999999946915, 543150.959999999962747 ], [ 551934.354000000050291, 543125.861000000033528 ], [ 551941.951, 543116.790000000037253 ], [ 551956.488000000012107, 543098.822000000043772 ], [ 551986.299, 543067.332999999984168 ], [ 552003.822999999974854, 543049.223 ], [ 551992.187000000034459, 543027.317999999970198 ], [ 551960.255, 543059.37 ], [ 551921.601000000024214, 543105.165000000037253 ], [ 551900.226999999955297, 543130.417999999946915 ], [ 551889.476000000024214, 543148.748999999952503 ], [ 551884.724999999976717, 543154.430000000051223 ], [ 551851.074999999953434, 543208.099999999976717 ], [ 551826.351000000024214, 543251.057999999960884 ], [ 551810.800000000046566, 543275.099999999976717 ], [ 551797.192999999970198, 543295.356999999959953 ], [ 551776.37300000002142, 543328.199000000022352 ], [ 551771.473, 543334.748999999952503 ], [ 551761.518000000040047, 543350.922000000020489 ], [ 551750.317999999970198, 543366.466000000014901 ], [ 551743.63, 543376.091999999945983 ], [ 551727.011999999987893, 543399.209999999962747 ], [ 551714.533000000054017, 543415.986000000033528 ], [ 551697.481999999959953, 543441.060000000055879 ] ] ] } },
{ "type": "Feature", "properties": { "fid": 577076, "crop": "spring_common_soft_wheat" }, "geometry": { "type": "Polygon", "coordinates": [ [ [ 556138.54500000004191, 553061.853 ], [ 556141.626000000047497, 553118.27800000004936 ], [ 556150.34699999995064, 553217.50199999997858 ], [ 556183.706, 553217.670999999972992 ], [ 556214.599000000045635, 553214.194999999948777 ], [ 556206.413999999989755, 553141.694999999948777 ], [ 556197.158000000054017, 553065.672999999951571 ], [ 556195.202999999979511, 553035.957000000053085 ], [ 556220.856000000028871, 553022.133999999961816 ], [ 556244.687000000034459, 553012.064000000013039 ], [ 556253.214000000036322, 553007.660000000032596 ], [ 556255.229000000050291, 553035.606000000028871 ], [ 556248.883000000030734, 553040.560000000055879 ], [ 556250.174, 553049.327000000048429 ], [ 556254.086000000010245, 553077.924 ], [ 556263.408999999985099, 553152.75199999997858 ], [ 556271.327000000048429, 553201.440000000060536 ], [ 556309.920999999972992, 553189.003000000026077 ], [ 556329.822999999974854, 553184.57999999995809 ], [ 556347.560000000055879, 553183.415999999968335 ], [ 556382.611000000033528, 553181.555999999982305 ], [ 556382.658999999985099, 553141.684 ], [ 556380.331, 553076.037000000011176 ], [ 556378.471000000019558, 553027.577999999979511 ], [ 556369.993999999947846, 552969.34699999995064 ], [ 556391.403999999980442, 552956.371000000042841 ], [ 556438.582999999984168, 552939.216999999945983 ], [ 556506.675999999977648, 552920.248999999952503 ], [ 556500.82999999995809, 552900.060000000055879 ], [ 556497.51300000003539, 552885.685999999986961 ], [ 556499.564000000013039, 552871.226000000024214 ], [ 556516.223, 552825.915999999968335 ], [ 556526.077999999979511, 552796.38800000003539 ], [ 556532.385, 552769.794 ], [ 556525.907, 552770.03000000002794 ], [ 556350.82999999995809, 552807.922000000020489 ], [ 556287.439000000013039, 552842.934 ], [ 556221.469000000040978, 552878.684 ], [ 556229.104000000050291, 552895.378000000026077 ], [ 556240.101999999955297, 552919.258999999961816 ], [ 556256.481000000028871, 552953.868000000016764 ], [ 556217.783000000054017, 552981.508999999961816 ], [ 556194.40500000002794, 552996.324000000022352 ], [ 556158.677999999956228, 553012.920999999972992 ], [ 556131.37300000002142, 553021.613999999943189 ], [ 556138.54500000004191, 553061.853 ] ] ] } },
{ "type": "Feature", "properties": { "fid": 1210822, "crop": "spring_common_soft_wheat" }, "geometry": { "type": "Polygon", "coordinates": [ [ [ 533222.775999999954365, 534543.29500000004191 ], [ 533258.99, 534543.574999999953434 ], [ 533288.912999999942258, 534544.413999999989755 ], [ 533329.462000000057742, 534547.209999999962747 ], [ 533373.645999999949709, 534549.167999999946915 ], [ 533431.674, 534550.706 ], [ 533457.650999999954365, 534549.216000000014901 ], [ 533449.011999999987893, 534527.696 ], [ 533393.694999999948777, 534528.383999999961816 ], [ 533312.812000000034459, 534523.047999999951571 ], [ 533280.094000000040978, 534520.660000000032596 ], [ 533222.020999999949709, 534518.258999999961816 ], [ 533222.90500000002794, 534527.905999999959022 ], [ 533222.775999999954365, 534543.29500000004191 ] ] ] } },
{ "type": "Feature", "properties": { "fid": 1152626, "crop": "spring_common_soft_wheat" }, "geometry": { "type": "Polygon", "coordinates": [ [ [ 561731.518000000040047, 532393.593 ], [ 561706.949000000022352, 532144.466000000014901 ], [ 561704.420999999972992, 532144.358 ], [ 561676.875, 532138.946 ], [ 561645.672000000020489, 532130.071 ], [ 561672.878999999957159, 532405.824999999953434 ], [ 561731.518000000040047, 532393.593 ] ] ] } },
{ "type": "Feature", "properties": { "fid": 1181371, "crop": "spring_common_soft_wheat" }, "geometry": { "type": "Polygon", "coordinates": [ [ [ 557830.817999999970198, 527750.160000000032596 ], [ 557860.902, 527809.212999999988824 ], [ 557878.993000000016764, 527801.944000000017695 ], [ 557855.77800000004936, 527756.930000000051223 ], [ 557849.714000000036322, 527745.366000000038184 ], [ 557846.893000000040047, 527739.160999999963678 ], [ 557845.087000000057742, 527735.743000000016764 ], [ 557837.062999999965541, 527737.731999999959953 ], [ 557828.701, 527740.854000000050291 ], [ 557830.817999999970198, 527750.160000000032596 ] ] ] } },
{ "type": "Feature", "properties": { "fid": 2392018, "crop": "spring_common_soft_wheat" }, "geometry": { "type": "Polygon", "coordinates": [ [ [ 557083.419, 547358.155999999959022 ], [ 557101.229000000050291, 547353.441 ], [ 557131.611000000033528, 547341.783999999985099 ], [ 557154.971000000019558, 547331.131000000052154 ], [ 557158.478, 547214.121000000042841 ], [ 557132.95499999995809, 547214.062999999965541 ], [ 557114.363999999943189, 547211.407 ], [ 557096.579000000027008, 547206.76300000003539 ], [ 557094.158000000054017, 547281.488000000012107 ], [ 557082.802999999956228, 547358.320000000065193 ], [ 557083.419, 547358.155999999959022 ] ] ] } },
{ "type": "Feature", "properties": { "fid": 473433, "crop": "spring_common_soft_wheat" }, "geometry": { "type": "Polygon", "coordinates": [ [ [ 553000.106000000028871, 537122.23699999996461 ], [ 552988.258999999961816, 537103.913999999989755 ], [ 552977.549, 537078.84499999997206 ], [ 552965.631999999983236, 537048.981000000028871 ], [ 552956.65500000002794, 537025.047999999951571 ], [ 552948.022, 537004.834000000031665 ], [ 552930.351999999955297, 536965.616000000038184 ], [ 552909.175999999977648, 536921.241000000038184 ], [ 552836.265999999945052, 536780.027 ], [ 552794.974000000045635, 536703.341000000014901 ], [ 552754.400999999954365, 536633.848 ], [ 552703.180999999982305, 536549.824000000022352 ], [ 552680.287999999942258, 536515.214999999967404 ], [ 552654.503999999957159, 536511.427000000025146 ], [ 552633.816, 536505.824999999953434 ], [ 552666.919, 536555.150999999954365 ], [ 552689.934, 536591.12300000002142 ], [ 552738.86199999996461, 536671.400000000023283 ], [ 552764.040999999968335, 536714.707000000053085 ], [ 552808.055999999982305, 536794.851999999955297 ], [ 552849.993000000016764, 536875.562999999965541 ], [ 552877.23499999998603, 536932.032 ], [ 552894.716000000014901, 536966.419 ], [ 552928.944999999948777, 537042.165000000037253 ], [ 552949.084999999962747, 537092.184 ], [ 552955.393999999971129, 537106.820000000065193 ], [ 552968.093, 537127.560000000055879 ], [ 552977.824000000022352, 537140.12 ], [ 552989.746999999973923, 537156.550999999977648 ], [ 553006.868000000016764, 537180.506999999983236 ], [ 553031.038999999989755, 537219.496999999973923 ], [ 553049.023999999975786, 537256.761000000056811 ], [ 553078.518000000040047, 537247.194000000017695 ], [ 553060.101999999955297, 537208.059 ], [ 553047.081, 537188.491999999969266 ], [ 553000.106000000028871, 537122.23699999996461 ] ] ] } },
{ "type": "Feature", "properties": { "fid": 1342030, "crop": "spring_common_soft_wheat" }, "geometry": { "type": "Polygon", "coordinates": [ [ [ 552325.591000000014901, 513264.658999999985099 ], [ 552361.13800000003539, 513300.540000000037253 ], [ 552364.511000000056811, 513298.354 ], [ 552309.082999999984168, 513215.033999999985099 ], [ 552258.23699999996461, 513148.017999999981839 ], [ 552236.255, 513123.103 ], [ 552194.084999999962747, 513079.210000000020955 ], [ 552177.283000000054017, 513064.85999999998603 ], [ 552165.861000000033528, 513078.112000000022817 ], [ 552187.738999999943189, 513108.297000000020489 ], [ 552227.402, 513154.483 ], [ 552253.907, 513188.454000000027008 ], [ 552289.805999999982305, 513226.229 ], [ 552299.327999999979511, 513240.857000000018161 ], [ 552325.591000000014901, 513264.658999999985099 ] ] ] } },
{ "type": "Feature", "properties": { "fid": 965427, "crop": "spring_common_soft_wheat" }, "geometry": { "type": "Polygon", "coordinates": [ [ [ 526689.251000000047497, 534356.221000000019558 ], [ 526696.520999999949709, 534339.763999999966472 ], [ 526705.645000000018626, 534317.837000000057742 ], [ 526722.594000000040978, 534276.115 ], [ 526730.645999999949709, 534249.658999999985099 ], [ 526740.424, 534220.709999999962747 ], [ 526746.557999999960884, 534196.17000000004191 ], [ 526749.050999999977648, 534181.025000000023283 ], [ 526754.226999999955297, 534150.158999999985099 ], [ 526762.635, 534089.241000000038184 ], [ 526743.283999999985099, 534077.731000000028871 ], [ 526737.993000000016764, 534113.101999999955297 ], [ 526733.275999999954365, 534154.570000000065193 ], [ 526727.986000000033528, 534189.702000000048429 ], [ 526723.243999999947846, 534214.37 ], [ 526719.935000000055879, 534230.89000000001397 ], [ 526716.636999999987893, 534250.675000000046566 ], [ 526710.701, 534266.283999999985099 ], [ 526693.444000000017695, 534307.174 ], [ 526676.295999999972992, 534348.285000000032596 ], [ 526661.934, 534388.535999999963678 ], [ 526653.432999999960884, 534411.268999999971129 ], [ 526652.444000000017695, 534416.216000000014901 ], [ 526652.61199999996461, 534440.400000000023283 ], [ 526657.932000000029802, 534439.545999999972992 ], [ 526663.65500000002794, 534425.669 ], [ 526678.46999999997206, 534388.849000000045635 ], [ 526689.251000000047497, 534356.221000000019558 ] ] ] } },
{ "type": "Feature", "properties": { "fid": 1677138, "crop": "spring_common_soft_wheat" }, "geometry": { "type": "Polygon", "coordinates": [ [ [ 560846.73699999996461, 531665.54500000004191 ], [ 560860.189000000013039, 532015.701 ], [ 560874.719000000040978, 532013.593 ], [ 560937.930000000051223, 531990.011999999987893 ], [ 560924.392, 531637.685000000055879 ], [ 560886.76, 531649.23499999998603 ], [ 560846.73699999996461, 531665.54500000004191 ] ] ] } },
{ "type": "Feature", "properties": { "fid": 1528640, "crop": "spring_common_soft_wheat" }, "geometry": { "type": "Polygon", "coordinates": [ [ [ 560033.618000000016764, 557265.196 ], [ 560035.775999999954365, 557198.006000000052154 ], [ 560051.45499999995809, 557052.603 ], [ 560062.824999999953434, 556919.461000000010245 ], [ 560066.709999999962747, 556858.457000000053085 ], [ 560071.601999999955297, 556770.692999999970198 ], [ 560082.907, 556620.636999999987893 ], [ 560082.892, 556554.807999999960884 ], [ 560063.832000000053085, 556594.011999999987893 ], [ 560055.805999999982305, 556711.089999999967404 ], [ 560045.851000000024214, 556842.067000000039116 ], [ 560041.099999999976717, 556930.108 ], [ 560035.775999999954365, 557002.76500000001397 ], [ 560030.388999999966472, 557070.699000000022352 ], [ 560014.613000000012107, 557212.87300000002142 ], [ 560011.748999999952503, 557273.829000000027008 ], [ 560012.469000000040978, 557322.027 ], [ 560019.886999999987893, 557444.785000000032596 ], [ 560042.878999999957159, 557437.152 ], [ 560033.905999999959022, 557311.38 ], [ 560033.618000000016764, 557265.196 ] ] ] } },
{ "type": "Feature", "properties": { "fid": 267272, "crop": "spring_common_soft_wheat" }, "geometry": { "type": "Polygon", "coordinates": [ [ [ 526464.440000000060536, 538251.064999999944121 ], [ 526380.984000000054948, 538297.851000000024214 ], [ 526433.564000000013039, 538396.711000000010245 ], [ 526469.321, 538389.829000000027008 ], [ 526534.38800000003539, 538382.587999999988824 ], [ 526464.440000000060536, 538251.064999999944121 ] ] ] } },
{ "type": "Feature", "properties": { "fid": 941180, "crop": "spring_common_soft_wheat" }, "geometry": { "type": "Polygon", "coordinates": [ [ [ 553358.451, 550192.503000000026077 ], [ 553359.937999999965541, 550211.667000000015832 ], [ 553423.707000000053085, 550207.702000000048429 ], [ 553496.322000000043772, 550198.628000000026077 ], [ 553500.307999999960884, 550171.03000000002794 ], [ 553488.633000000030734, 550171.192000000039116 ], [ 553469.962999999988824, 550171.804 ], [ 553398.26500000001397, 550180.608 ], [ 553388.022, 550182.26 ], [ 553358.285999999963678, 550186.886000000056811 ], [ 553358.451, 550192.503000000026077 ] ] ] } },
{ "type": "Feature", "properties": { "fid": 2049597, "crop": "spring_common_soft_wheat" }, "geometry": { "type": "Polygon", "coordinates": [ [ [ 512135.555999999982305, 540773.351999999955297 ], [ 512120.592, 540785.12699999997858 ], [ 512119.157, 540784.991000000038184 ], [ 512072.950000000011642, 540816.868000000016764 ], [ 512071.761999999987893, 540817.486000000033528 ], [ 512070.547000000020489, 540821.925000000046566 ], [ 512064.895000000018626, 540837.128999999957159 ], [ 512066.648999999975786, 540867.321 ], [ 512070.816999999980908, 540907.506999999983236 ], [ 512068.151000000012573, 540939.121999999973923 ], [ 512063.329000000027008, 540960.277 ], [ 512045.13, 541007.895000000018626 ], [ 512032.902, 541056.665000000037253 ], [ 512030.12300000002142, 541068.295999999972992 ], [ 512027.420999999972992, 541079.468 ], [ 512020.446999999985565, 541099.61199999996461 ], [ 512034.901000000012573, 541089.800999999977648 ], [ 512044.451, 541098.212000000057742 ], [ 512060.98599999997532, 541094.988999999943189 ], [ 512064.733, 541091.962999999988824 ], [ 512072.370999999984633, 541087.927999999956228 ], [ 512087.647, 541087.207000000053085 ], [ 512096.726000000024214, 541087.062999999965541 ], [ 512114.058000000019092, 541087.902 ], [ 512120.64000000001397, 541080.474999999976717 ], [ 512126.077, 541075.692000000039116 ], [ 512164.816999999980908, 540989.816 ], [ 512162.294999999983702, 540958.61199999996461 ], [ 512135.555999999982305, 540773.351999999955297 ] ] ] } },
{ "type": "Feature", "properties": { "fid": 2364053, "crop": "spring_common_soft_wheat" }, "geometry": { "type": "Polygon", "coordinates": [ [ [ 539977.566, 545756.946 ], [ 539974.495, 545766.807999999960884 ], [ 539949.834999999962747, 545861.947999999974854 ], [ 539977.383000000030734, 545861.537999999942258 ], [ 540005.270999999949709, 545763.118000000016764 ], [ 540025.883999999961816, 545705.111000000033528 ], [ 540035.045999999972992, 545673.054 ], [ 540039.954000000027008, 545641.136999999987893 ], [ 540048.307999999960884, 545586.177000000025146 ], [ 540065.631000000052154, 545495.199000000022352 ], [ 540075.128999999957159, 545437.564000000013039 ], [ 540081.283999999985099, 545394.474999999976717 ], [ 540089.858, 545352.486000000033528 ], [ 540094.337000000057742, 545337.343 ], [ 540101.729000000050291, 545313.133999999961816 ], [ 540111.841999999945983, 545283.675000000046566 ], [ 540129.429, 545241.025999999954365 ], [ 540114.226999999955297, 545226.672999999951571 ], [ 540089.991999999969266, 545283.981999999959953 ], [ 540074.888999999966472, 545333.64000000001397 ], [ 540065.37, 545371.919 ], [ 540062.027, 545393.959999999962747 ], [ 540057.724999999976717, 545419.116999999969266 ], [ 540046.243000000016764, 545487.995 ], [ 540035.709000000031665, 545544.596000000019558 ], [ 540013.40500000002794, 545635.386000000056811 ], [ 540001.797000000020489, 545683.143000000040047 ], [ 539994.501000000047497, 545707.684 ], [ 539977.566, 545756.946 ] ] ] } },
{ "type": "Feature", "properties": { "fid": 1186289, "crop": "spring_common_soft_wheat" }, "geometry": { "type": "Polygon", "coordinates": [ [ [ 556072.13800000003539, 546756.721000000019558 ], [ 556082.04500000004191, 546807.702000000048429 ], [ 556093.234000000054948, 546853.52800000004936 ], [ 556098.484000000054948, 546872.814000000013039 ], [ 556103.349000000045635, 546894.263999999966472 ], [ 556104.897, 546925.444000000017695 ], [ 556105.633000000030734, 546951.53000000002794 ], [ 556106.886999999987893, 546983.601999999955297 ], [ 556114.84699999995064, 547034.84499999997206 ], [ 556122.37699999997858, 547073.383000000030734 ], [ 556125.275000000023283, 547077.537000000011176 ], [ 556135.243000000016764, 547081.037000000011176 ], [ 556153.24, 547086.736000000033528 ], [ 556169.598, 547091.371999999973923 ], [ 556184.435000000055879, 547092.73499999998603 ], [ 556201.777, 547093.525000000023283 ], [ 556200.474000000045635, 547087.743000000016764 ], [ 556189.648000000044703, 547023.393000000040047 ], [ 556184.940000000060536, 546984.912000000011176 ], [ 556181.27800000004936, 546930.810000000055879 ], [ 556155.393000000040047, 546752.682000000029802 ], [ 556152.983, 546717.488999999943189 ], [ 556155.699000000022352, 546687.488000000012107 ], [ 556162.949999999953434, 546645.115 ], [ 556171.682000000029802, 546614.150000000023283 ], [ 556143.032, 546596.581 ], [ 556114.746000000042841, 546579.434 ], [ 556082.562000000034459, 546652.121999999973923 ], [ 556074.533000000054017, 546684.305000000051223 ], [ 556070.959000000031665, 546719.297000000020489 ], [ 556072.13800000003539, 546756.721000000019558 ] ] ] } },
{ "type": "Feature", "properties": { "fid": 1702997, "crop": "spring_common_soft_wheat" }, "geometry": { "type": "Polygon", "coordinates": [ [ [ 531808.865, 526002.944999999948777 ], [ 531895.677999999956228, 526080.446 ], [ 531967.70499999995809, 526143.388999999966472 ], [ 531997.160000000032596, 526176.841000000014901 ], [ 532036.721000000019558, 526224.662999999942258 ], [ 532052.393000000040047, 526188.033999999985099 ], [ 531986.337000000057742, 526111.834000000031665 ], [ 531957.76300000003539, 526086.300000000046566 ], [ 531876.598, 526016.079000000027008 ], [ 531834.474999999976717, 525980.064999999944121 ], [ 531808.865, 526002.944999999948777 ] ] ] } },
{ "type": "Feature", "properties": { "fid": 39100, "crop": "spring_common_soft_wheat" }, "geometry": { "type": "Polygon", "coordinates": [ [ [ 556244.160000000032596, 540905.253000000026077 ], [ 556236.886999999987893, 540905.564000000013039 ], [ 556235.944000000017695, 540915.238999999943189 ], [ 556235.50199999997858, 540923.087999999988824 ], [ 556237.261000000056811, 540928.537999999942258 ], [ 556248.728, 540927.395000000018626 ], [ 556265.959999999962747, 540925.474999999976717 ], [ 556334.604999999981374, 540919.300999999977648 ], [ 556396.951, 540916.756000000052154 ], [ 556415.476999999955297, 540900.77800000004936 ], [ 556423.346000000019558, 540891.577000000048429 ], [ 556413.177000000025146, 540891.456 ], [ 556388.358, 540892.908000000054017 ], [ 556350.101000000024214, 540895.209000000031665 ], [ 556304.944000000017695, 540899.204000000027008 ], [ 556271.408000000054017, 540901.866999999969266 ], [ 556255.669, 540903.78000000002794 ], [ 556244.160000000032596, 540905.253000000026077 ] ] ] } },
{ "type": "Feature", "properties": { "fid": 823695, "crop": "spring_common_soft_wheat" }, "geometry": { "type": "Polygon", "coordinates": [ [ [ 551431.069000000017695, 543295.407 ], [ 551420.175000000046566, 543310.96999999997206 ], [ 551428.741999999969266, 543317.694000000017695 ], [ 551431.383000000030734, 543311.60999999998603 ], [ 551439.844000000040978, 543303.371000000042841 ], [ 551445.194999999948777, 543295.064000000013039 ], [ 551447.929, 543290.74800000002142 ], [ 551470.48699999996461, 543255.85999999998603 ], [ 551489.037999999942258, 543220.579000000027008 ], [ 551514.618999999947846, 543166.900999999954365 ], [ 551540.207999999984168, 543111.702000000048429 ], [ 551567.645999999949709, 543055.554 ], [ 551576.305999999982305, 543038.949999999953434 ], [ 551598.991999999969266, 542998.99800000002142 ], [ 551613.135, 542977.169 ], [ 551626.59699999995064, 542960.167000000015832 ], [ 551650.738999999943189, 542930.866999999969266 ], [ 551679.079000000027008, 542893.694999999948777 ], [ 551743.113999999943189, 542818.042999999946915 ], [ 551766.219000000040978, 542791.209000000031665 ], [ 551769.998999999952503, 542786.518000000040047 ], [ 551769.292000000015832, 542784.84699999995064 ], [ 551762.765999999945052, 542788.258999999961816 ], [ 551738.23499999998603, 542801.856000000028871 ], [ 551732.006999999983236, 542809.690000000060536 ], [ 551703.633000000030734, 542842.140999999945052 ], [ 551685.751000000047497, 542863.138999999966472 ], [ 551668.45499999995809, 542885.304 ], [ 551642.917000000015832, 542917.172999999951571 ], [ 551629.753000000026077, 542934.006000000052154 ], [ 551604.974999999976717, 542966.552000000025146 ], [ 551587.165000000037253, 542992.131999999983236 ], [ 551576.95499999995809, 543008.074999999953434 ], [ 551562.993999999947846, 543030.044 ], [ 551550.745, 543053.506000000052154 ], [ 551540.292999999946915, 543074.011999999987893 ], [ 551527.618999999947846, 543099.135 ], [ 551518.25, 543120.925000000046566 ], [ 551488.175999999977648, 543184.074000000022352 ], [ 551470.427000000025146, 543220.066 ], [ 551464.57999999995809, 543233.557000000029802 ], [ 551456.601000000024214, 543249.351000000024214 ], [ 551454.395999999949709, 543253.822999999974854 ], [ 551438.865, 543281.108 ], [ 551431.069000000017695, 543295.407 ] ] ] } },
{ "type": "Feature", "properties": { "fid": 1796550, "crop": "spring_common_soft_wheat" }, "geometry": { "type": "Polygon", "coordinates": [ [ [ 519289.810999999986961, 529942.349000000045635 ], [ 519263.947999999974854, 529950.055000000051223 ], [ 519254.423, 529953.067000000039116 ], [ 519246.101000000024214, 529956.800999999977648 ], [ 519238.257999999972526, 529962.772 ], [ 519221.326, 529978.87300000002142 ], [ 519249.201, 529971.145000000018626 ], [ 519315.266, 529955.179 ], [ 519326.619, 529952.53000000002794 ], [ 519351.755, 529948.226000000024214 ], [ 519370.325000000011642, 529944.993000000016764 ], [ 519423.88, 529935.140999999945052 ], [ 519451.923, 529927.331 ], [ 519480.836000000010245, 529918.145000000018626 ], [ 519521.756999999983236, 529902.981000000028871 ], [ 519548.59499999997206, 529892.672999999951571 ], [ 519541.819000000017695, 529881.045999999972992 ], [ 519537.711000000010245, 529876.716999999945983 ], [ 519534.096000000019558, 529875.709999999962747 ], [ 519524.28000000002794, 529879.258999999961816 ], [ 519498.253000000026077, 529891.087000000057742 ], [ 519459.256, 529904.799 ], [ 519430.731000000028871, 529913.187999999965541 ], [ 519416.156000000017229, 529916.623999999952503 ], [ 519389.90500000002794, 529921.172999999951571 ], [ 519362.270000000018626, 529925.229999999981374 ], [ 519338.516, 529929.292000000015832 ], [ 519328.62599999998929, 529932.17000000004191 ], [ 519309.660000000032596, 529937.022 ], [ 519289.810999999986961, 529942.349000000045635 ] ] ] } },
{ "type": "Feature", "properties": { "fid": 1671886, "crop": "spring_common_soft_wheat" }, "geometry": { "type": "Polygon", "coordinates": [ [ [ 538750.922999999951571, 533149.032 ], [ 538761.538999999989755, 533156.907 ], [ 538771.224999999976717, 533163.848 ], [ 538797.400000000023283, 533144.343 ], [ 538825.261999999987893, 533124.584999999962747 ], [ 538872.194999999948777, 533090.462999999988824 ], [ 538913.591000000014901, 533060.422999999951571 ], [ 538909.258999999961816, 533056.609000000054948 ], [ 538905.85999999998603, 533053.26500000001397 ], [ 538897.197000000043772, 533043.258999999961816 ], [ 538885.263999999966472, 533026.888999999966472 ], [ 538840.131999999983236, 533060.557999999960884 ], [ 538808.145000000018626, 533083.640999999945052 ], [ 538782.103, 533102.091000000014901 ], [ 538755.484000000054948, 533120.829000000027008 ], [ 538733.650000000023283, 533135.746000000042841 ], [ 538750.922999999951571, 533149.032 ] ] ] } },
{ "type": "Feature", "properties": { "fid": 1918146, "crop": "spring_common_soft_wheat" }, "geometry": { "type": "Polygon", "coordinates": [ [ [ 555450.861000000033528, 507609.146 ], [ 555473.937000000034459, 507622.597 ], [ 555481.62, 507627.756 ], [ 555489.775000000023283, 507635.494 ], [ 555512.023000000044703, 507665.37599999998929 ], [ 555517.52800000004936, 507679.243000000016764 ], [ 555518.197000000043772, 507682.550999999977648 ], [ 555529.277, 507699.922000000020489 ], [ 555560.226000000024214, 507684.549999999988358 ], [ 555590.745, 507667.506 ], [ 555591.136999999987893, 507662.496999999973923 ], [ 555591.486000000033528, 507657.528 ], [ 555583.496000000042841, 507634.071 ], [ 555569.929, 507616.634000000020023 ], [ 555545.366999999969266, 507602.720000000030268 ], [ 555499.332000000053085, 507581.106000000028871 ], [ 555487.34499999997206, 507577.496999999973923 ], [ 555481.067999999970198, 507580.11099999997532 ], [ 555474.587999999988824, 507584.096000000019558 ], [ 555463.922999999951571, 507593.40500000002794 ], [ 555448.150000000023283, 507606.196 ], [ 555450.861000000033528, 507609.146 ] ] ] } },
{ "type": "Feature", "properties": { "fid": 898710, "crop": "spring_common_soft_wheat" }, "geometry": { "type": "Polygon", "coordinates": [ [ [ 509142.694000000017695, 503138.558000000019092 ], [ 509075.522, 503170.674 ], [ 509025.716000000014901, 503196.319000000017695 ], [ 509039.813000000023749, 503209.908999999985099 ], [ 509049.150000000023283, 503219.245999999984633 ], [ 509059.253000000026077, 503228.583999999973457 ], [ 509172.802000000025146, 503165.330000000016298 ], [ 509142.694000000017695, 503138.558000000019092 ] ] ] } },
{ "type": "Feature", "properties": { "fid": 66537, "crop": "spring_common_soft_wheat" }, "geometry": { "type": "Polygon", "coordinates": [ [ [ 542321.474999999976717, 558333.327999999979511 ], [ 542331.949000000022352, 558365.383999999961816 ], [ 542369.866000000038184, 558478.023999999975786 ], [ 542386.147, 558518.751000000047497 ], [ 542396.672999999951571, 558526.756000000052154 ], [ 542456.930999999982305, 558498.491999999969266 ], [ 542460.898000000044703, 558494.523999999975786 ], [ 542432.701, 558410.942999999970198 ], [ 542409.991000000038184, 558316.508999999961816 ], [ 542321.474999999976717, 558333.327999999979511 ] ] ] } },
{ "type": "Feature", "properties": { "fid": 758493, "crop": "spring_common_soft_wheat" }, "geometry": { "type": "Polygon", "coordinates": [ [ [ 552213.209000000031665, 554492.366999999969266 ], [ 552231.214000000036322, 554618.327000000048429 ], [ 552301.288999999989755, 554589.522 ], [ 552260.788999999989755, 554309.368000000016764 ], [ 552189.947000000043772, 554329.608 ], [ 552213.209000000031665, 554492.366999999969266 ] ] ] } },
{ "type": "Feature", "properties": { "fid": 2093121, "crop": "spring_common_soft_wheat" }, "geometry": { "type": "Polygon", "coordinates": [ [ [ 549226.692999999970198, 545881.488000000012107 ], [ 549286.827000000048429, 545851.800999999977648 ], [ 549283.871000000042841, 545831.26500000001397 ], [ 549277.797000000020489, 545777.187000000034459 ], [ 549276.270000000018626, 545739.79500000004191 ], [ 549255.547000000020489, 545728.743000000016764 ], [ 549228.469000000040978, 545717.743000000016764 ], [ 549219.121000000042841, 545714.459000000031665 ], [ 549207.790000000037253, 545806.925000000046566 ], [ 549197.712000000057742, 545889.642 ], [ 549226.692999999970198, 545881.488000000012107 ] ] ] } },
{ "type": "Feature", "properties": { "fid": 2323520, "crop": "spring_common_soft_wheat" }, "geometry": { "type": "Polygon", "coordinates": [ [ [ 540300.038999999989755, 548810.150000000023283 ], [ 540377.462999999988824, 548819.64000000001397 ], [ 540432.09499999997206, 548823.991999999969266 ], [ 540523.976000000024214, 548825.049 ], [ 540542.125, 548825.287000000011176 ], [ 540542.106000000028871, 548825.505 ], [ 540542.157, 548825.506000000052154 ], [ 540549.055000000051223, 548825.236000000033528 ], [ 540552.447000000043772, 548818.87699999997858 ], [ 540554.949000000022352, 548810.055000000051223 ], [ 540533.618000000016764, 548811.20499999995809 ], [ 540530.648999999975786, 548811.150000000023283 ], [ 540452.253999999957159, 548812.886999999987893 ], [ 540420.273999999975786, 548812.444000000017695 ], [ 540378.586000000010245, 548808.881000000052154 ], [ 540332.077000000048429, 548803.037999999942258 ], [ 540300.285000000032596, 548797.550999999977648 ], [ 540300.304, 548797.395999999949709 ], [ 540300.221000000019558, 548797.383000000030734 ], [ 540300.038999999989755, 548810.150000000023283 ] ] ] } },
{ "type": "Feature", "properties": { "fid": 209391, "crop": "spring_common_soft_wheat" }, "geometry": { "type": "Polygon", "coordinates": [ [ [ 555634.207999999984168, 540744.819000000017695 ], [ 555741.606999999959953, 540746.942000000039116 ], [ 555770.866999999969266, 540702.283000000054017 ], [ 555779.491999999969266, 540690.981000000028871 ], [ 555739.942000000039116, 540690.047000000020489 ], [ 555665.675999999977648, 540687.312999999965541 ], [ 555658.091000000014901, 540686.988999999943189 ], [ 555650.207000000053085, 540715.544 ], [ 555645.248999999952503, 540726.812000000034459 ], [ 555637.812999999965541, 540738.079000000027008 ], [ 555634.207999999984168, 540744.819000000017695 ] ] ] } },
{ "type": "Feature", "properties": { "fid": 995234, "crop": "spring_common_soft_wheat" }, "geometry": { "type": "Polygon", "coordinates": [ [ [ 538520.121000000042841, 556270.917000000015832 ], [ 538491.358, 556220.856999999959953 ], [ 538469.40300000004936, 556174.570000000065193 ], [ 538433.20499999995809, 556200.13800000003539 ], [ 538405.317999999970198, 556223.87 ], [ 538447.942999999970198, 556294.466000000014901 ], [ 538465.85999999998603, 556324.20499999995809 ], [ 538479.310000000055879, 556310.397 ], [ 538498.898999999975786, 556308.733 ], [ 538520.121000000042841, 556270.917000000015832 ] ] ] } },
{ "type": "Feature", "properties": { "fid": 1828236, "crop": "spring_common_soft_wheat" }, "geometry": { "type": "Polygon", "coordinates": [ [ [ 546227.834999999962747, 559764.991999999969266 ], [ 546186.21999999997206, 559771.167000000015832 ], [ 546114.550000000046566, 559784.761000000056811 ], [ 546009.140999999945052, 559803.025000000023283 ], [ 545940.312000000034459, 559817.755 ], [ 545946.422000000020489, 559856.177000000025146 ], [ 545951.229000000050291, 559878.229000000050291 ], [ 545998.787000000011176, 559866.841000000014901 ], [ 546044.863000000012107, 559857.089000000036322 ], [ 546141.545999999972992, 559841.309 ], [ 546197.430000000051223, 559832.125 ], [ 546197.39000000001397, 559808.131000000052154 ], [ 546189.949000000022352, 559808.084000000031665 ], [ 546189.655999999959022, 559807.150999999954365 ], [ 546197.283999999985099, 559807.233 ], [ 546228.047999999951571, 559803.912999999942258 ], [ 546230.006000000052154, 559803.258999999961816 ], [ 546227.834999999962747, 559764.991999999969266 ] ] ] } },
{ "type": "Feature", "properties": { "fid": 1950215, "crop": "spring_common_soft_wheat" }, "geometry": { "type": "Polygon", "coordinates": [ [ [ 541005.386000000056811, 558833.442000000039116 ], [ 541442.88, 558852.636999999987893 ], [ 541446.564000000013039, 558841.562999999965541 ], [ 541450.724999999976717, 558824.363999999943189 ], [ 541456.444999999948777, 558802.008000000030734 ], [ 541459.152, 558791.430999999982305 ], [ 541463.696, 558773.425999999977648 ], [ 541467.67000000004191, 558760.022 ], [ 541018.189000000013039, 558740.300000000046566 ], [ 541017.54500000004191, 558746.549 ], [ 541015.804, 558762.211000000010245 ], [ 541012.966000000014901, 558783.520999999949709 ], [ 541011.84499999997206, 558791.935999999986961 ], [ 541009.99800000002142, 558806.493999999947846 ], [ 541007.542000000015832, 558822.799 ], [ 541005.386000000056811, 558833.442000000039116 ] ] ] } },
{ "type": "Feature", "properties": { "fid": 2391938, "crop": "spring_common_soft_wheat" }, "geometry": { "type": "Polygon", "coordinates": [ [ [ 534665.37699999997858, 534350.484000000054948 ], [ 534619.182999999960884, 534360.256999999983236 ], [ 534586.261999999987893, 534366.797000000020489 ], [ 534564.277, 534372.434 ], [ 534569.689000000013039, 534386.300999999977648 ], [ 534583.893999999971129, 534417.981999999959953 ], [ 534634.95499999995809, 534405.64000000001397 ], [ 534666.996999999973923, 534398.832000000053085 ], [ 534674.878000000026077, 534397.125 ], [ 534705.783999999985099, 534389.893999999971129 ], [ 534665.37699999997858, 534350.484000000054948 ] ] ] } },
{ "type": "Feature", "properties": { "fid": 874474, "crop": "spring_common_soft_wheat" }, "geometry": { "type": "Polygon", "coordinates": [ [ [ 517767.14000000001397, 538660.12300000002142 ], [ 517770.145000000018626, 538650.285000000032596 ], [ 517767.835000000020955, 538644.047000000020489 ], [ 517748.253000000026077, 538654.069000000017695 ], [ 517740.707, 538673.148999999975786 ], [ 517718.74900000001071, 538739.996000000042841 ], [ 517703.298, 538790.253999999957159 ], [ 517692.726000000024214, 538825.060999999986961 ], [ 517676.506999999983236, 538875.819000000017695 ], [ 517672.755, 538889.243999999947846 ], [ 517670.517, 538896.841000000014901 ], [ 517695.793, 538910.65300000004936 ], [ 517700.26, 538895.650000000023283 ], [ 517724.462999999988824, 538803.724000000045635 ], [ 517750.668, 538716.400000000023283 ], [ 517761.416000000026543, 538678.89000000001397 ], [ 517767.14000000001397, 538660.12300000002142 ] ] ] } },
{ "type": "Feature", "properties": { "fid": 656427, "crop": "spring_common_soft_wheat" }, "geometry": { "type": "Polygon", "coordinates": [ [ [ 525224.616000000038184, 521640.895000000018626 ], [ 525219.902, 521651.351000000024214 ], [ 525215.932999999960884, 521658.00199999997858 ], [ 525210.354000000050291, 521666.907 ], [ 525202.201, 521675.918 ], [ 525186.157, 521693.36099999997532 ], [ 525199.589999999967404, 521702.141 ], [ 525210.829000000027008, 521708.267999999981839 ], [ 525219.949000000022352, 521714.294 ], [ 525233.875, 521721.492000000027474 ], [ 525249.427000000025146, 521722.761999999987893 ], [ 525262.618999999947846, 521725.205000000016298 ], [ 525277.601999999955297, 521726.020000000018626 ], [ 525284.339000000036322, 521720.045999999972992 ], [ 525293.986000000033528, 521709.602000000013504 ], [ 525285.23499999998603, 521698.87599999998929 ], [ 525272.147, 521685.143999999971129 ], [ 525243.503000000026077, 521659.183000000019092 ], [ 525224.616000000038184, 521640.895000000018626 ] ] ] } },
{ "type": "Feature", "properties": { "fid": 209290, "crop": "spring_common_soft_wheat" }, "geometry": { "type": "Polygon", "coordinates": [ [ [ 539170.807999999960884, 558687.079000000027008 ], [ 539155.094000000040978, 558653.439000000013039 ], [ 539139.601999999955297, 558622.454000000027008 ], [ 539119.937000000034459, 558584.530999999959022 ], [ 539090.282, 558599.491999999969266 ], [ 539047.557999999960884, 558618.501000000047497 ], [ 538980.613999999943189, 558644.751000000047497 ], [ 539003.711000000010245, 558708.547999999951571 ], [ 539015.21999999997206, 558737.098 ], [ 539028.99, 558767.721000000019558 ], [ 539097.322000000043772, 558735.39000000001397 ], [ 539176.452999999979511, 558698.881999999983236 ], [ 539170.807999999960884, 558687.079000000027008 ] ] ] } },
{ "type": "Feature", "properties": { "fid": 392184, "crop": "spring_common_soft_wheat" }, "geometry": { "type": "Polygon", "coordinates": [ [ [ 513124.224999999976717, 530999.922999999951571 ], [ 513137.518999999971129, 531005.768999999971129 ], [ 513137.786000000021886, 531013.359000000054948 ], [ 513142.960000000020955, 531018.601999999955297 ], [ 513172.15500000002794, 531026.302999999956228 ], [ 513187.729, 531029.395000000018626 ], [ 513229.740999999979977, 531033.991000000038184 ], [ 513259.75, 531038.23499999998603 ], [ 513267.327, 531017.599999999976717 ], [ 513249.207999999984168, 531015.562999999965541 ], [ 513231.974999999976717, 531013.48499999998603 ], [ 513201.136, 531010.604999999981374 ], [ 513174.292000000015832, 531004.474000000045635 ], [ 513154.413999999989755, 531000.015999999945052 ], [ 513124.318000000028405, 530995.093 ], [ 513124.224999999976717, 530999.922999999951571 ] ] ] } },
{ "type": "Feature", "properties": { "fid": 1780857, "crop": "spring_common_soft_wheat" }, "geometry": { "type": "Polygon", "coordinates": [ [ [ 537472.566, 560336.787999999942258 ], [ 537513.787000000011176, 560382.060999999986961 ], [ 537535.45499999995809, 560406.723 ], [ 537551.133000000030734, 560427.863000000012107 ], [ 537568.397, 560452.87699999997858 ], [ 537571.567999999970198, 560454.10999999998603 ], [ 537575.442999999970198, 560453.758000000030734 ], [ 537611.593, 560439.410000000032596 ], [ 537632.871000000042841, 560432.089999999967404 ], [ 537648.935999999986961, 560428.175999999977648 ], [ 537661.351000000024214, 560428.474000000045635 ], [ 537689.419, 560428.214999999967404 ], [ 537634.170999999972992, 560333.091999999945983 ], [ 537630.332999999984168, 560327.878999999957159 ], [ 537573.964000000036322, 560260.74800000002142 ], [ 537562.082000000053085, 560247.248999999952503 ], [ 537541.305000000051223, 560225.378000000026077 ], [ 537518.150999999954365, 560198.197999999974854 ], [ 537508.839999999967404, 560206.503000000026077 ], [ 537489.461000000010245, 560224.118999999947846 ], [ 537467.314000000013039, 560244.001000000047497 ], [ 537460.518999999971129, 560252.557999999960884 ], [ 537458.966999999945983, 560255.87699999997858 ], [ 537454.147, 560262.770999999949709 ], [ 537450.175999999977648, 560273.474999999976717 ], [ 537444.133999999961816, 560291.086000000010245 ], [ 537439.652, 560300.402 ], [ 537446.479000000050291, 560308.23499999998603 ], [ 537472.566, 560336.787999999942258 ] ] ] } },
{ "type": "Feature", "properties": { "fid": 845098, "crop": "spring_common_soft_wheat" }, "geometry": { "type": "Polygon", "coordinates": [ [ [ 530888.434, 537899.925999999977648 ], [ 530910.417000000015832, 537875.169 ], [ 530902.913999999989755, 537850.057999999960884 ], [ 530896.430000000051223, 537830.555000000051223 ], [ 530890.050000000046566, 537812.996999999973923 ], [ 530881.476999999955297, 537794.473 ], [ 530863.940000000060536, 537751.868000000016764 ], [ 530833.375, 537676.020000000018626 ], [ 530822.395000000018626, 537651.802000000025146 ], [ 530798.07999999995809, 537593.101000000024214 ], [ 530766.843, 537520.805000000051223 ], [ 530752.430999999982305, 537546.685999999986961 ], [ 530761.228, 537566.444000000017695 ], [ 530790.006999999983236, 537627.76300000003539 ], [ 530811.729999999981374, 537682.36199999996461 ], [ 530845.076, 537766.626000000047497 ], [ 530865.853, 537819.937999999965541 ], [ 530874.971000000019558, 537847.113000000012107 ], [ 530883.807999999960884, 537878.951 ], [ 530888.434, 537899.925999999977648 ] ] ] } },
{ "type": "Feature", "properties": { "fid": 656682, "crop": "spring_common_soft_wheat" }, "geometry": { "type": "Polygon", "coordinates": [ [ [ 555594.116000000038184, 528040.52800000004936 ], [ 555595.797999999951571, 528066.689000000013039 ], [ 555602.898999999975786, 528113.778999999980442 ], [ 555608.505, 528148.535999999963678 ], [ 555615.04500000004191, 528181.050000000046566 ], [ 555627.939000000013039, 528234.866999999969266 ], [ 555638.589999999967404, 528275.042999999946915 ], [ 555652.04500000004191, 528324.00199999997858 ], [ 555681.756000000052154, 528314.47199999995064 ], [ 555665.498999999952503, 528253.554 ], [ 555648.307000000029802, 528187.591000000014901 ], [ 555633.54500000004191, 528119.011000000056811 ], [ 555617.848, 528039.593 ], [ 555594.116000000038184, 528040.52800000004936 ] ] ] } },
{ "type": "Feature", "properties": { "fid": 2464801, "crop": "spring_common_soft_wheat" }, "geometry": { "type": "Polygon", "coordinates": [ [ [ 560115.422000000020489, 531107.466000000014901 ], [ 560063.474999999976717, 531100.447000000043772 ], [ 560035.584999999962747, 531097.962999999988824 ], [ 560034.679, 531231.094000000040978 ], [ 560034.241000000038184, 531342.925999999977648 ], [ 560096.819000000017695, 531341.265999999945052 ], [ 560111.650999999954365, 531343.273999999975786 ], [ 560118.655999999959022, 531342.888999999966472 ], [ 560119.332000000053085, 531342.712000000057742 ], [ 560116.621000000042841, 531278.38 ], [ 560115.38, 531208.562000000034459 ], [ 560114.858, 531168.138999999966472 ], [ 560115.422000000020489, 531107.466000000014901 ] ] ] } },
{ "type": "Feature", "properties": { "fid": 231954, "crop": "spring_common_soft_wheat" }, "geometry": { "type": "Polygon", "coordinates": [ [ [ 524642.038999999989755, 564455.530999999959022 ], [ 524648.981999999959953, 564464.61199999996461 ], [ 524649.381999999983236, 564473.478 ], [ 524652.386000000056811, 564475.665999999968335 ], [ 524667.782, 564489.059 ], [ 524682.587999999988824, 564504.050000000046566 ], [ 524698.253999999957159, 564522.057999999960884 ], [ 524706.258000000030734, 564532.02800000004936 ], [ 524713.070000000065193, 564529.63800000003539 ], [ 524725.354999999981374, 564520.231999999959953 ], [ 524730.758000000030734, 564513.665000000037253 ], [ 524733.615, 564507.790999999968335 ], [ 524734.202000000048429, 564498.045999999972992 ], [ 524731.95499999995809, 564490.743999999947846 ], [ 524713.047999999951571, 564461.371999999973923 ], [ 524704.023999999975786, 564442.234000000054948 ], [ 524700.640999999945052, 564433.452000000048429 ], [ 524697.425000000046566, 564419.82999999995809 ], [ 524677.191, 564430.082000000053085 ], [ 524669.692000000039116, 564435.32999999995809 ], [ 524647.331, 564451.665000000037253 ], [ 524647.425999999977648, 564451.782 ], [ 524642.038999999989755, 564455.530999999959022 ] ] ] } },
{ "type": "Feature", "properties": { "fid": 32515, "crop": "sunflower" }, "geometry": { "type": "Polygon", "coordinates": [ [ [ 556814.451, 550062.402 ], [ 556939.778999999980442, 550625.066 ], [ 556941.015999999945052, 550621.542000000015832 ], [ 556949.942999999970198, 550589.087999999988824 ], [ 556955.410000000032596, 550550.104999999981374 ], [ 556957.089000000036322, 550515.908999999985099 ], [ 556957.275999999954365, 550486.647 ], [ 556957.030999999959022, 550470.358 ], [ 556947.138999999966472, 550385.959999999962747 ], [ 556943.462999999988824, 550352.856000000028871 ], [ 556927.542000000015832, 550180.609000000054948 ], [ 556920.417000000015832, 550105.935000000055879 ], [ 556918.560999999986961, 550080.327000000048429 ], [ 556917.652, 550053.495 ], [ 556918.03000000002794, 550037.329000000027008 ], [ 556908.192999999970198, 550030.143000000040047 ], [ 556814.451, 550062.402 ] ] ] } },
{ "type": "Feature", "properties": { "fid": 396787, "crop": "sunflower" }, "geometry": { "type": "Polygon", "coordinates": [ [ [ 554129.807000000029802, 561716.690000000060536 ], [ 554164.180999999982305, 561711.50199999997858 ], [ 554192.26, 561708.430999999982305 ], [ 554180.613000000012107, 561546.28000000002794 ], [ 554157.349999999976717, 561544.674 ], [ 554140.349000000045635, 561544.393999999971129 ], [ 554126.996999999973923, 561533.937999999965541 ], [ 554115.599000000045635, 561518.745 ], [ 554129.807000000029802, 561716.690000000060536 ] ] ] } },
{ "type": "Feature", "properties": { "fid": 1948326, "crop": "sunflower" }, "geometry": { "type": "Polygon", "coordinates": [ [ [ 541016.351000000024214, 556520.51300000003539 ], [ 541054.87300000002142, 556660.65300000004936 ], [ 541068.180999999982305, 556713.944000000017695 ], [ 541069.030999999959022, 556717.653999999980442 ], [ 541073.76500000001397, 556739.381000000052154 ], [ 541081.212999999988824, 556774.821 ], [ 541091.689000000013039, 556811.667999999946915 ], [ 541113.493000000016764, 556874.920999999972992 ], [ 541137.743000000016764, 556933.508000000030734 ], [ 541160.996000000042841, 556924.868000000016764 ], [ 541153.491999999969266, 556907.824000000022352 ], [ 541135.988000000012107, 556865.163999999989755 ], [ 541124.162999999942258, 556831.777 ], [ 541112.45499999995809, 556793.522 ], [ 541094.310999999986961, 556711.435000000055879 ], [ 541093.464999999967404, 556707.672999999951571 ], [ 541088.518999999971129, 556679.025000000023283 ], [ 541081.704000000027008, 556654.523999999975786 ], [ 541078.599999999976717, 556644.341000000014901 ], [ 541039.106000000028871, 556515.37300000002142 ], [ 541016.351000000024214, 556520.51300000003539 ] ] ] } },
{ "type": "Feature", "properties": { "fid": 1644230, "crop": "sunflower" }, "geometry": { "type": "Polygon", "coordinates": [ [ [ 547047.471000000019558, 549289.468 ], [ 547056.339999999967404, 549291.410999999963678 ], [ 547071.408999999985099, 549295.204000000027008 ], [ 547077.336000000010245, 549246.934 ], [ 547083.878999999957159, 549207.48499999998603 ], [ 547090.783000000054017, 549173.525000000023283 ], [ 547108.133000000030734, 549118.920999999972992 ], [ 547129.430000000051223, 549063.224000000045635 ], [ 547140.962999999988824, 549028.991999999969266 ], [ 547155.354999999981374, 548980.652 ], [ 547154.457000000053085, 548978.312000000034459 ], [ 547130.434, 548940.307999999960884 ], [ 547130.211000000010245, 548941.922999999951571 ], [ 547121.733, 548993.560000000055879 ], [ 547118.834999999962747, 549006.913999999989755 ], [ 547111.574000000022352, 549032.202999999979511 ], [ 547108.209000000031665, 549042.988000000012107 ], [ 547092.95499999995809, 549081.243999999947846 ], [ 547074.371000000042841, 549129.400000000023283 ], [ 547060.932000000029802, 549180.836000000010245 ], [ 547052.278999999980442, 549237.623999999952503 ], [ 547047.471000000019558, 549289.468 ] ], [ [ 547135.677000000025146, 548956.635 ], [ 547134.035000000032596, 548954.162000000011176 ], [ 547134.047999999951571, 548954.133000000030734 ], [ 547135.677000000025146, 548956.635 ] ] ] } },
{ "type": "Feature", "properties": { "fid": 2448446, "crop": "sunflower" }, "geometry": { "type": "Polygon", "coordinates": [ [ [ 539851.76, 524271.213999999978114 ], [ 539846.829000000027008, 524280.559 ], [ 539885.773999999975786, 524299.493000000016764 ], [ 539903.118000000016764, 524307.118000000016764 ], [ 539969.47199999995064, 524339.645999999949709 ], [ 539993.20499999995809, 524352.211000000010245 ], [ 540015.055999999982305, 524363.885 ], [ 540043.42000000004191, 524377.84499999997206 ], [ 540097.285000000032596, 524404.096000000019558 ], [ 540104.091000000014901, 524406.819000000017695 ], [ 540114.008000000030734, 524411.486000000033528 ], [ 540154.702000000048429, 524429.006999999983236 ], [ 540168.216999999945983, 524433.873999999952503 ], [ 540215.319000000017695, 524449.40500000002794 ], [ 540249.570000000065193, 524460.910999999963678 ], [ 540272.337999999988824, 524467.731999999959953 ], [ 540294.559, 524475.925000000046566 ], [ 540322.197999999974854, 524487.486000000033528 ], [ 540342.704000000027008, 524497.305999999982305 ], [ 540366.028999999980442, 524508.221000000019558 ], [ 540397.726999999955297, 524523.770999999949709 ], [ 540426.285000000032596, 524539.022 ], [ 540454.544, 524553.675000000046566 ], [ 540470.692000000039116, 524561.300999999977648 ], [ 540495.363000000012107, 524571.767 ], [ 540517.113999999943189, 524579.300999999977648 ], [ 540564.01, 524596.059 ], [ 540576.219000000040978, 524586.402 ], [ 540588.089999999967404, 524576.383999999961816 ], [ 540626.780999999959022, 524589.591000000014901 ], [ 540632.354999999981374, 524580.432000000029802 ], [ 540639.767, 524569.875 ], [ 540610.343, 524563.243999999947846 ], [ 540580.799, 524552.709999999962747 ], [ 540555.408999999985099, 524542.606000000028871 ], [ 540502.53000000002794, 524517.268999999971129 ], [ 540466.75, 524499.38 ], [ 540456.508999999961816, 524495.177999999956228 ], [ 540438.09699999995064, 524486.839999999967404 ], [ 540397.371000000042841, 524467.991999999969266 ], [ 540373.018000000040047, 524456.851000000024214 ], [ 540355.400000000023283, 524449.337999999988824 ], [ 540337.523999999975786, 524441.047999999951571 ], [ 540318.481999999959953, 524434.359000000054948 ], [ 540287.231999999959953, 524423.29500000004191 ], [ 540261.207000000053085, 524413.601000000024214 ], [ 540241.45499999995809, 524405.557000000029802 ], [ 540210.457999999984168, 524391.067999999970198 ], [ 540190.324000000022352, 524383.733 ], [ 540161.302000000025146, 524377.941 ], [ 540139.358, 524371.709999999962747 ], [ 540109.454000000027008, 524360.944999999948777 ], [ 540052.170999999972992, 524338.175999999977648 ], [ 540027.280999999959022, 524326.898000000044703 ], [ 539993.062000000034459, 524308.008999999961816 ], [ 539984.305999999982305, 524323.202999999979511 ], [ 539910.29500000004191, 524290.821 ], [ 539890.741999999969266, 524281.660000000032596 ], [ 539854.366000000038184, 524265.822999999974854 ], [ 539851.76, 524271.213999999978114 ] ] ] } },
{ "type": "Feature", "properties": { "fid": 2230831, "crop": "sunflower" }, "geometry": { "type": "Polygon", "coordinates": [ [ [ 547881.025999999954365, 558800.35999999998603 ], [ 547892.133000000030734, 558831.743000000016764 ], [ 547947.667000000015832, 558894.042999999946915 ], [ 547971.145999999949709, 558919.412000000011176 ], [ 547999.816, 558948.185999999986961 ], [ 548021.189000000013039, 558967.488999999943189 ], [ 548033.804, 558982.219000000040978 ], [ 548055.437999999965541, 559019.005 ], [ 548076.572000000043772, 559057.071 ], [ 548083.375, 559072.545999999972992 ], [ 548105.564999999944121, 559061.86199999996461 ], [ 548075.501000000047497, 559001.273000000044703 ], [ 548049.944000000017695, 558948.04500000004191 ], [ 548038.413999999989755, 558920.077999999979511 ], [ 548029.238999999943189, 558891.241999999969266 ], [ 548016.819000000017695, 558850.662999999942258 ], [ 548000.716999999945983, 558799.503999999957159 ], [ 547994.165999999968335, 558794.535999999963678 ], [ 547963.805999999982305, 558793.263999999966472 ], [ 547929.533000000054017, 558794.812999999965541 ], [ 547899.875, 558796.571 ], [ 547881.025999999954365, 558800.35999999998603 ] ] ] } },
{ "type": "Feature", "properties": { "fid": 604249, "crop": "sunflower" }, "geometry": { "type": "Polygon", "coordinates": [ [ [ 541164.12, 556999.062999999965541 ], [ 541197.334999999962747, 557077.72199999995064 ], [ 541199.591000000014901, 557083.02800000004936 ], [ 541227.608, 557132.824000000022352 ], [ 541242.635, 557158.407 ], [ 541272.427999999956228, 557203.734000000054948 ], [ 541298.447999999974854, 557238.535000000032596 ], [ 541329.67000000004191, 557273.834000000031665 ], [ 541348.822999999974854, 557294.73499999998603 ], [ 541354.140999999945052, 557299.765999999945052 ], [ 541373.491000000038184, 557318.594000000040978 ], [ 541389.067999999970198, 557305.885 ], [ 541370.368000000016764, 557286.738999999943189 ], [ 541345.229000000050291, 557260.420999999972992 ], [ 541329.579000000027008, 557241.87300000002142 ], [ 541305.930000000051223, 557211.733 ], [ 541289.912000000011176, 557188.895000000018626 ], [ 541261.92000000004191, 557145.856000000028871 ], [ 541227.339999999967404, 557081.599000000045635 ], [ 541216.045999999972992, 557057.572000000043772 ], [ 541197.054, 557014.60999999998603 ], [ 541164.866000000038184, 556937.525999999954365 ], [ 541142.033999999985099, 556944.268000000040047 ], [ 541164.12, 556999.062999999965541 ] ] ] } },
{ "type": "Feature", "properties": { "fid": 2421025, "crop": "sunflower" }, "geometry": { "type": "Polygon", "coordinates": [ [ [ 548265.547000000020489, 559482.917999999946915 ], [ 548302.479999999981374, 559463.133000000030734 ], [ 548336.775000000023283, 559449.72199999995064 ], [ 548384.145000000018626, 559435.547000000020489 ], [ 548411.028999999980442, 559430.310000000055879 ], [ 548429.496000000042841, 559425.814999999944121 ], [ 548459.537000000011176, 559421.332000000053085 ], [ 548495.773999999975786, 559417.611000000033528 ], [ 548537.479000000050291, 559413.915999999968335 ], [ 548540.589000000036322, 559412.61199999996461 ], [ 548535.518000000040047, 559394.027 ], [ 548534.716999999945983, 559387.297999999951571 ], [ 548536.545999999972992, 559364.934 ], [ 548537.307999999960884, 559334.454000000027008 ], [ 548544.564999999944121, 559299.447000000043772 ], [ 548504.964999999967404, 559300.047000000020489 ], [ 548452.493000000016764, 559302.567999999970198 ], [ 548428.626000000047497, 559306.638999999966472 ], [ 548416.834999999962747, 559313.618999999947846 ], [ 548395.51, 559331.206 ], [ 548371.724999999976717, 559349.177000000025146 ], [ 548351.657, 559361.854999999981374 ], [ 548341.155999999959022, 559369.466000000014901 ], [ 548326.331, 559378.422999999951571 ], [ 548315.108, 559389.90500000002794 ], [ 548300.187000000034459, 559402.273000000044703 ], [ 548287.878000000026077, 559423.354999999981374 ], [ 548276.956, 559453.581 ], [ 548265.547000000020489, 559482.917999999946915 ] ], [ [ 548339.961000000010245, 559375.765999999945052 ], [ 548393.290000000037253, 559356.794 ], [ 548429.821, 559348.581 ], [ 548526.506999999983236, 559332.082999999984168 ], [ 548529.358, 559335.285999999963678 ], [ 548480.148999999975786, 559342.892 ], [ 548454.660999999963678, 559347.160999999963678 ], [ 548432.677000000025146, 559351.324999999953434 ], [ 548413.297999999951571, 559355.23499999998603 ], [ 548394.582999999984168, 559360.025999999954365 ], [ 548337.282, 559379.501000000047497 ], [ 548339.961000000010245, 559375.765999999945052 ] ] ] } },
{ "type": "Feature", "properties": { "fid": 821881, "crop": "sunflower" }, "geometry": { "type": "Polygon", "coordinates": [ [ [ 542538.738000000012107, 539689.121999999973923 ], [ 542523.584999999962747, 539701.13 ], [ 542531.145999999949709, 539721.72199999995064 ], [ 542541.549, 539753.662999999942258 ], [ 542548.378999999957159, 539785.949000000022352 ], [ 542568.050000000046566, 539881.648000000044703 ], [ 542572.363999999943189, 539864.488999999943189 ], [ 542579.093, 539848.559 ], [ 542584.574999999953434, 539837.571 ], [ 542590.819000000017695, 539829.383999999961816 ], [ 542580.446, 539777.49 ], [ 542572.180999999982305, 539741.488999999943189 ], [ 542559.873999999952503, 539698.785999999963678 ], [ 542554.667999999946915, 539681.726000000024214 ], [ 542538.738000000012107, 539689.121999999973923 ] ] ] } },
{ "type": "Feature", "properties": { "fid": 1704554, "crop": "sunflower" }, "geometry": { "type": "Polygon", "coordinates": [ [ [ 543563.912999999942258, 540234.851000000024214 ], [ 543577.576, 540281.290999999968335 ], [ 543594.49, 540337.741000000038184 ], [ 543610.680999999982305, 540397.40300000004936 ], [ 543624.26300000003539, 540433.408999999985099 ], [ 543641.621999999973923, 540469.589999999967404 ], [ 543645.625, 540478.201 ], [ 543676.962000000057742, 540468.625 ], [ 543667.302999999956228, 540451.714999999967404 ], [ 543656.723, 540430.452000000048429 ], [ 543645.089000000036322, 540399.772 ], [ 543634.944000000017695, 540368.979000000050291 ], [ 543621.456, 540324.35999999998603 ], [ 543600.85999999998603, 540258.174 ], [ 543559.321, 540222.726000000024214 ], [ 543563.912999999942258, 540234.851000000024214 ] ] ] } },
{ "type": "Feature", "properties": { "fid": 995442, "crop": "sunflower" }, "geometry": { "type": "Polygon", "coordinates": [ [ [ 546408.672999999951571, 559615.459000000031665 ], [ 546407.898000000044703, 559602.572999999974854 ], [ 546347.040000000037253, 559613.079000000027008 ], [ 546355.601999999955297, 559625.231000000028871 ], [ 546381.895999999949709, 559664.714000000036322 ], [ 546410.816, 559662.591999999945983 ], [ 546409.491000000038184, 559629.064999999944121 ], [ 546408.672999999951571, 559615.459000000031665 ] ] ] } },
{ "type": "Feature", "properties": { "fid": 2120492, "crop": "sunflower" }, "geometry": { "type": "Polygon", "coordinates": [ [ [ 557921.407, 521706.177000000025146 ], [ 557922.322000000043772, 521700.598 ], [ 557926.696, 521683.827999999979511 ], [ 557930.04500000004191, 521670.569000000017695 ], [ 557932.62300000002142, 521666.941999999980908 ], [ 557939.042000000015832, 521638.686999999976251 ], [ 557942.615, 521608.674 ], [ 557899.625, 521616.581 ], [ 557899.199999999953434, 521629.288 ], [ 557899.679, 521630.833999999973457 ], [ 557898.770000000018626, 521645.231000000028871 ], [ 557898.606999999959953, 521651.597 ], [ 557898.197000000043772, 521654.304 ], [ 557897.976999999955297, 521657.781000000017229 ], [ 557892.792999999946915, 521690.580000000016298 ], [ 557893.312999999965541, 521690.965000000025611 ], [ 557891.947999999974854, 521700.678000000014435 ], [ 557885.304, 521729.893999999971129 ], [ 557885.256999999983236, 521729.867000000027474 ], [ 557882.962000000057742, 521739.878000000026077 ], [ 557875.817999999970198, 521763.548 ], [ 557894.648000000044703, 521771.961000000010245 ], [ 557897.248999999952503, 521770.261 ], [ 557897.937999999965541, 521768.454000000027008 ], [ 557902.724999999976717, 521757.054 ], [ 557909.425000000046566, 521751.694000000017695 ], [ 557916.392, 521747.408 ], [ 557918.440000000060536, 521745.292000000015832 ], [ 557917.464000000036322, 521731.597 ], [ 557917.868999999947846, 521723.560999999986961 ], [ 557919.082000000053085, 521720.87599999998929 ], [ 557920.062000000034459, 521714.381999999983236 ], [ 557920.282, 521713.038999999989755 ], [ 557920.442999999970198, 521710.783999999985099 ], [ 557920.984000000054948, 521707.720000000030268 ], [ 557921.407, 521706.177000000025146 ] ] ] } },
{ "type": "Feature", "properties": { "fid": 2226589, "crop": "sunflower" }, "geometry": { "type": "Polygon", "coordinates": [ [ [ 545904.837000000057742, 559477.90300000004936 ], [ 545918.645999999949709, 559517.746000000042841 ], [ 545921.011999999987893, 559523.657 ], [ 545938.238000000012107, 559519.241000000038184 ], [ 545962.567000000039116, 559513.78000000002794 ], [ 545989.158999999985099, 559486.74 ], [ 546001.468, 559474.814999999944121 ], [ 546012.037000000011176, 559466.378000000026077 ], [ 546006.408000000054017, 559438.462999999988824 ], [ 545994.270999999949709, 559397.202999999979511 ], [ 545972.582999999984168, 559346.932000000029802 ], [ 545961.018999999971129, 559354.944000000017695 ], [ 545966.03000000002794, 559366.628000000026077 ], [ 545990.511999999987893, 559425.984000000054948 ], [ 545995.373999999952503, 559444.746000000042841 ], [ 545988.787999999942258, 559424.483 ], [ 545984.223, 559414.873999999952503 ], [ 545971.587999999988824, 559419.415000000037253 ], [ 545944.341999999945983, 559428.892 ], [ 545928.944000000017695, 559431.087000000057742 ], [ 545922.341000000014901, 559434.76500000001397 ], [ 545914.373999999952503, 559442.533000000054017 ], [ 545913.253000000026077, 559449.280999999959022 ], [ 545898.75199999997858, 559462.685000000055879 ], [ 545904.837000000057742, 559477.90300000004936 ] ] ] } },
{ "type": "Feature", "properties": { "fid": 226201, "crop": "sunflower" }, "geometry": { "type": "Polygon", "coordinates": [ [ [ 515619.995, 539940.158000000054017 ], [ 515627.054, 539944.505 ], [ 515637.343999999982771, 539950.20499999995809 ], [ 515649.955000000016298, 539959.155999999959022 ], [ 515652.799999999988358, 539961.290000000037253 ], [ 515675.082999999984168, 539913.996000000042841 ], [ 515694.223999999987427, 539878.395000000018626 ], [ 515696.384000000020023, 539872.123999999952503 ], [ 515656.245999999984633, 539848.927000000025146 ], [ 515630.995999999984633, 539910.677999999956228 ], [ 515623.291000000026543, 539928.701 ], [ 515619.995, 539940.158000000054017 ] ] ] } },
{ "type": "Feature", "properties": { "fid": 2091126, "crop": "sunflower" }, "geometry": { "type": "Polygon", "coordinates": [ [ [ 542394.405999999959022, 539384.479000000050291 ], [ 542418.348, 539445.707000000053085 ], [ 542445.398000000044703, 539512.756999999983236 ], [ 542473.564999999944121, 539577.910999999963678 ], [ 542485.599000000045635, 539562.930000000051223 ], [ 542495.26500000001397, 539547.827999999979511 ], [ 542476.922000000020489, 539510.452999999979511 ], [ 542465.072000000043772, 539483.973 ], [ 542449.932000000029802, 539443.839999999967404 ], [ 542437.037999999942258, 539409.973 ], [ 542431.268999999971129, 539394.310999999986961 ], [ 542427.030999999959022, 539380.599000000045635 ], [ 542471.48699999996461, 539377.533000000054017 ], [ 542524.702000000048429, 539377.314000000013039 ], [ 542549.886000000056811, 539376.876000000047497 ], [ 542537.162999999942258, 539353.503000000026077 ], [ 542515.667000000015832, 539300.959999999962747 ], [ 542511.299, 539290.238999999943189 ], [ 542506.57999999995809, 539288.841000000014901 ], [ 542480.464999999967404, 539290.15500000002794 ], [ 542454.462000000057742, 539293.395999999949709 ], [ 542445.761999999987893, 539295.831 ], [ 542437.324000000022352, 539297.599999999976717 ], [ 542427.469000000040978, 539320.376000000047497 ], [ 542413.082000000053085, 539352.979000000050291 ], [ 542394.405999999959022, 539384.479000000050291 ] ] ] } },
{ "type": "Feature", "properties": { "fid": 2213876, "crop": "sunflower" }, "geometry": { "type": "Polygon", "coordinates": [ [ [ 545771.711000000010245, 559826.422000000020489 ], [ 545766.586000000010245, 559829.295999999972992 ], [ 545712.623999999952503, 559858.770999999949709 ], [ 545677.527, 559878.37 ], [ 545640.501000000047497, 559897.304 ], [ 545651.922000000020489, 559948.753999999957159 ], [ 545696.076, 559931.861000000033528 ], [ 545737.439000000013039, 559913.294 ], [ 545786.040999999968335, 559886.601999999955297 ], [ 545900.574000000022352, 559807.525000000023283 ], [ 545924.511999999987893, 559794.395000000018626 ], [ 545921.745, 559780.638999999966472 ], [ 545916.560000000055879, 559762.675000000046566 ], [ 545907.615, 559740.283000000054017 ], [ 545901.570000000065193, 559728.447000000043772 ], [ 545842.14000000001397, 559775.841999999945983 ], [ 545811.984000000054948, 559798.978 ], [ 545771.711000000010245, 559826.422000000020489 ] ] ] } },
{ "type": "Feature", "properties": { "fid": 21021, "crop": "sunflower" }, "geometry": { "type": "Polygon", "coordinates": [ [ [ 551515.006000000052154, 547711.581 ], [ 551524.540999999968335, 547749.513999999966472 ], [ 551552.99800000002142, 547837.148999999975786 ], [ 551567.709999999962747, 547880.613000000012107 ], [ 551569.947999999974854, 547888.696 ], [ 551588.055999999982305, 547959.375 ], [ 551596.927999999956228, 547956.089999999967404 ], [ 551610.940000000060536, 547951.594000000040978 ], [ 551590.459000000031665, 547882.248999999952503 ], [ 551585.081, 547866.143999999971129 ], [ 551569.942000000039116, 547812.447999999974854 ], [ 551549.34499999997206, 547744.885 ], [ 551544.037999999942258, 547719.055999999982305 ], [ 551540.145999999949709, 547704.018999999971129 ], [ 551528.46999999997206, 547708.26500000001397 ], [ 551515.006000000052154, 547711.581 ] ] ] } },
{ "type": "Feature", "properties": { "fid": 1582227, "crop": "sunflower" }, "geometry": { "type": "Polygon", "coordinates": [ [ [ 555088.691, 521357.118000000016764 ], [ 555062.65300000004936, 521365.541000000026543 ], [ 555034.777, 521375.310999999986961 ], [ 555013.51, 521381.920999999972992 ], [ 554958.042999999946915, 521395.006 ], [ 554896.256000000052154, 521411.234 ], [ 554896.832000000053085, 521421.580000000016298 ], [ 554898.613999999943189, 521429.761 ], [ 554897.692999999970198, 521433.938000000023749 ], [ 554845.65500000002794, 521451.420999999972992 ], [ 554796.376000000047497, 521461.523999999975786 ], [ 554787.968, 521461.365 ], [ 554777.101000000024214, 521480.162000000011176 ], [ 554754.841000000014901, 521507.61099999997532 ], [ 554779.99800000002142, 521504.702 ], [ 554816.559, 521499.739 ], [ 554896.959000000031665, 521479.555999999982305 ], [ 554930.34499999997206, 521468.23599999997532 ], [ 554994.437999999965541, 521451.021 ], [ 555065.040999999968335, 521433.37 ], [ 555079.65500000002794, 521398.945 ], [ 555086.52800000004936, 521377.141 ], [ 555088.898000000044703, 521361.49800000002142 ], [ 555088.691, 521357.118000000016764 ] ] ] } },
{ "type": "Feature", "properties": { "fid": 1533779, "crop": "sunflower" }, "geometry": { "type": "Polygon", "coordinates": [ [ [ 557624.057000000029802, 550747.145000000018626 ], [ 557681.015999999945052, 550694.373999999952503 ], [ 557771.427000000025146, 550623.95499999995809 ], [ 557769.115, 550574.10999999998603 ], [ 557733.442000000039116, 550597.758000000030734 ], [ 557698.320000000065193, 550620.086000000010245 ], [ 557689.182999999960884, 550627.015999999945052 ], [ 557593.79500000004191, 550710.106999999959953 ], [ 557591.287999999942258, 550716.424 ], [ 557624.057000000029802, 550747.145000000018626 ] ] ] } },
{ "type": "Feature", "properties": { "fid": 604920, "crop": "sunflower" }, "geometry": { "type": "Polygon", "coordinates": [ [ [ 543243.814999999944121, 554184.650999999954365 ], [ 543700.996999999973923, 554226.197999999974854 ], [ 543703.197000000043772, 554222.881999999983236 ], [ 543719.868000000016764, 554141.868999999947846 ], [ 543285.365, 554102.545999999972992 ], [ 543243.814999999944121, 554184.650999999954365 ] ] ] } },
{ "type": "Feature", "properties": { "fid": 398216, "crop": "sunflower" }, "geometry": { "type": "Polygon", "coordinates": [ [ [ 558682.88800000003539, 546557.211000000010245 ], [ 558676.34699999995064, 546540.319000000017695 ], [ 558671.544, 546525.248999999952503 ], [ 558644.34499999997206, 546540.395999999949709 ], [ 558645.709999999962747, 546543.925999999977648 ], [ 558664.076, 546584.738000000012107 ], [ 558685.425000000046566, 546634.712999999988824 ], [ 558709.136000000056811, 546688.299 ], [ 558725.991000000038184, 546723.337999999988824 ], [ 558758.841000000014901, 546722.603 ], [ 558724.537000000011176, 546648.238999999943189 ], [ 558698.199999999953434, 546592.466999999945983 ], [ 558682.88800000003539, 546557.211000000010245 ] ] ] } },
{ "type": "Feature", "properties": { "fid": 2225729, "crop": "sunflower" }, "geometry": { "type": "Polygon", "coordinates": [ [ [ 546291.348, 559543.716000000014901 ], [ 546344.920999999972992, 559532.172999999951571 ], [ 546404.812999999965541, 559520.64000000001397 ], [ 546404.050999999977648, 559505.802000000025146 ], [ 546400.669, 559437.165999999968335 ], [ 546375.292999999946915, 559439.185000000055879 ], [ 546356.268999999971129, 559441.770000000018626 ], [ 546296.761999999987893, 559450.773000000044703 ], [ 546231.832000000053085, 559463.696 ], [ 546211.322000000043772, 559468.598 ], [ 546212.753999999957159, 559470.98499999998603 ], [ 546234.552999999956228, 559497.398999999975786 ], [ 546249.672999999951571, 559511.392 ], [ 546275.756000000052154, 559532.324999999953434 ], [ 546291.348, 559543.716000000014901 ] ] ] } },
{ "type": "Feature", "properties": { "fid": 993061, "crop": "sunflower" }, "geometry": { "type": "Polygon", "coordinates": [ [ [ 546513.645999999949709, 557872.527 ], [ 546551.174, 557876.216999999945983 ], [ 546577.756000000052154, 557877.192999999970198 ], [ 546601.07999999995809, 557878.229999999981374 ], [ 546593.24, 557833.356000000028871 ], [ 546586.601999999955297, 557796.95499999995809 ], [ 546562.910999999963678, 557808.920999999972992 ], [ 546540.822999999974854, 557820.599999999976717 ], [ 546516.131999999983236, 557833.577999999979511 ], [ 546513.645999999949709, 557872.527 ] ] ] } },
{ "type": "Feature", "properties": { "fid": 848901, "crop": "sunflower" }, "geometry": { "type": "Polygon", "coordinates": [ [ [ 557865.187999999965541, 521079.745999999984633 ], [ 557878.334000000031665, 521084.465000000025611 ], [ 557904.393999999971129, 521095.218 ], [ 557925.625, 521029.011 ], [ 557940.699999999953434, 520985.185 ], [ 557962.77800000004936, 520927.327 ], [ 557967.527, 520916.153 ], [ 557992.39000000001397, 520851.064000000013039 ], [ 557981.495, 520850.505 ], [ 557949.368999999947846, 520851.902 ], [ 557935.121999999973923, 520898.832999999984168 ], [ 557905.223, 520972.647 ], [ 557876.457999999984168, 521047.728 ], [ 557865.187999999965541, 521079.745999999984633 ] ] ] } },
{ "type": "Feature", "properties": { "fid": 2448445, "crop": "sunflower" }, "geometry": { "type": "Polygon", "coordinates": [ [ [ 539925.172000000020489, 524394.572000000043772 ], [ 539931.555000000051223, 524406.177000000025146 ], [ 539937.743999999947846, 524420.856999999959953 ], [ 540001.866000000038184, 524448.800000000046566 ], [ 540011.562999999965541, 524453.179 ], [ 540061.817999999970198, 524474.96999999997206 ], [ 540078.604999999981374, 524482.476999999955297 ], [ 540123.959000000031665, 524501.035999999963678 ], [ 540151.589000000036322, 524511.04500000004191 ], [ 540172.307999999960884, 524518.192999999970198 ], [ 540197.946, 524526.307000000029802 ], [ 540245.667999999946915, 524541.571 ], [ 540265.783999999985099, 524548.728 ], [ 540276.035000000032596, 524552.40300000004936 ], [ 540297.118000000016764, 524561.300000000046566 ], [ 540315.935000000055879, 524570.265999999945052 ], [ 540324.057000000029802, 524573.787000000011176 ], [ 540368.944000000017695, 524598.189000000013039 ], [ 540387.209999999962747, 524608.278999999980442 ], [ 540429.65500000002794, 524634.163999999989755 ], [ 540443.15500000002794, 524642.513999999966472 ], [ 540450.113000000012107, 524646.689000000013039 ], [ 540454.39000000001397, 524649.886000000056811 ], [ 540472.356000000028871, 524631.317999999970198 ], [ 540463.89000000001397, 524624.979000000050291 ], [ 540451.922000000020489, 524616.49 ], [ 540406.554, 524588.099999999976717 ], [ 540368.979000000050291, 524564.302999999956228 ], [ 540344.378000000026077, 524551.601000000024214 ], [ 540312.596000000019558, 524537.268999999971129 ], [ 540273.11199999996461, 524521.944000000017695 ], [ 540235.082000000053085, 524509.419 ], [ 540228.642, 524507.150999999954365 ], [ 540208.59699999995064, 524501.804 ], [ 540184.915999999968335, 524495.165000000037253 ], [ 540157.337000000057742, 524486.206 ], [ 540134.12300000002142, 524477.790999999968335 ], [ 540116.084999999962747, 524470.265999999945052 ], [ 540080.307999999960884, 524454.861000000033528 ], [ 540057.223, 524444.552000000025146 ], [ 540007.589000000036322, 524421.939000000013039 ], [ 539951.924, 524394.478 ], [ 539912.072000000043772, 524374.26300000003539 ], [ 539925.172000000020489, 524394.572000000043772 ] ] ] } },
{ "type": "Feature", "properties": { "fid": 1260692, "crop": "sunflower" }, "geometry": { "type": "Polygon", "coordinates": [ [ [ 546877.574999999953434, 538916.643000000040047 ], [ 546888.197000000043772, 538922.826 ], [ 546927.15300000004936, 538939.959999999962747 ], [ 546932.79500000004191, 538942.310999999986961 ], [ 546969.875, 538957.123999999952503 ], [ 547030.962000000057742, 538976.805000000051223 ], [ 547121.84699999995064, 539003.881000000052154 ], [ 547138.662999999942258, 539008.327000000048429 ], [ 547177.363000000012107, 539021.638999999966472 ], [ 547227.913999999989755, 539040.153999999980442 ], [ 547297.435000000055879, 539072.824000000022352 ], [ 547371.800999999977648, 539104.447000000043772 ], [ 547386.476000000024214, 539108.638999999966472 ], [ 547388.34499999997206, 539107.255 ], [ 547364.353, 539057.143000000040047 ], [ 547410.919, 539071.069000000017695 ], [ 547415.895000000018626, 539069.871000000042841 ], [ 547409.87300000002142, 539054.913999999989755 ], [ 547405.794, 539050.25199999997858 ], [ 547367.915999999968335, 539039.373999999952503 ], [ 547325.957999999984168, 539024.611000000033528 ], [ 547240.697999999974854, 538986.959999999962747 ], [ 547190.180000000051223, 538968.086000000010245 ], [ 547155.799, 538957.013999999966472 ], [ 547058.633999999961816, 538929.802999999956228 ], [ 547019.437999999965541, 538915.444999999948777 ], [ 546975.537999999942258, 538895.049 ], [ 546919.572999999974854, 538864.452000000048429 ], [ 546891.435999999986961, 538849.608 ], [ 546885.726000000024214, 538875.199999999953434 ], [ 546885.172999999951571, 538890.138999999966472 ], [ 546885.726000000024214, 538898.106999999959953 ], [ 546884.398000000044703, 538902.976000000024214 ], [ 546882.185000000055879, 538906.738000000012107 ], [ 546879.197000000043772, 538909.837000000057742 ], [ 546877.574999999953434, 538916.643000000040047 ] ] ] } },
{ "type": "Feature", "properties": { "fid": 1180288, "crop": "sunflower" }, "geometry": { "type": "Polygon", "coordinates": [ [ [ 543006.180000000051223, 524215.061999999976251 ], [ 542992.856000000028871, 524182.077 ], [ 542985.057000000029802, 524162.254000000015367 ], [ 542974.496000000042841, 524125.207999999984168 ], [ 542967.834000000031665, 524096.447999999974854 ], [ 542962.886999999987893, 524071.416000000026543 ], [ 542958.954000000027008, 524034.07 ], [ 542960.522, 524013.580000000016298 ], [ 542960.751000000047497, 524000.26400000002468 ], [ 542966.045999999972992, 523961.74800000002142 ], [ 542968.971000000019558, 523929.087999999988824 ], [ 542943.464000000036322, 523925.489 ], [ 542940.861000000033528, 523970.847 ], [ 542936.631999999983236, 524008.956 ], [ 542935.761000000056811, 524018.457 ], [ 542936.351999999955297, 524053.916000000026543 ], [ 542944.435999999986961, 524099.85999999998603 ], [ 542950.60999999998603, 524125.533 ], [ 542959.547000000020489, 524160.467 ], [ 542962.670999999972992, 524174.367000000027474 ], [ 542976.351999999955297, 524211.787000000011176 ], [ 542985.961000000010245, 524230.092 ], [ 542996.917999999946915, 524248.859 ], [ 543001.956, 524258.933000000019092 ], [ 543025.677999999956228, 524254.870999999984633 ], [ 543016.741999999969266, 524239.435 ], [ 543006.180000000051223, 524215.061999999976251 ] ] ] } },
{ "type": "Feature", "properties": { "fid": 2448557, "crop": "sunflower" }, "geometry": { "type": "Polygon", "coordinates": [ [ [ 540547.930999999982305, 523607.543 ], [ 540488.067000000039116, 523606.50199999997858 ], [ 540501.675000000046566, 523634.115999999979977 ], [ 540514.207999999984168, 523655.468 ], [ 540524.10999999998603, 523665.989 ], [ 540532.464999999967404, 523673.106000000028871 ], [ 540538.653999999980442, 523681.924999999988358 ], [ 540547.628000000026077, 523697.397999999986496 ], [ 540565.942999999970198, 523733.712999999988824 ], [ 540569.341999999945983, 523739.011999999987893 ], [ 540599.62, 523807.433000000019092 ], [ 540606.157, 523821.658999999985099 ], [ 540623.256999999983236, 523861.425999999977648 ], [ 540626.268000000040047, 523869.63900000002468 ], [ 540637.10999999998603, 523892.220000000030268 ], [ 540646.496000000042841, 523893.121999999973923 ], [ 540655.778999999980442, 523919.424999999988358 ], [ 540663.307000000029802, 523943.194000000017695 ], [ 540669.560999999986961, 523960.707999999984168 ], [ 540674.878000000026077, 523977.908 ], [ 540678.832999999984168, 523994.62 ], [ 540680.37699999997858, 524025.74 ], [ 540696.038999999989755, 524029.114 ], [ 540721.62, 524033.892999999981839 ], [ 540716.802000000025146, 524014.023999999975786 ], [ 540713.344000000040978, 523997.934 ], [ 540705.128999999957159, 523964.115999999979977 ], [ 540699.98699999996461, 523947.403999999980442 ], [ 540685.331, 523911.843 ], [ 540676.202999999979511, 523887.86099999997532 ], [ 540668.071, 523867.911000000021886 ], [ 540651.317000000039116, 523827.995999999984633 ], [ 540627.148000000044703, 523777.220000000030268 ], [ 540605.63, 523728.996999999973923 ], [ 540577.947999999974854, 523669.554 ], [ 540564.941, 523641.180999999982305 ], [ 540547.930999999982305, 523607.543 ] ] ] } },
{ "type": "Feature", "properties": { "fid": 2219391, "crop": "sunflower" }, "geometry": { "type": "Polygon", "coordinates": [ [ [ 558381.04500000004191, 542356.716000000014901 ], [ 558384.089999999967404, 542372.584000000031665 ], [ 558388.775999999954365, 542386.174 ], [ 558780.616999999969266, 542428.320000000065193 ], [ 558787.995, 542400.930000000051223 ], [ 558790.606000000028871, 542392.947000000043772 ], [ 558793.261999999987893, 542386.405999999959022 ], [ 558810.567000000039116, 542342.991000000038184 ], [ 558821.243000000016764, 542311.064999999944121 ], [ 558821.562000000034459, 542309.770999999949709 ], [ 558824.841000000014901, 542296.476000000024214 ], [ 558829.486000000033528, 542271.442000000039116 ], [ 558830.145000000018626, 542264.797000000020489 ], [ 558830.667000000015832, 542259.851000000024214 ], [ 558473.550000000046566, 542221.48499999998603 ], [ 558500.462000000057742, 542142.172999999951571 ], [ 558524.88, 542063.851000000024214 ], [ 558506.547000000020489, 542070.033000000054017 ], [ 558484.339000000036322, 542083.863999999943189 ], [ 558481.356999999959953, 542089.042999999946915 ], [ 558478.060000000055879, 542094.38 ], [ 558472.091000000014901, 542115.971000000019558 ], [ 558470.826, 542123.199000000022352 ], [ 558466.488999999943189, 542133.13800000003539 ], [ 558457.143000000040047, 542152.366000000038184 ], [ 558433.27800000004936, 542194.625 ], [ 558426.844000000040978, 542206.753000000026077 ], [ 558419.474999999976717, 542222.566 ], [ 558413.304, 542236.165000000037253 ], [ 558409.866999999969266, 542246.462999999988824 ], [ 558398.483, 542280.527 ], [ 558394.319000000017695, 542292.932999999960884 ], [ 558391.892, 542296.660999999963678 ], [ 558383.939000000013039, 542321.606999999959953 ], [ 558381.207000000053085, 542339.912000000011176 ], [ 558381.04500000004191, 542356.716000000014901 ] ] ] } },
{ "type": "Feature", "properties": { "fid": 602316, "crop": "sunflower" }, "geometry": { "type": "Polygon", "coordinates": [ [ [ 541785.01300000003539, 556414.871999999973923 ], [ 541794.425999999977648, 556429.077000000048429 ], [ 541853.949999999953434, 556412.202000000048429 ], [ 541902.535000000032596, 556398.743000000016764 ], [ 541947.919, 556386.270999999949709 ], [ 542006.782, 556371.462000000057742 ], [ 542058.309, 556357.98699999996461 ], [ 542122.785000000032596, 556342.175999999977648 ], [ 542120.304, 556333.934 ], [ 542118.268000000040047, 556318.645000000018626 ], [ 542116.140999999945052, 556298.219000000040978 ], [ 542119.540999999968335, 556254.61199999996461 ], [ 542075.586000000010245, 556249.621000000042841 ], [ 542032.060000000055879, 556253.930000000051223 ], [ 541961.233, 556263.261000000056811 ], [ 541934.089000000036322, 556267.797999999951571 ], [ 541894.332999999984168, 556272.947999999974854 ], [ 541796.709999999962747, 556305.091999999945983 ], [ 541744.10999999998603, 556322.623999999952503 ], [ 541746.106999999959953, 556329.314000000013039 ], [ 541771.915999999968335, 556389.704000000027008 ], [ 541785.01300000003539, 556414.871999999973923 ] ] ] } },
{ "type": "Feature", "properties": { "fid": 18418, "crop": "sunflower" }, "geometry": { "type": "Polygon", "coordinates": [ [ [ 532106.028999999980442, 532206.979999999981374 ], [ 532116.63800000003539, 532221.300999999977648 ], [ 532126.552000000025146, 532231.538999999989755 ], [ 532140.27800000004936, 532243.680999999982305 ], [ 532149.385, 532242.098 ], [ 532158.096000000019558, 532241.570000000065193 ], [ 532180.341999999945983, 532241.797000000020489 ], [ 532185.258000000030734, 532241.094000000040978 ], [ 532187.792999999946915, 532240.513999999966472 ], [ 532190.432000000029802, 532237.873999999952503 ], [ 532190.564000000013039, 532231.802999999956228 ], [ 532191.883999999961816, 532225.863000000012107 ], [ 532191.62, 532218.604000000050291 ], [ 532193.731999999959953, 532209.628999999957159 ], [ 532214.454000000027008, 532184.684 ], [ 532226.993000000016764, 532168.687999999965541 ], [ 532257.084999999962747, 532121.728 ], [ 532260.648000000044703, 532113.677000000025146 ], [ 532262.892, 532104.570000000065193 ], [ 532264.476000000024214, 532095.067000000039116 ], [ 532262.915999999968335, 532088.87699999997858 ], [ 532248.973, 532088.101999999955297 ], [ 532224.351999999955297, 532086.356000000028871 ], [ 532203.278999999980442, 532083.77800000004936 ], [ 532156.90300000004936, 532074.491000000038184 ], [ 532132.226000000024214, 532070.064999999944121 ], [ 532117.839999999967404, 532068.626000000047497 ], [ 532093.876000000047497, 532068.834999999962747 ], [ 532068.719000000040978, 532071.077000000048429 ], [ 532078.084000000031665, 532120.618000000016764 ], [ 532089.175000000046566, 532162.902 ], [ 532097.383999999961816, 532188.73499999998603 ], [ 532106.028999999980442, 532206.979999999981374 ] ] ] } },
{ "type": "Feature", "properties": { "fid": 1223634, "crop": "sunflower" }, "geometry": { "type": "Polygon", "coordinates": [ [ [ 548478.76500000001397, 559056.535000000032596 ], [ 548491.741999999969266, 559076.111000000033528 ], [ 548531.34499999997206, 559022.831 ], [ 548511.353, 559009.922000000020489 ], [ 548490.006000000052154, 558967.216999999945983 ], [ 548487.956, 558964.452999999979511 ], [ 548455.241999999969266, 559013.665999999968335 ], [ 548456.560999999986961, 559018.062999999965541 ], [ 548478.76500000001397, 559056.535000000032596 ] ] ] } },
{ "type": "Feature", "properties": { "fid": 2444854, "crop": "sunflower" }, "geometry": { "type": "Polygon", "coordinates": [ [ [ 559865.363999999943189, 532858.574000000022352 ], [ 559820.111000000033528, 532860.238999999943189 ], [ 559804.846000000019558, 532862.919 ], [ 559798.940000000060536, 532864.062999999965541 ], [ 559709.093, 532883.618999999947846 ], [ 559711.90500000002794, 532920.684 ], [ 559770.608, 532908.086000000010245 ], [ 559809.647, 532901.163999999989755 ], [ 559839.826, 532900.057000000029802 ], [ 559870.005, 532901.856000000028871 ], [ 559909.087999999988824, 532905.525000000023283 ], [ 559940.331, 532910.023999999975786 ], [ 559997.375, 532921.98499999998603 ], [ 559999.082000000053085, 532922.305999999982305 ], [ 560010.329000000027008, 532880.528999999980442 ], [ 560010.283999999985099, 532877.694000000017695 ], [ 559948.988000000012107, 532868.033000000054017 ], [ 559923.442000000039116, 532863.925000000046566 ], [ 559897.133999999961816, 532861.074999999953434 ], [ 559865.363999999943189, 532858.574000000022352 ] ] ] } },
{ "type": "Feature", "properties": { "fid": 31528, "crop": "sunflower" }, "geometry": { "type": "Polygon", "coordinates": [ [ [ 556933.452999999979511, 550008.92000000004191 ], [ 557289.810999999986961, 549935.212999999988824 ], [ 557243.111000000033528, 549908.962999999988824 ], [ 557206.885, 549878.395999999949709 ], [ 557164.187000000034459, 549799.609000000054948 ], [ 557150.028999999980442, 549792.373999999952503 ], [ 556984.709999999962747, 549825.778999999980442 ], [ 556973.135, 549853.723 ], [ 556956.503000000026077, 549896.523999999975786 ], [ 556948.846000000019558, 549919.741999999969266 ], [ 556943.875, 549936.679 ], [ 556942.131000000052154, 549945.517 ], [ 556937.741999999969266, 549967.060000000055879 ], [ 556933.814999999944121, 550000.898999999975786 ], [ 556933.452999999979511, 550008.92000000004191 ] ] ] } },
{ "type": "Feature", "properties": { "fid": 398217, "crop": "sunflower" }, "geometry": { "type": "Polygon", "coordinates": [ [ [ 558390.52800000004936, 546243.518999999971129 ], [ 558386.98699999996461, 546222.050999999977648 ], [ 558382.256999999983236, 546194.042000000015832 ], [ 558378.072999999974854, 546172.98699999996461 ], [ 558361.930000000051223, 546105.256999999983236 ], [ 558350.738999999943189, 546062.959000000031665 ], [ 558338.427000000025146, 546028.647 ], [ 558318.785000000032596, 546034.312000000034459 ], [ 558339.074999999953434, 546113.682999999960884 ], [ 558358.49, 546194.922000000020489 ], [ 558370.09699999995064, 546247.131000000052154 ], [ 558392.85999999998603, 546358.018999999971129 ], [ 558399.88, 546383.65500000002794 ], [ 558417.307999999960884, 546373.655999999959022 ], [ 558407.432000000029802, 546332.302000000025146 ], [ 558390.52800000004936, 546243.518999999971129 ] ] ] } },
{ "type": "Feature", "properties": { "fid": 2085557, "crop": "sunflower" }, "geometry": { "type": "Polygon", "coordinates": [ [ [ 516184.838999999978114, 538800.287999999942258 ], [ 516181.444000000017695, 538814.609000000054948 ], [ 516180.177000000025146, 538824.261999999987893 ], [ 516184.678000000014435, 538827.461000000010245 ], [ 516207.738000000012107, 538833.255 ], [ 516210.636999999987893, 538820.202000000048429 ], [ 516229.268999999971129, 538749.381999999983236 ], [ 516237.12, 538713.427999999956228 ], [ 516208.87, 538705.246999999973923 ], [ 516206.566999999980908, 538716.520000000018626 ], [ 516202.739, 538729.712999999988824 ], [ 516191.739, 538773.712000000057742 ], [ 516184.838999999978114, 538800.287999999942258 ] ] ] } },
{ "type": "Feature", "properties": { "fid": 1949986, "crop": "sunflower" }, "geometry": { "type": "Polygon", "coordinates": [ [ [ 541275.207999999984168, 556364.525000000023283 ], [ 541279.148000000044703, 556349.908999999985099 ], [ 541269.957000000053085, 556352.337000000057742 ], [ 541234.954000000027008, 556364.395000000018626 ], [ 541180.15300000004936, 556382.157 ], [ 541073.853, 556418.452999999979511 ], [ 540980.863000000012107, 556443.979999999981374 ], [ 540896.957000000053085, 556468.145000000018626 ], [ 540900.616000000038184, 556488.53000000002794 ], [ 540996.87, 556462.466000000014901 ], [ 541077.935000000055879, 556439.032 ], [ 541143.763999999966472, 556417.669 ], [ 541242.745, 556383.238999999943189 ], [ 541272.54500000004191, 556373.925999999977648 ], [ 541275.207999999984168, 556364.525000000023283 ] ] ] } },
{ "type": "Feature", "properties": { "fid": 2087242, "crop": "sunflower" }, "geometry": { "type": "Polygon", "coordinates": [ [ [ 540186.564000000013039, 558016.052999999956228 ], [ 540206.937999999965541, 557999.854999999981374 ], [ 540224.175000000046566, 557987.207000000053085 ], [ 540247.711000000010245, 557969.883000000030734 ], [ 540278.290000000037253, 557948.647 ], [ 540309.557000000029802, 557929.229999999981374 ], [ 540333.59699999995064, 557913.292000000015832 ], [ 540367.34499999997206, 557890.473 ], [ 540388.761999999987893, 557875.635 ], [ 540422.03000000002794, 557852.180999999982305 ], [ 540454.243999999947846, 557829.969000000040978 ], [ 540492.954000000027008, 557805.334999999962747 ], [ 540514.385, 557792.273000000044703 ], [ 540539.066, 557777.547000000020489 ], [ 540575.491000000038184, 557754.304 ], [ 540558.886000000056811, 557734.875 ], [ 540536.067999999970198, 557748.866000000038184 ], [ 540485.572999999974854, 557778.947000000043772 ], [ 540411.10999999998603, 557827.604000000050291 ], [ 540354.618000000016764, 557864.917000000015832 ], [ 540291.032, 557906.054 ], [ 540245.768999999971129, 557936.755 ], [ 540183.780999999959022, 557982.773000000044703 ], [ 540152.817000000039116, 558011.505 ], [ 540171.261999999987893, 558027.037000000011176 ], [ 540186.564000000013039, 558016.052999999956228 ] ] ] } },
{ "type": "Feature", "properties": { "fid": 1216449, "crop": "sunflower" }, "geometry": { "type": "Polygon", "coordinates": [ [ [ 560974.462000000057742, 524984.113000000012107 ], [ 560980.371999999973923, 525051.202000000048429 ], [ 560981.059, 525078.650999999954365 ], [ 560978.893999999971129, 525109.528999999980442 ], [ 560979.052000000025146, 525139.037000000011176 ], [ 560981.402, 525166.486000000033528 ], [ 560982.087999999988824, 525203.199000000022352 ], [ 560998.317000000039116, 525193.27800000004936 ], [ 561006.32999999995809, 525176.805999999982305 ], [ 561008.866000000038184, 525156.861000000033528 ], [ 561007.275000000023283, 525137.702000000048429 ], [ 561000.969000000040978, 525120.533000000054017 ], [ 561002.486000000033528, 525094.535000000032596 ], [ 561002.674, 525059.094000000040978 ], [ 561002.564000000013039, 525024.474000000045635 ], [ 561002.912000000011176, 524966.091000000014901 ], [ 560987.942000000039116, 524811.885 ], [ 560985.229000000050291, 524785.631000000052154 ], [ 560981.704000000027008, 524785.165999999968335 ], [ 560956.410000000032596, 524820.574999999953434 ], [ 560971.451, 524938.319000000017695 ], [ 560974.462000000057742, 524984.113000000012107 ] ] ] } },
{ "type": "Feature", "properties": { "fid": 1180290, "crop": "sunflower" }, "geometry": { "type": "Polygon", "coordinates": [ [ [ 542284.094000000040978, 523045.913999999989755 ], [ 542308.071, 523076.049 ], [ 542315.13800000003539, 523083.715000000025611 ], [ 542341.726000000024214, 523062.631 ], [ 542347.79500000004191, 523058.881999999983236 ], [ 542341.511999999987893, 523050.211000000010245 ], [ 542312.663999999989755, 523015.917000000015832 ], [ 542285.756000000052154, 522981.533999999985099 ], [ 542279.589000000036322, 522970.135 ], [ 542248.606999999959953, 522981.512999999977183 ], [ 542240.65300000004936, 522984.936999999976251 ], [ 542256.792000000015832, 523010.49800000002142 ], [ 542284.094000000040978, 523045.913999999989755 ] ] ] } },
{ "type": "Feature", "properties": { "fid": 1001756, "crop": "sunflower" }, "geometry": { "type": "Polygon", "coordinates": [ [ [ 549186.604999999981374, 521240.318000000028405 ], [ 549176.709999999962747, 521225.775000000023283 ], [ 549165.712999999988824, 521204.305 ], [ 549150.562999999965541, 521199.675999999977648 ], [ 549120.285999999963678, 521192.916000000026543 ], [ 549092.787999999942258, 521187.978 ], [ 549058.351000000024214, 521187.790000000037253 ], [ 549046.657, 521188.94 ], [ 549031.92000000004191, 521192.522999999986496 ], [ 549020.392, 521197.566999999980908 ], [ 549009.986000000033528, 521206.705000000016298 ], [ 548984.528999999980442, 521231.403999999980442 ], [ 549018.310999999986961, 521223.761 ], [ 549032.182000000029802, 521221.717 ], [ 549049.90500000002794, 521222.615999999979977 ], [ 549072.633999999961816, 521223.810999999986961 ], [ 549112.324999999953434, 521228.082 ], [ 549155.62, 521234.118000000016764 ], [ 549186.604999999981374, 521240.318000000028405 ] ] ] } },
{ "type": "Feature", "properties": { "fid": 2444964, "crop": "sunflower" }, "geometry": { "type": "Polygon", "coordinates": [ [ [ 539867.557999999960884, 524241.960000000020955 ], [ 539864.517, 524247.608 ], [ 539897.098, 524260.64000000001397 ], [ 539985.285000000032596, 524298.57999999995809 ], [ 539993.493999999947846, 524299.991000000038184 ], [ 540002.807000000029802, 524294.23499999998603 ], [ 540008.599000000045635, 524288.442999999970198 ], [ 539950.822000000043772, 524265.708999999973457 ], [ 539911.0, 524250.793 ], [ 539871.197000000043772, 524234.958999999973457 ], [ 539867.557999999960884, 524241.960000000020955 ] ] ] } },
{ "type": "Feature", "properties": { "fid": 398140, "crop": "sunflower" }, "geometry": { "type": "Polygon", "coordinates": [ [ [ 558605.033999999985099, 546753.917999999946915 ], [ 558609.935000000055879, 546764.662000000011176 ], [ 558620.199000000022352, 546783.697999999974854 ], [ 558645.322000000043772, 546828.785000000032596 ], [ 558673.175999999977648, 546877.163999999989755 ], [ 558694.775000000023283, 546918.381000000052154 ], [ 558717.302000000025146, 546912.613000000012107 ], [ 558731.074000000022352, 546907.846000000019558 ], [ 558696.368999999947846, 546826.984000000054948 ], [ 558673.557999999960884, 546783.944999999948777 ], [ 558643.680000000051223, 546726.844000000040978 ], [ 558635.052000000025146, 546726.567000000039116 ], [ 558627.886000000056811, 546727.834999999962747 ], [ 558610.180999999982305, 546736.245 ], [ 558603.983, 546741.800999999977648 ], [ 558605.033999999985099, 546753.917999999946915 ] ] ] } },
{ "type": "Feature", "properties": { "fid": 2270244, "crop": "sunflower" }, "geometry": { "type": "Polygon", "coordinates": [ [ [ 545394.577999999979511, 535845.261000000056811 ], [ 545364.650999999954365, 535846.422000000020489 ], [ 545362.957999999984168, 535867.108 ], [ 545354.101999999955297, 535913.491000000038184 ], [ 545346.667999999946915, 535953.729000000050291 ], [ 545338.618999999947846, 536025.785999999963678 ], [ 545334.978, 536062.197999999974854 ], [ 545332.185999999986961, 536089.871999999973923 ], [ 545330.761999999987893, 536122.37300000002142 ], [ 545329.804, 536155.527 ], [ 545329.420999999972992, 536201.136999999987893 ], [ 545329.61199999996461, 536229.116999999969266 ], [ 545329.425000000046566, 536254.341000000014901 ], [ 545339.00199999997858, 536261.087999999988824 ], [ 545355.439000000013039, 536253.978 ], [ 545386.560000000055879, 536237.285999999963678 ], [ 545381.473, 536199.827000000048429 ], [ 545380.397, 536184.464999999967404 ], [ 545380.20499999995809, 536134.062999999965541 ], [ 545381.738999999943189, 536103.209000000031665 ], [ 545383.65500000002794, 536075.804 ], [ 545386.201, 536042.76 ], [ 545390.440000000060536, 536006.910999999963678 ], [ 545396.375, 535962.706 ], [ 545401.669, 535931.116000000038184 ], [ 545416.809, 535844.302999999956228 ], [ 545394.577999999979511, 535845.261000000056811 ] ] ] } },
{ "type": "Feature", "properties": { "fid": 2418175, "crop": "sunflower" }, "geometry": { "type": "Polygon", "coordinates": [ [ [ 548115.145000000018626, 559329.794 ], [ 548111.636000000056811, 559329.794 ], [ 548132.920999999972992, 559368.986000000033528 ], [ 548139.216999999945983, 559374.59499999997206 ], [ 548175.832999999984168, 559406.103 ], [ 548199.496000000042841, 559427.895000000018626 ], [ 548226.687999999965541, 559451.645999999949709 ], [ 548258.517, 559476.883999999961816 ], [ 548262.714999999967404, 559466.476000000024214 ], [ 548263.682999999960884, 559461.174 ], [ 548227.981999999959953, 559432.856999999959953 ], [ 548162.01300000003539, 559373.856000000028871 ], [ 548129.677000000025146, 559344.400000000023283 ], [ 548115.145000000018626, 559329.794 ] ] ] } },
{ "type": "Feature", "properties": { "fid": 2120373, "crop": "sunflower" }, "geometry": { "type": "Polygon", "coordinates": [ [ [ 557753.540999999968335, 522144.468 ], [ 557760.305000000051223, 522148.827999999979511 ], [ 557765.733, 522148.074000000022352 ], [ 557792.865, 522089.277 ], [ 557800.792999999946915, 522072.24 ], [ 557814.625, 522049.636 ], [ 557826.618000000016764, 522029.832999999984168 ], [ 557837.212000000057742, 522005.477000000013504 ], [ 557840.981999999959953, 521986.12300000002142 ], [ 557855.560000000055879, 521915.68 ], [ 557890.758999999961816, 521802.821 ], [ 557896.066, 521784.104999999981374 ], [ 557898.022, 521777.400000000023283 ], [ 557872.820000000065193, 521767.093999999982771 ], [ 557860.020999999949709, 521807.88 ], [ 557827.444999999948777, 521906.930999999982305 ], [ 557807.084000000031665, 522003.346000000019558 ], [ 557796.866000000038184, 522031.462999999988824 ], [ 557790.165999999968335, 522040.696 ], [ 557785.442999999970198, 522046.136999999987893 ], [ 557776.12300000002142, 522067.853 ], [ 557762.165000000037253, 522107.663 ], [ 557751.199999999953434, 522138.026000000012573 ], [ 557753.540999999968335, 522144.468 ] ] ] } },
{ "type": "Feature", "properties": { "fid": 969569, "crop": "sunflower" }, "geometry": { "type": "Polygon", "coordinates": [ [ [ 545917.464999999967404, 559599.304 ], [ 545916.566, 559613.398000000044703 ], [ 545951.461000000010245, 559606.062000000034459 ], [ 546008.447000000043772, 559595.113999999943189 ], [ 546093.165000000037253, 559581.033000000054017 ], [ 546148.207000000053085, 559571.39000000001397 ], [ 546198.726000000024214, 559562.197000000043772 ], [ 546261.331, 559550.020999999949709 ], [ 546287.849999999976717, 559544.535000000032596 ], [ 546269.844000000040978, 559534.037999999942258 ], [ 546182.961000000010245, 559550.927000000025146 ], [ 546127.339000000036322, 559561.564000000013039 ], [ 546086.577000000048429, 559567.979000000050291 ], [ 546002.621000000042841, 559582.77800000004936 ], [ 545917.464999999967404, 559599.304 ] ] ] } },
{ "type": "Feature", "properties": { "fid": 2417324, "crop": "sunflower" }, "geometry": { "type": "Polygon", "coordinates": [ [ [ 547279.657, 559759.54500000004191 ], [ 547301.790999999968335, 559759.427999999956228 ], [ 547304.447000000043772, 559722.96999999997206 ], [ 547281.128000000026077, 559727.517 ], [ 547257.567000000039116, 559730.417000000015832 ], [ 547247.787999999942258, 559730.709999999962747 ], [ 547244.951, 559846.118999999947846 ], [ 547258.709999999962747, 559848.652 ], [ 547273.805999999982305, 559850.251000000047497 ], [ 547279.412999999942258, 559772.937000000034459 ], [ 547279.657, 559759.54500000004191 ] ] ] } },
{ "type": "Feature", "properties": { "fid": 1919844, "crop": "sunflower" }, "geometry": { "type": "Polygon", "coordinates": [ [ [ 534759.596000000019558, 542816.248999999952503 ], [ 534779.75199999997858, 542836.944999999948777 ], [ 534789.721000000019558, 542848.410000000032596 ], [ 534806.076, 542871.669 ], [ 534815.643000000040047, 542882.677999999956228 ], [ 534823.832000000053085, 542889.76 ], [ 534847.199999999953434, 542908.160000000032596 ], [ 534926.131000000052154, 542651.73499999998603 ], [ 534889.995, 542675.533000000054017 ], [ 534861.819000000017695, 542697.118999999947846 ], [ 534845.108, 542713.848 ], [ 534811.300000000046566, 542751.354000000050291 ], [ 534759.478, 542808.981000000028871 ], [ 534759.596000000019558, 542816.248999999952503 ] ] ] } },
{ "type": "Feature", "properties": { "fid": 969570, "crop": "sunflower" }, "geometry": { "type": "Polygon", "coordinates": [ [ [ 546227.741000000038184, 559366.484000000054948 ], [ 546226.224000000045635, 559311.957999999984168 ], [ 546215.566, 559242.895999999949709 ], [ 546191.917999999946915, 559244.61199999996461 ], [ 546181.827000000048429, 559247.234000000054948 ], [ 546183.99, 559295.20499999995809 ], [ 546186.935000000055879, 559334.268000000040047 ], [ 546188.064999999944121, 559396.888999999966472 ], [ 546191.381000000052154, 559406.758000000030734 ], [ 546195.962999999988824, 559419.706 ], [ 546204.457000000053085, 559447.679 ], [ 546208.566, 559464.111000000033528 ], [ 546216.28000000002794, 559463.726000000024214 ], [ 546230.699999999953434, 559460.13800000003539 ], [ 546227.741000000038184, 559366.484000000054948 ] ] ] } },
{ "type": "Feature", "properties": { "fid": 1353953, "crop": "sunflower" }, "geometry": { "type": "Polygon", "coordinates": [ [ [ 546475.804, 560595.322000000043772 ], [ 546522.881999999983236, 560584.604999999981374 ], [ 546550.62300000002142, 560650.348 ], [ 546570.270000000018626, 560684.954000000027008 ], [ 546592.586000000010245, 560729.652 ], [ 546610.981000000028871, 560761.805999999982305 ], [ 546682.731000000028871, 560708.221000000019558 ], [ 546715.310999999986961, 560656.542999999946915 ], [ 546722.922999999951571, 560627.843 ], [ 546761.743999999947846, 560600.665999999968335 ], [ 546749.018999999971129, 560579.496999999973923 ], [ 546729.160999999963678, 560540.037999999942258 ], [ 546710.520999999949709, 560509.819000000017695 ], [ 546698.21999999997206, 560485.799 ], [ 546675.995, 560442.317000000039116 ], [ 546628.854000000050291, 560460.908000000054017 ], [ 546610.484000000054948, 560468.432000000029802 ], [ 546594.770000000018626, 560476.400000000023283 ], [ 546576.567000000039116, 560486.378999999957159 ], [ 546571.324999999953434, 560474.017 ], [ 546541.87300000002142, 560485.935999999986961 ], [ 546524.73699999996461, 560492.447000000043772 ], [ 546512.172999999951571, 560499.542999999946915 ], [ 546502.346000000019558, 560502.113000000012107 ], [ 546482.555999999982305, 560503.241000000038184 ], [ 546465.488000000012107, 560501.577000000048429 ], [ 546455.846000000019558, 560499.783000000054017 ], [ 546445.599999999976717, 560499.417000000015832 ], [ 546438.317999999970198, 560499.577000000048429 ], [ 546440.216000000014901, 560522.680000000051223 ], [ 546446.177999999956228, 560552.040999999968335 ], [ 546453.437000000034459, 560599.995 ], [ 546475.804, 560595.322000000043772 ] ] ] } },
{ "type": "Feature", "properties": { "fid": 2419123, "crop": "sunflower" }, "geometry": { "type": "Polygon", "coordinates": [ [ [ 560518.726999999955297, 524898.888999999966472 ], [ 560487.679, 524934.403999999980442 ], [ 560501.454000000027008, 524935.669 ], [ 560590.320000000065193, 524936.886999999987893 ], [ 560624.258999999961816, 524934.755 ], [ 560654.836000000010245, 524936.665999999968335 ], [ 560701.042999999946915, 524943.62699999997858 ], [ 560737.101999999955297, 524945.699999999953434 ], [ 560729.84699999995064, 524903.665000000037253 ], [ 560671.642, 524904.422999999951571 ], [ 560630.631000000052154, 524903.157 ], [ 560518.726999999955297, 524898.888999999966472 ] ] ] } },
{ "type": "Feature", "properties": { "fid": 1776625, "crop": "sunflower" }, "geometry": { "type": "Polygon", "coordinates": [ [ [ 551478.886999999987893, 557357.544 ], [ 551488.395999999949709, 557363.072000000043772 ], [ 551512.057000000029802, 557370.812000000034459 ], [ 551540.584000000031665, 557384.300999999977648 ], [ 551563.716000000014901, 557401.106999999959953 ], [ 551579.724000000045635, 557415.481000000028871 ], [ 551618.319000000017695, 557451.344000000040978 ], [ 551653.297999999951571, 557488.402 ], [ 551656.216999999945983, 557491.768999999971129 ], [ 551686.513999999966472, 557472.400999999954365 ], [ 551731.973, 557443.42000000004191 ], [ 551763.687000000034459, 557422.719000000040978 ], [ 551775.444999999948777, 557406.324000000022352 ], [ 551776.312999999965541, 557383.63800000003539 ], [ 551767.025000000023283, 557344.718 ], [ 551755.074999999953434, 557311.761999999987893 ], [ 551731.559, 557256.449000000022352 ], [ 551697.810000000055879, 557182.848 ], [ 551689.696, 557166.02800000004936 ], [ 551689.435999999986961, 557165.49 ], [ 551678.748999999952503, 557168.27800000004936 ], [ 551656.26500000001397, 557178.571 ], [ 551645.587999999988824, 557181.38800000003539 ], [ 551608.361000000033528, 557187.243000000016764 ], [ 551541.177999999956228, 557224.743999999947846 ], [ 551509.403999999980442, 557246.976999999955297 ], [ 551502.770000000018626, 557260.023999999975786 ], [ 551499.01, 557294.741999999969266 ], [ 551493.261000000056811, 557313.758999999961816 ], [ 551491.858, 557317.788999999989755 ], [ 551482.868000000016764, 557343.61199999996461 ], [ 551478.886999999987893, 557357.544 ] ] ] } },
{ "type": "Feature", "properties": { "fid": 1849443, "crop": "sunflower" }, "geometry": { "type": "Polygon", "coordinates": [ [ [ 543885.836000000010245, 535500.702999999979511 ], [ 543897.530999999959022, 535492.381000000052154 ], [ 543913.285000000032596, 535479.192999999970198 ], [ 543923.572000000043772, 535466.17000000004191 ], [ 543935.439000000013039, 535452.469000000040978 ], [ 543948.082000000053085, 535432.128999999957159 ], [ 543965.942000000039116, 535404.255 ], [ 543980.42000000004191, 535383.621000000042841 ], [ 544007.142, 535351.964000000036322 ], [ 544027.055999999982305, 535329.667000000015832 ], [ 544040.162000000011176, 535315.199999999953434 ], [ 544065.351999999955297, 535289.498999999952503 ], [ 544089.180000000051223, 535266.520999999949709 ], [ 544114.03000000002794, 535246.437000000034459 ], [ 544137.863000000012107, 535229.517 ], [ 544159.376000000047497, 535214.381000000052154 ], [ 544191.996000000042841, 535190.935000000055879 ], [ 544220.442999999970198, 535167.054 ], [ 544235.192999999970198, 535152.537999999942258 ], [ 544220.910999999963678, 535149.37699999997858 ], [ 544208.863999999943189, 535149.555999999982305 ], [ 544198.567000000039116, 535151.337999999988824 ], [ 544186.962000000057742, 535155.699000000022352 ], [ 544171.256999999983236, 535164.576 ], [ 544120.011999999987893, 535197.047000000020489 ], [ 544104.327999999979511, 535207.631000000052154 ], [ 544088.618999999947846, 535221.361000000033528 ], [ 544070.001000000047497, 535239.265999999945052 ], [ 544038.848, 535272.623999999952503 ], [ 544009.685000000055879, 535305.99 ], [ 544000.334000000031665, 535314.349000000045635 ], [ 543988.87300000002142, 535327.62300000002142 ], [ 543970.893999999971129, 535345.087999999988824 ], [ 543955.966999999945983, 535361.707999999984168 ], [ 543940.675000000046566, 535378.937000000034459 ], [ 543933.444000000017695, 535390.940000000060536 ], [ 543922.381000000052154, 535407.959999999962747 ], [ 543914.211000000010245, 535420.385 ], [ 543893.334000000031665, 535446.653999999980442 ], [ 543873.944000000017695, 535465.275000000023283 ], [ 543885.836000000010245, 535500.702999999979511 ] ] ] } },
{ "type": "Feature", "properties": { "fid": 1223339, "crop": "sunflower" }, "geometry": { "type": "Polygon", "coordinates": [ [ [ 547947.76300000003539, 559235.998999999952503 ], [ 547931.055000000051223, 559229.40300000004936 ], [ 547929.295999999972992, 559231.601999999955297 ], [ 547924.177000000025146, 559245.400000000023283 ], [ 547970.62699999997858, 559262.819000000017695 ], [ 547998.986000000033528, 559274.691 ], [ 548044.809, 559295.893000000040047 ], [ 548080.322999999974854, 559318.408000000054017 ], [ 548090.718, 559327.707999999984168 ], [ 548101.530999999959022, 559337.084999999962747 ], [ 548083.892, 559305.22199999995064 ], [ 548078.788999999989755, 559300.851999999955297 ], [ 548071.973, 559296.45499999995809 ], [ 548062.533999999985099, 559289.606000000028871 ], [ 548034.670999999972992, 559273.287000000011176 ], [ 547997.008000000030734, 559255.564999999944121 ], [ 547970.62699999997858, 559245.672000000020489 ], [ 547947.76300000003539, 559235.998999999952503 ] ] ] } },
{ "type": "Feature", "properties": { "fid": 1551655, "crop": "sunflower" }, "geometry": { "type": "Polygon", "coordinates": [ [ [ 559628.993000000016764, 540779.319000000017695 ], [ 559614.162000000011176, 540753.006999999983236 ], [ 559602.824999999953434, 540733.935000000055879 ], [ 559599.837999999988824, 540734.942999999970198 ], [ 559556.611000000033528, 540770.991000000038184 ], [ 559533.46999999997206, 540790.312999999965541 ], [ 559489.785000000032596, 540822.542999999946915 ], [ 559469.621999999973923, 540838.581 ], [ 559462.214000000036322, 540847.517 ], [ 559446.711000000010245, 540874.018000000040047 ], [ 559436.160999999963678, 540896.020999999949709 ], [ 559460.226000000024214, 540903.49 ], [ 559483.12699999997858, 540911.824000000022352 ], [ 559473.365, 540884.709999999962747 ], [ 559557.042999999946915, 540827.468 ], [ 559584.851000000024214, 540807.072000000043772 ], [ 559628.993000000016764, 540779.319000000017695 ] ] ] } },
{ "type": "Feature", "properties": { "fid": 1786540, "crop": "sunflower" }, "geometry": { "type": "Polygon", "coordinates": [ [ [ 554606.246999999973923, 551005.897 ], [ 554628.530999999959022, 551016.682000000029802 ], [ 554650.824000000022352, 551030.292999999946915 ], [ 554634.459999999962747, 550994.942000000039116 ], [ 554629.98699999996461, 550985.163999999989755 ], [ 554607.704000000027008, 550920.435000000055879 ], [ 554597.116000000038184, 550920.773999999975786 ], [ 554560.604000000050291, 550922.126000000047497 ], [ 554558.628000000026077, 550928.88800000003539 ], [ 554558.589999999967404, 550941.469000000040978 ], [ 554562.961000000010245, 550968.87699999997858 ], [ 554565.805000000051223, 550983.603 ], [ 554568.381000000052154, 550990.518999999971129 ], [ 554578.810999999986961, 550995.555999999982305 ], [ 554606.246999999973923, 551005.897 ] ] ] } },
{ "type": "Feature", "properties": { "fid": 2431115, "crop": "sunflower" }, "geometry": { "type": "Polygon", "coordinates": [ [ [ 540393.147, 524951.179 ], [ 540415.37699999997858, 524949.886000000056811 ], [ 540413.680000000051223, 524936.207999999984168 ], [ 540411.675000000046566, 524914.878999999957159 ], [ 540410.738999999943189, 524897.076 ], [ 540410.158000000054017, 524866.508999999961816 ], [ 540409.964999999967404, 524850.064999999944121 ], [ 540411.126000000047497, 524813.307999999960884 ], [ 540412.424, 524764.908999999985099 ], [ 540416.067000000039116, 524724.946 ], [ 540418.518999999971129, 524689.224999999976717 ], [ 540418.770000000018626, 524682.403999999980442 ], [ 540419.371999999973923, 524659.037999999942258 ], [ 540397.542999999946915, 524659.922999999951571 ], [ 540396.756999999983236, 524681.839999999967404 ], [ 540395.422000000020489, 524720.957000000053085 ], [ 540395.302000000025146, 524723.21999999997206 ], [ 540393.792999999946915, 524759.476999999955297 ], [ 540392.415000000037253, 524794.935000000055879 ], [ 540392.459000000031665, 524818.45499999995809 ], [ 540391.598, 524839.079000000027008 ], [ 540390.618999999947846, 524858.076 ], [ 540392.37300000002142, 524934.468 ], [ 540393.147, 524951.179 ] ] ] } },
{ "type": "Feature", "properties": { "fid": 1781673, "crop": "sunflower" }, "geometry": { "type": "Polygon", "coordinates": [ [ [ 537916.729000000050291, 555287.570000000065193 ], [ 537917.371000000042841, 555286.922000000020489 ], [ 537925.273000000044703, 555281.356000000028871 ], [ 537913.297000000020489, 555271.824000000022352 ], [ 537887.976000000024214, 555277.814000000013039 ], [ 537780.652, 555294.89000000001397 ], [ 537763.13800000003539, 555298.599999999976717 ], [ 537743.650999999954365, 555308.648000000044703 ], [ 537768.192000000039116, 555313.562000000034459 ], [ 537812.697000000043772, 555320.560000000055879 ], [ 537817.74800000002142, 555321.109000000054948 ], [ 537894.152, 555307.92000000004191 ], [ 537904.081, 555300.363000000012107 ], [ 537916.729000000050291, 555287.570000000065193 ] ] ] } },
{ "type": "Feature", "properties": { "fid": 1223632, "crop": "sunflower" }, "geometry": { "type": "Polygon", "coordinates": [ [ [ 547698.782, 560316.245 ], [ 547681.23499999998603, 560345.013999999966472 ], [ 547656.044, 560376.187999999965541 ], [ 547634.28000000002794, 560395.974000000045635 ], [ 547617.174, 560409.826 ], [ 547540.057000000029802, 560458.74 ], [ 547554.459000000031665, 560486.778999999980442 ], [ 547600.204000000027008, 560457.53000000002794 ], [ 547638.017, 560427.851000000024214 ], [ 547676.050000000046566, 560395.533999999985099 ], [ 547690.118999999947846, 560380.805000000051223 ], [ 547708.545999999972992, 560359.430999999982305 ], [ 547720.677000000025146, 560338.814999999944121 ], [ 547734.616999999969266, 560306.790000000037253 ], [ 547745.180000000051223, 560280.070000000065193 ], [ 547751.086000000010245, 560271.167999999946915 ], [ 547753.434, 560264.949000000022352 ], [ 547761.687000000034459, 560253.10999999998603 ], [ 547775.886000000056811, 560203.59499999997206 ], [ 547793.883999999961816, 560155.687999999965541 ], [ 547801.601000000024214, 560104.158999999985099 ], [ 547799.49, 560066.187000000034459 ], [ 547780.033999999985099, 559953.434 ], [ 547746.800000000046566, 559968.959000000031665 ], [ 547752.54500000004191, 559991.586000000010245 ], [ 547756.780999999959022, 560016.46999999997206 ], [ 547761.72199999995064, 560039.929 ], [ 547771.5, 560107.40300000004936 ], [ 547768.383000000030734, 560139.419 ], [ 547752.305000000051223, 560183.400000000023283 ], [ 547728.329000000027008, 560245.834999999962747 ], [ 547718.155999999959022, 560274.709000000031665 ], [ 547717.305000000051223, 560276.52800000004936 ], [ 547700.547000000020489, 560312.993000000016764 ], [ 547698.782, 560316.245 ] ] ] } },
{ "type": "Feature", "properties": { "fid": 1533268, "crop": "sunflower" }, "geometry": { "type": "Polygon", "coordinates": [ [ [ 558075.419, 551036.285000000032596 ], [ 558062.761000000056811, 551052.736000000033528 ], [ 558054.456, 551063.116999999969266 ], [ 558067.822000000043772, 551071.125 ], [ 558081.707999999984168, 551081.538999999989755 ], [ 558085.39000000001397, 551087.956 ], [ 558088.861000000033528, 551090.586000000010245 ], [ 558091.491000000038184, 551095.741000000038184 ], [ 558101.378999999957159, 551123.51300000003539 ], [ 558119.511999999987893, 551114.677000000025146 ], [ 558131.623999999952503, 551111.908999999985099 ], [ 558139.459999999962747, 551114.04500000004191 ], [ 558147.665999999968335, 551114.255 ], [ 558172.49800000002142, 551106.408999999985099 ], [ 558184.484000000054948, 551104.99800000002142 ], [ 558210.175999999977648, 551113.98499999998603 ], [ 558239.589000000036322, 551132.238999999943189 ], [ 558275.917000000015832, 551111.204000000027008 ], [ 558300.074000000022352, 551095.410000000032596 ], [ 558306.694999999948777, 551087.682000000029802 ], [ 558315.128000000026077, 551074.084000000031665 ], [ 558325.194999999948777, 551053.672000000020489 ], [ 558330.922999999951571, 551034.574000000022352 ], [ 558334.386000000056811, 551003.435000000055879 ], [ 558335.359000000054948, 550983.491000000038184 ], [ 558335.185000000055879, 550947.971000000019558 ], [ 558308.87300000002142, 550948.692000000039116 ], [ 558266.39000000001397, 550949.108 ], [ 558230.785000000032596, 550953.361000000033528 ], [ 558212.993000000016764, 550957.770000000018626 ], [ 558195.988000000012107, 550967.95499999995809 ], [ 558178.868000000016764, 550978.13 ], [ 558105.787999999942258, 551012.153999999980442 ], [ 558085.567000000039116, 551023.976000000024214 ], [ 558075.419, 551036.285000000032596 ] ] ] } },
{ "type": "Feature", "properties": { "fid": 1949648, "crop": "sunflower" }, "geometry": { "type": "Polygon", "coordinates": [ [ [ 541148.5, 557491.859000000054948 ], [ 541156.944999999948777, 557500.21999999997206 ], [ 541157.055999999982305, 557500.21999999997206 ], [ 541179.386000000056811, 557531.219000000040978 ], [ 541183.520000000018626, 557502.219000000040978 ], [ 541163.87699999997858, 557480.631999999983236 ], [ 541148.775000000023283, 557465.087000000057742 ], [ 541106.692999999970198, 557427.910999999963678 ], [ 541062.660999999963678, 557385.925999999977648 ], [ 541051.682999999960884, 557375.246000000042841 ], [ 541036.386999999987893, 557359.425999999977648 ], [ 541012.302000000025146, 557324.72199999995064 ], [ 540986.349000000045635, 557282.834000000031665 ], [ 540966.839999999967404, 557246.692999999970198 ], [ 540958.917999999946915, 557229.790999999968335 ], [ 540947.29500000004191, 557205.415999999968335 ], [ 540914.841000000014901, 557133.310000000055879 ], [ 540886.307999999960884, 557072.72199999995064 ], [ 540866.415999999968335, 557030.871999999973923 ], [ 540858.375, 557012.22199999995064 ], [ 540847.687000000034459, 556997.265999999945052 ], [ 540831.332999999984168, 556976.903999999980442 ], [ 540814.848, 556968.246999999973923 ], [ 540832.246999999973923, 557011.49 ], [ 540853.875, 557058.547000000020489 ], [ 540861.261000000056811, 557073.817999999970198 ], [ 540897.846000000019558, 557147.204000000027008 ], [ 540904.511000000056811, 557162.976000000024214 ], [ 540933.621000000042841, 557229.417000000015832 ], [ 540954.680999999982305, 557272.824999999953434 ], [ 540971.944000000017695, 557303.633000000030734 ], [ 540993.456, 557337.628000000026077 ], [ 541021.608, 557374.544 ], [ 541031.62300000002142, 557385.243999999947846 ], [ 541050.099000000045635, 557405.074999999953434 ], [ 541095.142, 557445.886000000056811 ], [ 541135.01300000003539, 557479.716000000014901 ], [ 541148.5, 557491.859000000054948 ] ] ] } },
{ "type": "Feature", "properties": { "fid": 63233, "crop": "sunflower" }, "geometry": { "type": "Polygon", "coordinates": [ [ [ 558740.025999999954365, 531213.008000000030734 ], [ 558745.251000000047497, 531208.047999999951571 ], [ 558758.954000000027008, 530899.435000000055879 ], [ 558756.167000000015832, 530896.755 ], [ 558729.591999999945983, 530899.055000000051223 ], [ 558715.658000000054017, 531212.851999999955297 ], [ 558740.025999999954365, 531213.008000000030734 ] ] ] } },
{ "type": "Feature", "properties": { "fid": 2241085, "crop": "sunflower" }, "geometry": { "type": "Polygon", "coordinates": [ [ [ 548348.802000000025146, 521476.075000000011642 ], [ 548347.97199999995064, 521466.290000000037253 ], [ 548345.726999999955297, 521457.790000000037253 ], [ 548311.63, 521451.621999999973923 ], [ 548289.738000000012107, 521448.885 ], [ 548249.12300000002142, 521445.816 ], [ 548182.940000000060536, 521440.961000000010245 ], [ 548181.962000000057742, 521458.706 ], [ 548254.942000000039116, 521464.50199999997858 ], [ 548306.807999999960884, 521469.946 ], [ 548348.802000000025146, 521476.075000000011642 ] ] ] } },
{ "type": "Feature", "properties": { "fid": 396786, "crop": "sunflower" }, "geometry": { "type": "Polygon", "coordinates": [ [ [ 553667.88, 563415.797999999951571 ], [ 553742.628000000026077, 563388.074000000022352 ], [ 553625.40300000004936, 563111.849999999976717 ], [ 553568.138999999966472, 563141.27800000004936 ], [ 553553.231000000028871, 563145.642 ], [ 553667.88, 563415.797999999951571 ] ] ] } },
{ "type": "Feature", "properties": { "fid": 1287179, "crop": "sunflower" }, "geometry": { "type": "Polygon", "coordinates": [ [ [ 539660.64000000001397, 524451.292999999946915 ], [ 539667.638999999966472, 524456.550000000046566 ], [ 539678.444999999948777, 524427.674 ], [ 539693.729000000050291, 524391.886000000056811 ], [ 539699.152, 524378.718 ], [ 539712.984000000054948, 524346.626000000047497 ], [ 539725.930999999982305, 524319.182999999960884 ], [ 539728.255, 524313.538999999989755 ], [ 539729.582999999984168, 524310.219000000040978 ], [ 539747.096000000019558, 524275.267 ], [ 539760.567999999970198, 524249.023999999975786 ], [ 539766.986000000033528, 524235.854999999981374 ], [ 539773.294, 524223.351000000024214 ], [ 539778.343, 524210.096000000019558 ], [ 539770.709000000031665, 524206.347 ], [ 539749.883999999961816, 524250.011999999987893 ], [ 539740.988000000012107, 524268.911000000021886 ], [ 539719.23699999996461, 524313.954000000027008 ], [ 539703.133999999961816, 524347.0 ], [ 539691.642, 524372.38800000003539 ], [ 539685.871999999973923, 524387.349000000045635 ], [ 539675.064000000013039, 524413.657 ], [ 539660.64000000001397, 524451.292999999946915 ] ] ] } },
{ "type": "Feature", "properties": { "fid": 1577791, "crop": "sunflower" }, "geometry": { "type": "Polygon", "coordinates": [ [ [ 559670.167999999946915, 518585.767999999981839 ], [ 559697.633999999961816, 518606.468999999982771 ], [ 559704.90500000002794, 518611.619 ], [ 559711.267, 518615.85999999998603 ], [ 559715.366000000038184, 518618.87400000001071 ], [ 559742.508999999961816, 518599.680999999982305 ], [ 559759.636999999987893, 518585.728 ], [ 559773.738999999943189, 518573.194000000017695 ], [ 559782.353, 518561.055 ], [ 559790.581, 518541.468 ], [ 559797.04500000004191, 518527.298 ], [ 559809.415000000037253, 518503.62599999998929 ], [ 559818.285999999963678, 518489.63 ], [ 559829.45499999995809, 518472.152 ], [ 559827.006999999983236, 518466.26500000001397 ], [ 559816.037999999942258, 518456.864 ], [ 559812.51500000001397, 518462.348 ], [ 559805.462999999988824, 518479.974999999976717 ], [ 559791.566, 518503.324000000022352 ], [ 559733.392, 518483.104999999981374 ], [ 559673.856999999959953, 518565.753000000026077 ], [ 559663.78000000002794, 518581.101000000024214 ], [ 559670.167999999946915, 518585.767999999981839 ] ] ] } },
{ "type": "Feature", "properties": { "fid": 2529738, "crop": "sunflower" }, "geometry": { "type": "Polygon", "coordinates": [ [ [ 545356.125, 535846.425000000046566 ], [ 545368.177000000025146, 535846.170999999972992 ], [ 545394.511000000056811, 535844.133000000030734 ], [ 545444.968, 535842.390999999945052 ], [ 545434.540999999968335, 535897.496999999973923 ], [ 545417.577999999979511, 536007.554 ], [ 545413.022, 536041.728 ], [ 545409.616999999969266, 536076.194999999948777 ], [ 545409.128000000026077, 536080.413999999989755 ], [ 545408.479000000050291, 536093.707000000053085 ], [ 545406.35999999998603, 536126.136999999987893 ], [ 545406.783999999985099, 536143.447999999974854 ], [ 545406.506000000052154, 536158.035999999963678 ], [ 545406.895000000018626, 536176.51300000003539 ], [ 545408.451, 536211.131999999983236 ], [ 545408.98499999998603, 536220.564000000013039 ], [ 545409.162999999942258, 536223.292000000015832 ], [ 545430.187000000034459, 536206.820000000065193 ], [ 545429.554, 536192.461000000010245 ], [ 545429.505, 536175.927999999956228 ], [ 545428.905999999959022, 536153.952000000048429 ], [ 545429.554, 536129.542000000015832 ], [ 545431.520000000018626, 536096.419 ], [ 545431.734000000054948, 536093.375 ], [ 545435.486000000033528, 536052.62 ], [ 545441.709000000031665, 536007.984000000054948 ], [ 545445.40500000002794, 535981.143999999971129 ], [ 545447.398000000044703, 535971.709000000031665 ], [ 545458.571, 535904.246000000042841 ], [ 545470.576, 535841.37300000002142 ], [ 545498.307000000029802, 535839.066 ], [ 545536.525000000023283, 535837.606999999959953 ], [ 545571.777, 535837.606000000028871 ], [ 545616.559, 535837.802000000025146 ], [ 545659.979000000050291, 535840.283000000054017 ], [ 545675.412000000011176, 535790.437000000034459 ], [ 545674.07999999995809, 535790.052000000025146 ], [ 545598.814000000013039, 535788.282 ], [ 545529.621000000042841, 535790.636999999987893 ], [ 545478.275000000023283, 535792.690000000060536 ], [ 545416.814000000013039, 535794.886999999987893 ], [ 545382.851000000024214, 535795.312999999965541 ], [ 545378.790000000037253, 535801.23499999998603 ], [ 545360.182999999960884, 535832.493000000016764 ], [ 545356.125, 535846.425000000046566 ] ] ] } },
{ "type": "Feature", "properties": { "fid": 1216450, "crop": "sunflower" }, "geometry": { "type": "Polygon", "coordinates": [ [ [ 560484.922000000020489, 524977.263999999966472 ], [ 560487.851999999955297, 524993.310999999986961 ], [ 560496.868000000016764, 525011.892 ], [ 560531.01300000003539, 525011.753000000026077 ], [ 560571.429, 525013.322000000043772 ], [ 560657.35999999998603, 525020.385 ], [ 560748.229000000050291, 525020.12699999997858 ], [ 560744.861000000033528, 524987.425000000046566 ], [ 560713.366000000038184, 524988.309 ], [ 560690.439000000013039, 524988.653999999980442 ], [ 560649.51300000003539, 524985.071 ], [ 560570.73499999998603, 524980.886999999987893 ], [ 560484.922000000020489, 524977.263999999966472 ] ] ] } },
{ "type": "Feature", "properties": { "fid": 1629585, "crop": "sunflower" }, "geometry": { "type": "Polygon", "coordinates": [ [ [ 538953.726999999955297, 553000.95499999995809 ], [ 538958.866000000038184, 553069.549 ], [ 538962.079000000027008, 553142.942000000039116 ], [ 538963.427000000025146, 553192.820000000065193 ], [ 538969.008000000030734, 553313.464999999967404 ], [ 538974.427999999956228, 553440.131000000052154 ], [ 538980.39000000001397, 553504.191 ], [ 538984.690000000060536, 553538.243000000016764 ], [ 538989.375, 553579.547999999951571 ], [ 539000.23499999998603, 553573.172999999951571 ], [ 539005.755, 553569.820000000065193 ], [ 539004.788999999989755, 553560.461000000010245 ], [ 539001.45499999995809, 553538.013999999966472 ], [ 538993.115, 553462.407 ], [ 538988.783999999985099, 553375.018999999971129 ], [ 538984.925000000046566, 553292.677999999956228 ], [ 538981.143999999971129, 553204.241999999969266 ], [ 538978.657, 553111.042999999946915 ], [ 538975.459000000031665, 553070.530999999959022 ], [ 538973.111000000033528, 553043.520000000018626 ], [ 538970.245, 552997.734000000054948 ], [ 538965.476000000024214, 552997.805000000051223 ], [ 538953.626000000047497, 552999.598 ], [ 538953.726999999955297, 553000.95499999995809 ] ] ] } },
{ "type": "Feature", "properties": { "fid": 183664, "crop": "sunflower" }, "geometry": { "type": "Polygon", "coordinates": [ [ [ 538768.883999999961816, 554324.191 ], [ 538760.407, 554274.180000000051223 ], [ 538754.136999999987893, 554224.204000000027008 ], [ 538753.549, 554217.621999999973923 ], [ 538743.349000000045635, 554218.692999999970198 ], [ 538726.86199999996461, 554219.089000000036322 ], [ 538719.14000000001397, 554218.23499999998603 ], [ 538725.312000000034459, 554259.76500000001397 ], [ 538735.371000000042841, 554326.157 ], [ 538748.601999999955297, 554394.23699999996461 ], [ 538756.603, 554435.810000000055879 ], [ 538768.035000000032596, 554496.609000000054948 ], [ 538790.569000000017695, 554500.429 ], [ 538801.523999999975786, 554500.817000000039116 ], [ 538797.320000000065193, 554473.82999999995809 ], [ 538792.346000000019558, 554442.756999999983236 ], [ 538781.866999999969266, 554393.638999999966472 ], [ 538775.572000000043772, 554357.790999999968335 ], [ 538768.883999999961816, 554324.191 ] ] ] } },
{ "type": "Feature", "properties": { "fid": 379837, "crop": "sunflower" }, "geometry": { "type": "Polygon", "coordinates": [ [ [ 538172.782, 552188.128000000026077 ], [ 538227.691, 552290.459999999962747 ], [ 538235.988999999943189, 552305.800000000046566 ], [ 538243.574999999953434, 552319.495 ], [ 538255.96999999997206, 552343.706 ], [ 538269.545999999972992, 552372.98699999996461 ], [ 538279.432999999960884, 552403.143000000040047 ], [ 538287.645000000018626, 552441.988000000012107 ], [ 538291.34499999997206, 552480.471000000019558 ], [ 538293.863000000012107, 552524.63800000003539 ], [ 538300.209999999962747, 552591.246000000042841 ], [ 538304.768999999971129, 552630.856999999959953 ], [ 538310.121999999973923, 552665.209000000031665 ], [ 538317.317000000039116, 552663.224999999976717 ], [ 538341.285000000032596, 552656.991000000038184 ], [ 538333.988999999943189, 552596.52800000004936 ], [ 538326.925999999977648, 552505.113000000012107 ], [ 538324.981000000028871, 552471.981000000028871 ], [ 538322.76500000001397, 552442.761999999987893 ], [ 538317.121999999973923, 552395.608 ], [ 538304.326, 552354.903999999980442 ], [ 538272.488000000012107, 552286.549 ], [ 538249.555000000051223, 552241.138999999966472 ], [ 538226.770000000018626, 552198.263999999966472 ], [ 538193.865, 552144.033000000054017 ], [ 538165.339999999967404, 552172.544 ], [ 538172.782, 552188.128000000026077 ] ] ] } },
{ "type": "Feature", "properties": { "fid": 1633627, "crop": "sunflower" }, "geometry": { "type": "Polygon", "coordinates": [ [ [ 547162.616000000038184, 548735.26 ], [ 547157.337000000057742, 548753.158000000054017 ], [ 547153.305000000051223, 548770.294 ], [ 547150.817999999970198, 548793.672000000020489 ], [ 547147.219000000040978, 548824.827000000048429 ], [ 547138.312999999965541, 548881.868000000016764 ], [ 547131.261000000056811, 548933.408999999985099 ], [ 547155.246000000042841, 548972.981999999959953 ], [ 547159.011000000056811, 548941.957000000053085 ], [ 547163.067000000039116, 548904.71999999997206 ], [ 547175.849999999976717, 548821.265999999945052 ], [ 547182.165000000037253, 548777.424 ], [ 547185.018000000040047, 548758.449000000022352 ], [ 547191.008000000030734, 548739.964999999967404 ], [ 547196.158999999985099, 548721.839999999967404 ], [ 547207.430000000051223, 548689.275000000023283 ], [ 547225.547999999951571, 548641.238999999943189 ], [ 547232.337999999988824, 548623.072999999974854 ], [ 547238.35999999998603, 548607.160999999963678 ], [ 547246.87, 548583.795999999972992 ], [ 547257.76300000003539, 548561.783999999985099 ], [ 547281.603, 548508.089000000036322 ], [ 547273.040000000037253, 548497.829000000027008 ], [ 547262.873999999952503, 548483.407 ], [ 547221.055999999982305, 548569.32999999995809 ], [ 547194.020999999949709, 548650.513999999966472 ], [ 547178.555000000051223, 548691.54500000004191 ], [ 547162.616000000038184, 548735.26 ] ] ] } },
{ "type": "Feature", "properties": { "fid": 457993, "crop": "sunflower" }, "geometry": { "type": "Polygon", "coordinates": [ [ [ 559950.552000000025146, 547417.650000000023283 ], [ 559973.294, 547405.75199999997858 ], [ 559989.549, 547397.49 ], [ 559975.74800000002142, 547388.574000000022352 ], [ 559962.758000000030734, 547380.511000000056811 ], [ 559944.616000000038184, 547372.785999999963678 ], [ 559921.868000000016764, 547364.604000000050291 ], [ 559889.48499999998603, 547355.523000000044703 ], [ 559831.292000000015832, 547322.24 ], [ 559814.917999999946915, 547338.163999999989755 ], [ 559791.672999999951571, 547357.204000000027008 ], [ 559776.697000000043772, 547372.157 ], [ 559760.63, 547389.238000000012107 ], [ 559747.777, 547407.841000000014901 ], [ 559742.365, 547421.878000000026077 ], [ 559781.601000000024214, 547461.283000000054017 ], [ 559801.01500000001397, 547483.625 ], [ 559803.084000000031665, 547486.116999999969266 ], [ 559855.689000000013039, 547452.190000000060536 ], [ 559862.440000000060536, 547455.194999999948777 ], [ 559869.550000000046566, 547463.636999999987893 ], [ 559905.327000000048429, 547436.702999999979511 ], [ 559923.775000000023283, 547425.572000000043772 ], [ 559950.552000000025146, 547417.650000000023283 ] ] ] } },
{ "type": "Feature", "properties": { "fid": 271493, "crop": "sunflower" }, "geometry": { "type": "Polygon", "coordinates": [ [ [ 543544.446, 540102.758999999961816 ], [ 543532.726999999955297, 540076.827999999979511 ], [ 543521.378999999957159, 540043.667999999946915 ], [ 543507.206, 539997.741000000038184 ], [ 543498.959000000031665, 539964.76500000001397 ], [ 543493.913999999989755, 539943.099000000045635 ], [ 543484.299, 539891.996000000042841 ], [ 543479.484000000054948, 539868.488999999943189 ], [ 543466.682999999960884, 539820.533000000054017 ], [ 543438.704000000027008, 539826.287000000011176 ], [ 543452.807000000029802, 539873.944000000017695 ], [ 543469.113999999943189, 539954.785999999963678 ], [ 543471.410000000032596, 539966.256000000052154 ], [ 543476.074000000022352, 539986.079000000027008 ], [ 543497.332999999984168, 540064.816 ], [ 543507.694000000017695, 540090.942999999970198 ], [ 543517.944000000017695, 540112.434 ], [ 543525.968, 540132.457999999984168 ], [ 543541.028999999980442, 540168.344000000040978 ], [ 543555.449000000022352, 540207.287000000011176 ], [ 543558.02800000004936, 540217.658999999985099 ], [ 543578.131000000052154, 540232.525999999954365 ], [ 543600.76300000003539, 540252.547999999951571 ], [ 543592.669, 540229.932000000029802 ], [ 543569.300999999977648, 540166.886000000056811 ], [ 543544.446, 540102.758999999961816 ] ] ] } },
{ "type": "Feature", "properties": { "fid": 457404, "crop": "sunflower" }, "geometry": { "type": "Polygon", "coordinates": [ [ [ 560753.23699999996461, 548340.128000000026077 ], [ 560835.62300000002142, 548316.050999999977648 ], [ 560835.812000000034459, 548303.209999999962747 ], [ 560818.38, 548258.165000000037253 ], [ 560671.261000000056811, 548310.604000000050291 ], [ 560683.919, 548343.319000000017695 ], [ 560747.26300000003539, 548322.104999999981374 ], [ 560753.23699999996461, 548340.128000000026077 ] ] ] } },
{ "type": "Feature", "properties": { "fid": 1785492, "crop": "sunflower" }, "geometry": { "type": "Polygon", "coordinates": [ [ [ 553808.351000000024214, 561330.437999999965541 ], [ 553982.273000000044703, 561293.772 ], [ 553977.268999999971129, 561265.469000000040978 ], [ 553974.790999999968335, 561255.15500000002794 ], [ 553973.981999999959953, 561242.685999999986961 ], [ 553754.273999999975786, 561289.018000000040047 ], [ 553758.76500000001397, 561313.008999999961816 ], [ 553764.917999999946915, 561313.319000000017695 ], [ 553782.459999999962747, 561310.84699999995064 ], [ 553797.290999999968335, 561318.158999999985099 ], [ 553808.351000000024214, 561330.437999999965541 ] ] ] } },
{ "type": "Feature", "properties": { "fid": 457994, "crop": "sunflower" }, "geometry": { "type": "Polygon", "coordinates": [ [ [ 559802.42000000004191, 546616.437000000034459 ], [ 559781.341999999945983, 546642.682000000029802 ], [ 559769.5, 546661.246999999973923 ], [ 559766.403999999980442, 546675.886999999987893 ], [ 559763.570000000065193, 546695.142 ], [ 559762.40300000004936, 546721.180000000051223 ], [ 559791.174, 546700.616999999969266 ], [ 559825.202999999979511, 546669.278999999980442 ], [ 559864.73699999996461, 546629.49800000002142 ], [ 559918.496000000042841, 546567.865 ], [ 559949.851999999955297, 546527.697000000043772 ], [ 559918.268999999971129, 546476.038999999989755 ], [ 559891.187999999965541, 546511.40300000004936 ], [ 559870.506000000052154, 546535.662000000011176 ], [ 559838.577000000048429, 546574.88 ], [ 559826.87300000002142, 546589.552999999956228 ], [ 559802.42000000004191, 546616.437000000034459 ] ] ] } },
{ "type": "Feature", "properties": { "fid": 2214072, "crop": "sunflower" }, "geometry": { "type": "Polygon", "coordinates": [ [ [ 545940.312999999965541, 559817.755 ], [ 546004.023999999975786, 559804.045999999972992 ], [ 546114.550000000046566, 559784.761000000056811 ], [ 546186.199000000022352, 559771.17000000004191 ], [ 546227.667000000015832, 559763.859000000054948 ], [ 546243.648999999975786, 559759.741999999969266 ], [ 546256.768000000040047, 559755.216999999945983 ], [ 546297.390999999945052, 559743.993000000016764 ], [ 546338.375, 559737.552999999956228 ], [ 546355.354000000050291, 559734.478 ], [ 546365.224000000045635, 559732.332999999984168 ], [ 546365.662000000011176, 559732.172000000020489 ], [ 546419.90300000004936, 559720.45499999995809 ], [ 546413.728, 559713.682999999960884 ], [ 546408.150999999954365, 559706.910000000032596 ], [ 546386.040999999968335, 559711.395999999949709 ], [ 546372.297000000020489, 559714.782 ], [ 546355.714999999967404, 559718.640999999945052 ], [ 546279.859000000054948, 559734.77800000004936 ], [ 546253.74800000002142, 559741.20499999995809 ], [ 546236.712999999988824, 559747.317999999970198 ], [ 546224.660000000032596, 559750.92000000004191 ], [ 546212.35999999998603, 559751.386000000056811 ], [ 546180.206, 559756.407 ], [ 546070.191, 559776.922000000020489 ], [ 545991.621999999973923, 559792.968 ], [ 545938.310000000055879, 559804.429 ], [ 545940.312999999965541, 559817.755 ] ] ] } },
{ "type": "Feature", "properties": { "fid": 32192, "crop": "sunflower" }, "geometry": { "type": "Polygon", "coordinates": [ [ [ 561672.75, 535139.464000000036322 ], [ 561723.430000000051223, 535163.174 ], [ 561708.824999999953434, 534955.398000000044703 ], [ 561660.192999999970198, 534960.843 ], [ 561672.75, 535139.464000000036322 ] ] ] } },
{ "type": "Feature", "properties": { "fid": 1506025, "crop": "sunflower" }, "geometry": { "type": "Polygon", "coordinates": [ [ [ 551351.474000000045635, 547791.253000000026077 ], [ 551343.04500000004191, 547767.03000000002794 ], [ 551332.177000000025146, 547749.466999999945983 ], [ 551290.613000000012107, 547684.937000000034459 ], [ 551274.625, 547657.959000000031665 ], [ 551264.094000000040978, 547653.984000000054948 ], [ 551253.751000000047497, 547650.493000000016764 ], [ 551240.802999999956228, 547647.903999999980442 ], [ 551227.935999999986961, 547647.74 ], [ 551280.807000000029802, 547736.574000000022352 ], [ 551310.917999999946915, 547794.108 ], [ 551319.138999999966472, 547811.576 ], [ 551331.23499999998603, 547842.312000000034459 ], [ 551341.792000000015832, 547877.17000000004191 ], [ 551349.560000000055879, 547902.466999999945983 ], [ 551355.73499999998603, 547923.581 ], [ 551367.775000000023283, 547959.341000000014901 ], [ 551388.309, 548020.829000000027008 ], [ 551420.689000000013039, 548009.738000000012107 ], [ 551402.820000000065193, 547955.317999999970198 ], [ 551392.988000000012107, 547927.363999999943189 ], [ 551371.707999999984168, 547861.067999999970198 ], [ 551360.819000000017695, 547823.621000000042841 ], [ 551351.474000000045635, 547791.253000000026077 ] ] ] } },
{ "type": "Feature", "properties": { "fid": 604919, "crop": "sunflower" }, "geometry": { "type": "Polygon", "coordinates": [ [ [ 543817.594000000040978, 556881.255 ], [ 544460.876000000047497, 556878.153999999980442 ], [ 544486.37, 556830.895000000018626 ], [ 544492.783000000054017, 556818.326 ], [ 543806.655999999959022, 556821.642 ], [ 543817.594000000040978, 556881.255 ] ] ] } },
{ "type": "Feature", "properties": { "fid": 1574957, "crop": "sunflower" }, "geometry": { "type": "Polygon", "coordinates": [ [ [ 561330.015999999945052, 514223.857000000018161 ], [ 561344.523000000044703, 514264.88900000002468 ], [ 561364.478, 514307.848 ], [ 561507.038999999989755, 514240.44 ], [ 561581.488999999943189, 514205.121999999973923 ], [ 561581.488999999943189, 514182.681999999971595 ], [ 561582.48499999998603, 514171.566999999980908 ], [ 561585.979000000050291, 514159.118000000016764 ], [ 561599.442000000039116, 514133.31 ], [ 561630.85999999998603, 514059.256999999983236 ], [ 561608.057999999960884, 514055.586000000010245 ], [ 561591.582999999984168, 514055.897999999986496 ], [ 561556.962999999988824, 514065.196999999985565 ], [ 561488.368000000016764, 514083.129000000015367 ], [ 561425.180999999982305, 514102.483 ], [ 561359.92000000004191, 514136.870999999984633 ], [ 561384.231000000028871, 514192.081 ], [ 561330.064999999944121, 514217.952 ], [ 561330.015999999945052, 514223.857000000018161 ] ] ] } },
{ "type": "Feature", "properties": { "fid": 21034, "crop": "sunflower" }, "geometry": { "type": "Polygon", "coordinates": [ [ [ 551601.863000000012107, 548125.601000000024214 ], [ 551604.381999999983236, 548165.67000000004191 ], [ 551609.033999999985099, 548197.907 ], [ 551613.018000000040047, 548222.207999999984168 ], [ 551618.395999999949709, 548256.468 ], [ 551639.709000000031665, 548399.087000000057742 ], [ 551658.432000000029802, 548499.278999999980442 ], [ 551679.545999999972992, 548604.449999999953434 ], [ 551694.657, 548670.738000000012107 ], [ 551741.371999999973923, 548663.859000000054948 ], [ 551729.728, 548609.729000000050291 ], [ 551718.587000000057742, 548557.640999999945052 ], [ 551703.231000000028871, 548474.506999999983236 ], [ 551694.643000000040047, 548424.005 ], [ 551688.486000000033528, 548378.957000000053085 ], [ 551678.449000000022352, 548308.613999999943189 ], [ 551668.111000000033528, 548247.408999999985099 ], [ 551661.003000000026077, 548212.53000000002794 ], [ 551654.976999999955297, 548171.733 ], [ 551651.549, 548127.685000000055879 ], [ 551651.461000000010245, 548103.89000000001397 ], [ 551654.447999999974854, 548045.172000000020489 ], [ 551653.253999999957159, 548046.324000000022352 ], [ 551635.12699999997858, 548062.060000000055879 ], [ 551615.361000000033528, 548081.140999999945052 ], [ 551600.329000000027008, 548089.412999999942258 ], [ 551601.863000000012107, 548125.601000000024214 ] ] ] } },
{ "type": "Feature", "properties": { "fid": 1287180, "crop": "sunflower" }, "geometry": { "type": "Polygon", "coordinates": [ [ [ 540000.650000000023283, 524131.786000000021886 ], [ 539940.006000000052154, 524108.835000000020955 ], [ 539935.564000000013039, 524117.423 ], [ 539932.143999999971129, 524124.153999999980442 ], [ 539993.042000000015832, 524146.696 ], [ 540005.341000000014901, 524151.506999999983236 ], [ 540055.915000000037253, 524169.757999999972526 ], [ 540058.185000000055879, 524165.131999999983236 ], [ 540060.094000000040978, 524161.656000000017229 ], [ 540063.310999999986961, 524155.580000000016298 ], [ 540000.650000000023283, 524131.786000000021886 ] ] ] } },
{ "type": "Feature", "properties": { "fid": 1946568, "crop": "sunflower" }, "geometry": { "type": "Polygon", "coordinates": [ [ [ 543297.682999999960884, 536481.152 ], [ 543292.59699999995064, 536467.682999999960884 ], [ 543272.569000000017695, 536413.314000000013039 ], [ 543256.49, 536377.800000000046566 ], [ 543230.741000000038184, 536325.128000000026077 ], [ 543217.346000000019558, 536292.74 ], [ 543196.371999999973923, 536240.525999999954365 ], [ 543187.447000000043772, 536219.50199999997858 ], [ 543171.799, 536182.206 ], [ 543159.278999999980442, 536158.633000000030734 ], [ 543152.174, 536148.59699999995064 ], [ 543149.615, 536167.390999999945052 ], [ 543144.49800000002142, 536184.37 ], [ 543137.093, 536198.424 ], [ 543145.535000000032596, 536213.988999999943189 ], [ 543153.712999999988824, 536230.081 ], [ 543168.48699999996461, 536260.419 ], [ 543171.405999999959022, 536268.204000000027008 ], [ 543185.37, 536299.991000000038184 ], [ 543189.591000000014901, 536310.278999999980442 ], [ 543194.076, 536321.886999999987893 ], [ 543201.726999999955297, 536337.187999999965541 ], [ 543217.290999999968335, 536372.538999999989755 ], [ 543225.469000000040978, 536391.797000000020489 ], [ 543232.856000000028871, 536407.888999999966472 ], [ 543243.302999999956228, 536433.878999999957159 ], [ 543250.091000000014901, 536451.772 ], [ 543267.150999999954365, 536500.22199999995064 ], [ 543283.866999999969266, 536544.48699999996461 ], [ 543299.14000000001397, 536587.047000000020489 ], [ 543307.76300000003539, 536582.827999999979511 ], [ 543331.280999999959022, 536571.505 ], [ 543321.942000000039116, 536550.435999999986961 ], [ 543312.633999999961816, 536525.427999999956228 ], [ 543305.680000000051223, 536503.337999999988824 ], [ 543297.682999999960884, 536481.152 ] ] ] } },
{ "type": "Feature", "properties": { "fid": 1915432, "crop": "sunflower" }, "geometry": { "type": "Polygon", "coordinates": [ [ [ 554074.648000000044703, 550708.008000000030734 ], [ 554077.895000000018626, 550739.638999999966472 ], [ 554101.636000000056811, 550760.417000000015832 ], [ 554129.511000000056811, 550780.577000000048429 ], [ 554146.491000000038184, 550789.586000000010245 ], [ 554200.805999999982305, 550806.128999999957159 ], [ 554206.420999999972992, 550808.337999999988824 ], [ 554205.79500000004191, 550786.628000000026077 ], [ 554206.339000000036322, 550770.87 ], [ 554207.310999999986961, 550759.920999999972992 ], [ 554208.45499999995809, 550747.974999999976717 ], [ 554204.295999999972992, 550738.85999999998603 ], [ 554152.685999999986961, 550715.201 ], [ 554127.797999999951571, 550705.731000000028871 ], [ 554100.49, 550694.522 ], [ 554073.694999999948777, 550684.584000000031665 ], [ 554074.648000000044703, 550708.008000000030734 ] ] ] } },
{ "type": "Feature", "properties": { "fid": 1001216, "crop": "sunflower" }, "geometry": { "type": "Polygon", "coordinates": [ [ [ 547590.062000000034459, 520142.712 ], [ 547601.827999999979511, 520159.115999999979977 ], [ 547614.603, 520171.468999999982771 ], [ 547619.300000000046566, 520175.503000000026077 ], [ 547657.893999999971129, 520213.327999999979511 ], [ 547683.88, 520193.641 ], [ 547700.810000000055879, 520178.284999999974389 ], [ 547715.378999999957159, 520164.898999999975786 ], [ 547727.584000000031665, 520151.90500000002794 ], [ 547734.959999999962747, 520144.886 ], [ 547748.767, 520124.31 ], [ 547757.464999999967404, 520105.867000000027474 ], [ 547772.973, 520079.181999999971595 ], [ 547766.96999999997206, 520073.98599999997532 ], [ 547757.148999999975786, 520067.226000000024214 ], [ 547735.201, 520048.413999999989755 ], [ 547713.253999999957159, 520027.19 ], [ 547681.15300000004936, 520056.043 ], [ 547590.062000000034459, 520142.712 ] ] ] } },
{ "type": "Feature", "properties": { "fid": 2418744, "crop": "sunflower" }, "geometry": { "type": "Polygon", "coordinates": [ [ [ 548488.057999999960884, 559078.434 ], [ 548476.395000000018626, 559059.493000000016764 ], [ 548464.307999999960884, 559040.214000000036322 ], [ 548452.655999999959022, 559018.888999999966472 ], [ 548411.765999999945052, 559074.508999999961816 ], [ 548364.71999999997206, 559134.525999999954365 ], [ 548361.731999999959953, 559141.419 ], [ 548346.194000000017695, 559177.01 ], [ 548312.837000000057742, 559220.484000000054948 ], [ 548295.03000000002794, 559239.60999999998603 ], [ 548284.917999999946915, 559247.084000000031665 ], [ 548291.645999999949709, 559255.011000000056811 ], [ 548297.12300000002142, 559261.738999999943189 ], [ 548325.327000000048429, 559247.837999999988824 ], [ 548387.939000000013039, 559206.00199999997858 ], [ 548398.290999999968335, 559196.091999999945983 ], [ 548421.682999999960884, 559171.322999999974854 ], [ 548438.392, 559150.682999999960884 ], [ 548488.057999999960884, 559078.434 ] ] ] } },
{ "type": "Feature", "properties": { "fid": 254350, "crop": "sunflower" }, "geometry": { "type": "Polygon", "coordinates": [ [ [ 549838.843, 555616.99 ], [ 549852.449000000022352, 555630.437999999965541 ], [ 549877.339000000036322, 555653.75 ], [ 549990.591000000014901, 555606.115 ], [ 550143.618000000016764, 555549.807999999960884 ], [ 550211.278999999980442, 555518.199999999953434 ], [ 550289.638999999966472, 555476.751000000047497 ], [ 550296.506999999983236, 555488.003000000026077 ], [ 550300.21999999997206, 555486.163999999989755 ], [ 550424.324000000022352, 555418.579000000027008 ], [ 550455.51500000001397, 555402.848 ], [ 550449.76500000001397, 555394.160000000032596 ], [ 550439.87300000002142, 555382.165999999968335 ], [ 550432.755, 555375.73699999996461 ], [ 550402.143000000040047, 555391.677000000025146 ], [ 550356.633999999961816, 555413.42000000004191 ], [ 550297.611000000033528, 555441.035000000032596 ], [ 550238.5, 555469.385 ], [ 550136.913999999989755, 555517.98699999996461 ], [ 550074.966999999945983, 555542.48699999996461 ], [ 550010.827999999979511, 555562.604999999981374 ], [ 549928.189000000013039, 555584.496000000042841 ], [ 549874.044, 555600.709999999962747 ], [ 549835.055000000051223, 555614.560999999986961 ], [ 549838.843, 555616.99 ] ] ] } },
{ "type": "Feature", "properties": { "fid": 2216348, "crop": "sunflower" }, "geometry": { "type": "Polygon", "coordinates": [ [ [ 544529.248999999952503, 556814.672000000020489 ], [ 544558.658000000054017, 556830.326 ], [ 544584.814999999944121, 556842.670999999972992 ], [ 544589.696, 556841.038999999989755 ], [ 544628.17000000004191, 556771.272 ], [ 544662.488000000012107, 556706.324999999953434 ], [ 544677.288999999989755, 556695.011999999987893 ], [ 544696.447000000043772, 556682.991000000038184 ], [ 544760.027, 556653.559 ], [ 544784.218, 556640.947999999974854 ], [ 544808.221000000019558, 556619.856999999959953 ], [ 544828.363999999943189, 556600.234000000054948 ], [ 544830.96999999997206, 556595.086000000010245 ], [ 544832.317999999970198, 556589.525000000023283 ], [ 544826.962999999988824, 556509.116000000038184 ], [ 544797.099999999976717, 556473.758000000030734 ], [ 544774.581, 556449.756000000052154 ], [ 544753.961000000010245, 556461.288999999989755 ], [ 544726.224000000045635, 556478.368000000016764 ], [ 544708.126000000047497, 556487.040000000037253 ], [ 544700.327000000048429, 556489.447999999974854 ], [ 544672.033999999985099, 556490.594000000040978 ], [ 544667.613000000012107, 556489.775999999954365 ], [ 544645.13, 556483.307000000029802 ], [ 544625.824000000022352, 556475.952000000048429 ], [ 544588.780999999959022, 556457.679 ], [ 544601.707999999984168, 556483.699000000022352 ], [ 544611.895000000018626, 556516.596000000019558 ], [ 544617.101000000024214, 556549.42000000004191 ], [ 544616.86199999996461, 556578.699000000022352 ], [ 544613.064999999944121, 556609.160999999963678 ], [ 544605.947999999974854, 556639.052999999956228 ], [ 544599.523000000044703, 556656.814999999944121 ], [ 544592.169, 556675.57999999995809 ], [ 544584.062999999965541, 556693.84699999995064 ], [ 544571.540000000037253, 556717.125 ], [ 544550.51500000001397, 556758.042999999946915 ], [ 544530.549, 556794.88 ], [ 544537.983, 556799.282 ], [ 544529.248999999952503, 556814.672000000020489 ] ] ] } },
{ "type": "Feature", "properties": { "fid": 470833, "crop": "sunflower" }, "geometry": { "type": "Polygon", "coordinates": [ [ [ 544120.060999999986961, 535066.04500000004191 ], [ 544107.613000000012107, 535070.172999999951571 ], [ 544109.118999999947846, 535077.432999999960884 ], [ 544117.74, 535103.12 ], [ 544130.76, 535140.772 ], [ 544145.714999999967404, 535175.256999999983236 ], [ 544159.087000000057742, 535166.636000000056811 ], [ 544168.76300000003539, 535160.302000000025146 ], [ 544149.937000000034459, 535116.316 ], [ 544130.055999999982305, 535062.829000000027008 ], [ 544120.060999999986961, 535066.04500000004191 ] ] ] } },
{ "type": "Feature", "properties": { "fid": 31530, "crop": "sunflower" }, "geometry": { "type": "Polygon", "coordinates": [ [ [ 558626.177999999956228, 551536.486000000033528 ], [ 558555.765999999945052, 551541.910000000032596 ], [ 558550.050999999977648, 551546.57999999995809 ], [ 558543.920999999972992, 551570.11199999996461 ], [ 558580.452999999979511, 551569.501000000047497 ], [ 558629.307000000029802, 551566.768999999971129 ], [ 558649.594000000040978, 551563.538999999989755 ], [ 558673.441, 551558.653999999980442 ], [ 558713.917000000015832, 551542.900000000023283 ], [ 558744.189000000013039, 551524.550000000046566 ], [ 558780.868999999947846, 551499.24800000002142 ], [ 558795.113999999943189, 551485.32999999995809 ], [ 558774.772, 551460.883999999961816 ], [ 558746.268999999971129, 551484.935000000055879 ], [ 558704.473, 551512.54500000004191 ], [ 558672.304, 551526.729999999981374 ], [ 558644.694000000017695, 551532.809 ], [ 558626.177999999956228, 551536.486000000033528 ] ] ] } },
{ "type": "Feature", "properties": { "fid": 397954, "crop": "sunflower" }, "geometry": { "type": "Polygon", "coordinates": [ [ [ 554454.932000000029802, 550690.332000000053085 ], [ 554440.856000000028871, 550688.547000000020489 ], [ 554440.692000000039116, 550741.312999999965541 ], [ 554437.520000000018626, 550789.060000000055879 ], [ 554428.711000000010245, 550862.707000000053085 ], [ 554420.927000000025146, 550916.87699999997858 ], [ 554444.704000000027008, 550926.238000000012107 ], [ 554455.844000000040978, 550846.674 ], [ 554463.34699999995064, 550765.334999999962747 ], [ 554465.790000000037253, 550729.92000000004191 ], [ 554469.224999999976717, 550684.498999999952503 ], [ 554466.667000000015832, 550685.854000000050291 ], [ 554454.932000000029802, 550690.332000000053085 ] ] ] } },
{ "type": "Feature", "properties": { "fid": 1517514, "crop": "sunflower" }, "geometry": { "type": "Polygon", "coordinates": [ [ [ 533561.50199999997858, 525473.520000000018626 ], [ 533545.775000000023283, 525372.189000000013039 ], [ 533509.714999999967404, 525385.988000000012107 ], [ 533469.28000000002794, 525402.726999999955297 ], [ 533423.52800000004936, 525421.822000000043772 ], [ 533371.407, 525443.089999999967404 ], [ 533317.300000000046566, 525461.407 ], [ 533278.90300000004936, 525476.767 ], [ 533250.317999999970198, 525490.047999999951571 ], [ 533207.547999999951571, 525508.439000000013039 ], [ 533119.20499999995809, 525532.522 ], [ 533087.07999999995809, 525542.287000000011176 ], [ 533086.415999999968335, 525547.179 ], [ 533087.745, 525551.064999999944121 ], [ 533085.006999999983236, 525566.922999999951571 ], [ 533069.780999999959022, 525584.473 ], [ 533066.341999999945983, 525604.498999999952503 ], [ 533091.147, 525601.060999999986961 ], [ 533106.128000000026077, 525597.621999999973923 ], [ 533144.71999999997206, 525584.810999999986961 ], [ 533198.184, 525568.302999999956228 ], [ 533234.584000000031665, 525557.268000000040047 ], [ 533264.446, 525548.066 ], [ 533289.344000000040978, 525539.17000000004191 ], [ 533364.550000000046566, 525511.385 ], [ 533410.339000000036322, 525494.736000000033528 ], [ 533435.162000000011176, 525485.669 ], [ 533468.849999999976717, 525473.707000000053085 ], [ 533476.243000000016764, 525506.996999999973923 ], [ 533517.995, 525490.542000000015832 ], [ 533552.305000000051223, 525477.709000000031665 ], [ 533561.50199999997858, 525473.520000000018626 ] ] ] } },
{ "type": "Feature", "properties": { "fid": 1631242, "crop": "sunflower" }, "geometry": { "type": "Polygon", "coordinates": [ [ [ 538745.947999999974854, 553559.23499999998603 ], [ 538745.820000000065193, 553550.294 ], [ 538744.824000000022352, 553499.501000000047497 ], [ 538739.288999999989755, 553389.513999999966472 ], [ 538734.392, 553286.613000000012107 ], [ 538727.096000000019558, 553143.75 ], [ 538724.108, 553077.420999999972992 ], [ 538721.341999999945983, 553037.790999999968335 ], [ 538693.574000000022352, 553040.356999999959953 ], [ 538687.069000000017695, 553040.893999999971129 ], [ 538657.790999999968335, 553043.692999999970198 ], [ 538663.893000000040047, 553164.383000000030734 ], [ 538665.658000000054017, 553233.484000000054948 ], [ 538668.506000000052154, 553312.868000000016764 ], [ 538675.775000000023283, 553511.319000000017695 ], [ 538677.098, 553531.309 ], [ 538725.768999999971129, 553551.133999999961816 ], [ 538745.947999999974854, 553559.23499999998603 ] ] ] } },
{ "type": "Feature", "properties": { "fid": 2319925, "crop": "sunflower" }, "geometry": { "type": "Polygon", "coordinates": [ [ [ 554101.591000000014901, 549042.919 ], [ 554088.013999999966472, 549008.261999999987893 ], [ 554067.072000000043772, 548968.959999999962747 ], [ 554031.787000000011176, 548996.212999999988824 ], [ 553967.718, 549054.359000000054948 ], [ 553966.875, 549057.947999999974854 ], [ 553970.052000000025146, 549069.150999999954365 ], [ 553978.603, 549098.201 ], [ 553990.356000000028871, 549140.957000000053085 ], [ 553993.954000000027008, 549160.88800000003539 ], [ 554001.179, 549194.24800000002142 ], [ 554005.942000000039116, 549221.147 ], [ 554011.064000000013039, 549246.087999999988824 ], [ 554013.581, 549255.988000000012107 ], [ 554017.853, 549276.535000000032596 ], [ 554020.251000000047497, 549278.040999999968335 ], [ 554026.792000000015832, 549282.802000000025146 ], [ 554038.603, 549284.544 ], [ 554058.351999999955297, 549283.770000000018626 ], [ 554098.540999999968335, 549279.212000000057742 ], [ 554162.647, 549270.505 ], [ 554189.140999999945052, 549263.305000000051223 ], [ 554217.697000000043772, 549252.976000000024214 ], [ 554196.984000000054948, 549248.560000000055879 ], [ 554182.143999999971129, 549237.655999999959022 ], [ 554165.723, 549218.699000000022352 ], [ 554143.584999999962747, 549190.066 ], [ 554133.62699999997858, 549156.00199999997858 ], [ 554118.709000000031665, 549092.603 ], [ 554101.591000000014901, 549042.919 ] ] ] } },
{ "type": "Feature", "properties": { "fid": 1505874, "crop": "sunflower" }, "geometry": { "type": "Polygon", "coordinates": [ [ [ 551082.123999999952503, 547396.086000000010245 ], [ 551118.851999999955297, 547457.555000000051223 ], [ 551142.98699999996461, 547503.20499999995809 ], [ 551194.256999999983236, 547597.300000000046566 ], [ 551222.324999999953434, 547638.816 ], [ 551237.283000000054017, 547638.363999999943189 ], [ 551254.305999999982305, 547640.910999999963678 ], [ 551264.523999999975786, 547643.824999999953434 ], [ 551239.261999999987893, 547609.687999999965541 ], [ 551216.60999999998603, 547577.324000000022352 ], [ 551205.65500000002794, 547559.287000000011176 ], [ 551177.525000000023283, 547507.386999999987893 ], [ 551089.626000000047497, 547350.983 ], [ 551056.947000000043772, 547344.687999999965541 ], [ 551082.123999999952503, 547396.086000000010245 ] ] ] } },
{ "type": "Feature", "properties": { "fid": 848900, "crop": "sunflower" }, "geometry": { "type": "Polygon", "coordinates": [ [ [ 557076.978, 520813.340000000025611 ], [ 557119.001000000047497, 520821.37699999997858 ], [ 557151.108, 520827.615 ], [ 557157.863999999943189, 520814.294999999983702 ], [ 557168.371999999973923, 520790.721000000019558 ], [ 557175.324999999953434, 520773.240999999979977 ], [ 557159.187000000034459, 520771.087999999988824 ], [ 557127.61199999996461, 520765.920999999972992 ], [ 557091.663999999989755, 520758.174 ], [ 557068.908000000054017, 520753.980000000039581 ], [ 557051.488999999943189, 520808.059 ], [ 557076.978, 520813.340000000025611 ] ] ] } },
{ "type": "Feature", "properties": { "fid": 279954, "crop": "sunflower" }, "geometry": { "type": "Polygon", "coordinates": [ [ [ 545471.493999999947846, 536324.104999999981374 ], [ 545482.873999999952503, 536330.191 ], [ 545483.334000000031665, 536329.167999999946915 ], [ 545485.444999999948777, 536322.496999999973923 ], [ 545489.187999999965541, 536306.773000000044703 ], [ 545495.145999999949709, 536273.196 ], [ 545500.902, 536202.579000000027008 ], [ 545502.008000000030734, 536177.12699999997858 ], [ 545503.228, 536155.12300000002142 ], [ 545503.047999999951571, 536152.054 ], [ 545488.908999999985099, 536166.233 ], [ 545489.402, 536178.518999999971129 ], [ 545488.344000000040978, 536204.037000000011176 ], [ 545482.927000000025146, 536270.158999999985099 ], [ 545476.410000000032596, 536304.635 ], [ 545473.243999999947846, 536317.692999999970198 ], [ 545471.493999999947846, 536324.104999999981374 ] ] ] } },
{ "type": "Feature", "properties": { "fid": 762943, "crop": "winter_common_soft_wheat" }, "geometry": { "type": "Polygon", "coordinates": [ [ [ 526088.437999999965541, 529103.995 ], [ 526107.530999999959022, 529097.339999999967404 ], [ 526104.226999999955297, 529047.096000000019558 ], [ 526103.547000000020489, 529016.462000000057742 ], [ 526083.197000000043772, 529015.824999999953434 ], [ 526083.131999999983236, 529021.256000000052154 ], [ 526088.437999999965541, 529103.995 ] ] ] } },
{ "type": "Feature", "properties": { "fid": 952557, "crop": "winter_common_soft_wheat" }, "geometry": { "type": "Polygon", "coordinates": [ [ [ 543955.082999999984168, 553021.148000000044703 ], [ 543961.258000000030734, 552994.059 ], [ 543964.844000000040978, 552970.753999999957159 ], [ 543966.383000000030734, 552932.292999999946915 ], [ 543966.116999999969266, 552913.295999999972992 ], [ 543988.474000000045635, 552849.932999999960884 ], [ 543996.086000000010245, 552831.488999999943189 ], [ 543972.337000000057742, 552815.158000000054017 ], [ 543945.910000000032596, 552886.023999999975786 ], [ 543957.175000000046566, 552887.577999999979511 ], [ 543945.993000000016764, 552910.724999999976717 ], [ 543940.983, 552937.118999999947846 ], [ 543935.761999999987893, 552986.091000000014901 ], [ 543929.831, 553017.886000000056811 ], [ 543911.461000000010245, 553104.608 ], [ 543904.699000000022352, 553132.900999999954365 ], [ 543895.645000000018626, 553178.047999999951571 ], [ 543880.425000000046566, 553241.341999999945983 ], [ 543873.216999999945983, 553269.111000000033528 ], [ 543848.712999999988824, 553359.287000000011176 ], [ 543853.099000000045635, 553364.74800000002142 ], [ 543864.054, 553372.118000000016764 ], [ 543887.126000000047497, 553304.574000000022352 ], [ 543892.442000000039116, 553289.366000000038184 ], [ 543892.944999999948777, 553286.99800000002142 ], [ 543905.087000000057742, 553240.45499999995809 ], [ 543924.12, 553155.863000000012107 ], [ 543943.131999999983236, 553074.131999999983236 ], [ 543955.082999999984168, 553021.148000000044703 ] ] ] } },
{ "type": "Feature", "properties": { "fid": 1670993, "crop": "winter_common_soft_wheat" }, "geometry": { "type": "Polygon", "coordinates": [ [ [ 534886.496000000042841, 512816.670999999972992 ], [ 534893.359000000054948, 512869.56 ], [ 534895.513999999966472, 512907.957999999984168 ], [ 535000.231000000028871, 512898.973999999987427 ], [ 534991.875, 512806.401000000012573 ], [ 534964.527, 512808.766 ], [ 534886.496000000042841, 512816.670999999972992 ] ] ] } },
{ "type": "Feature", "properties": { "fid": 1580249, "crop": "winter_common_soft_wheat" }, "geometry": { "type": "Polygon", "coordinates": [ [ [ 555762.792999999946915, 543192.457000000053085 ], [ 555575.834000000031665, 543198.854000000050291 ], [ 555576.123999999952503, 543200.086000000010245 ], [ 555576.853, 543247.12300000002142 ], [ 555738.136000000056811, 543242.709999999962747 ], [ 555771.920999999972992, 543241.471000000019558 ], [ 555785.593, 543240.442000000039116 ], [ 555846.942000000039116, 543233.679 ], [ 555915.62300000002142, 543226.511999999987893 ], [ 555971.13800000003539, 543221.275000000023283 ], [ 556076.966000000014901, 543209.199999999953434 ], [ 556105.439000000013039, 543205.35999999998603 ], [ 556107.594000000040978, 543205.45499999995809 ], [ 556105.63800000003539, 543168.603 ], [ 556104.011999999987893, 543154.794 ], [ 556103.85999999998603, 543154.341999999945983 ], [ 556075.564000000013039, 543159.432000000029802 ], [ 556039.368000000016764, 543164.690000000060536 ], [ 555898.780999999959022, 543182.001000000047497 ], [ 555837.648999999975786, 543187.530999999959022 ], [ 555762.792999999946915, 543192.457000000053085 ] ] ] } },
{ "type": "Feature", "properties": { "fid": 3162, "crop": "winter_common_soft_wheat" }, "geometry": { "type": "Polygon", "coordinates": [ [ [ 552462.49, 503144.288999999989755 ], [ 552448.207999999984168, 503150.945 ], [ 552434.832000000053085, 503158.028999999980442 ], [ 552453.810999999986961, 503272.555999999982305 ], [ 552461.496999999973923, 503267.031000000017229 ], [ 552472.287999999942258, 503259.066999999980908 ], [ 552481.366000000038184, 503252.082999999984168 ], [ 552476.908000000054017, 503189.439000000013039 ], [ 552476.376000000047497, 503137.818000000028405 ], [ 552462.49, 503144.288999999989755 ] ] ] } },
{ "type": "Feature", "properties": { "fid": 2355034, "crop": "winter_common_soft_wheat" }, "geometry": { "type": "Polygon", "coordinates": [ [ [ 541930.949999999953434, 514067.971000000019558 ], [ 541947.111000000033528, 514066.990999999979977 ], [ 542005.871000000042841, 514061.881 ], [ 542066.28000000002794, 514058.829000000027008 ], [ 542109.343, 514059.332 ], [ 542155.574999999953434, 514063.89000000001397 ], [ 542199.488000000012107, 514071.726000000024214 ], [ 542280.294, 514088.540000000037253 ], [ 542302.822000000043772, 514094.417000000015832 ], [ 542406.929, 514122.753000000026077 ], [ 542456.01300000003539, 514134.59499999997206 ], [ 542463.72199999995064, 514110.063000000023749 ], [ 542469.797000000020489, 514099.783 ], [ 542474.702999999979511, 514090.90500000002794 ], [ 542479.593, 514084.049999999988358 ], [ 542450.229000000050291, 514078.600000000034925 ], [ 542321.758000000030734, 514060.951 ], [ 542303.964999999967404, 514057.522999999986496 ], [ 542213.452000000048429, 514035.713999999978114 ], [ 542187.897, 514029.935 ], [ 542164.552999999956228, 514026.343 ], [ 542115.905999999959022, 514021.935999999986961 ], [ 542091.746000000042841, 514019.650000000023283 ], [ 542070.71999999997206, 514018.511999999987893 ], [ 542002.832000000053085, 514022.145000000018626 ], [ 541989.555000000051223, 514022.588999999978114 ], [ 541965.349999999976717, 514025.587999999988824 ], [ 541948.214000000036322, 514026.806999999971595 ], [ 541935.520999999949709, 514051.81 ], [ 541935.339000000036322, 514052.223 ], [ 541932.076, 514060.201 ], [ 541931.343, 514064.756999999983236 ], [ 541930.949999999953434, 514067.971000000019558 ] ] ] } },
{ "type": "Feature", "properties": { "fid": 226045, "crop": "winter_common_soft_wheat" }, "geometry": { "type": "Polygon", "coordinates": [ [ [ 528684.964999999967404, 557366.640999999945052 ], [ 528664.324999999953434, 557401.48699999996461 ], [ 528669.334999999962747, 557406.572000000043772 ], [ 528687.23499999998603, 557420.653999999980442 ], [ 528709.182999999960884, 557434.160000000032596 ], [ 528719.231000000028871, 557442.044 ], [ 528733.070000000065193, 557454.817999999970198 ], [ 528740.381999999983236, 557461.520999999949709 ], [ 528742.929, 557460.442999999970198 ], [ 528744.38, 557456.508000000030734 ], [ 528755.093, 557428.245 ], [ 528733.802999999956228, 557384.34699999995064 ], [ 528712.638999999966472, 557329.589999999967404 ], [ 528696.564999999944121, 557351.229999999981374 ], [ 528684.964999999967404, 557366.640999999945052 ] ] ] } },
{ "type": "Feature", "properties": { "fid": 1041243, "crop": "winter_common_soft_wheat" }, "geometry": { "type": "Polygon", "coordinates": [ [ [ 526578.052999999956228, 518815.288999999989755 ], [ 526583.425000000046566, 518820.343999999982771 ], [ 526597.876000000047497, 518837.218 ], [ 526620.503999999957159, 518861.006 ], [ 526641.474999999976717, 518882.016 ], [ 526651.962999999988824, 518893.553000000014435 ], [ 526658.407, 518897.614 ], [ 526666.287000000011176, 518889.226000000024214 ], [ 526662.150999999954365, 518878.720000000030268 ], [ 526640.577000000048429, 518850.103 ], [ 526633.888999999966472, 518842.558000000019092 ], [ 526608.334000000031665, 518816.150000000023283 ], [ 526602.996000000042841, 518814.115999999979977 ], [ 526596.677999999956228, 518809.799999999988358 ], [ 526594.481000000028871, 518800.517999999981839 ], [ 526589.778999999980442, 518802.678000000014435 ], [ 526587.537999999942258, 518810.99900000001071 ], [ 526583.932999999960884, 518813.989 ], [ 526580.883000000030734, 518812.973 ], [ 526578.052999999956228, 518815.288999999989755 ] ] ] } },
{ "type": "Feature", "properties": { "fid": 764429, "crop": "winter_common_soft_wheat" }, "geometry": { "type": "Polygon", "coordinates": [ [ [ 533753.238000000012107, 544463.464000000036322 ], [ 533757.702000000048429, 544488.091999999945983 ], [ 534073.17000000004191, 544493.839999999967404 ], [ 534073.180000000051223, 544489.969000000040978 ], [ 534073.343, 544477.307999999960884 ], [ 534073.79500000004191, 544469.310999999986961 ], [ 533753.238000000012107, 544463.464000000036322 ] ] ] } },
{ "type": "Feature", "properties": { "fid": 2377171, "crop": "winter_common_soft_wheat" }, "geometry": { "type": "Polygon", "coordinates": [ [ [ 546168.714999999967404, 507462.433000000019092 ], [ 546137.243000000016764, 507464.027 ], [ 546111.348, 507465.420999999972992 ], [ 546077.246000000042841, 507468.840000000025611 ], [ 546043.174, 507473.821999999985565 ], [ 546049.219000000040978, 507492.943000000028405 ], [ 546050.479999999981374, 507514.784999999974389 ], [ 546078.658000000054017, 507510.088999999978114 ], [ 546118.834000000031665, 507503.791000000026543 ], [ 546173.694000000017695, 507501.473999999987427 ], [ 546191.772, 507501.37699999997858 ], [ 546276.96999999997206, 507504.433000000019092 ], [ 546277.038999999989755, 507497.316999999980908 ], [ 546277.97199999995064, 507489.707999999984168 ], [ 546280.126000000047497, 507481.884000000020023 ], [ 546283.427999999956228, 507475.711000000010245 ], [ 546289.959999999962747, 507468.461000000010245 ], [ 546295.917000000015832, 507464.728 ], [ 546303.106000000028871, 507462.460000000020955 ], [ 546285.294, 507462.00099999998929 ], [ 546251.444999999948777, 507461.506999999983236 ], [ 546213.14000000001397, 507461.246999999973923 ], [ 546168.714999999967404, 507462.433000000019092 ] ] ] } },
{ "type": "Feature", "properties": { "fid": 79831, "crop": "winter_common_soft_wheat" }, "geometry": { "type": "Polygon", "coordinates": [ [ [ 546607.812000000034459, 561356.282 ], [ 546603.288999999989755, 561361.185999999986961 ], [ 546596.824999999953434, 561367.648000000044703 ], [ 546674.873999999952503, 561447.474999999976717 ], [ 546701.096000000019558, 561474.194000000017695 ], [ 546749.207000000053085, 561525.008000000030734 ], [ 546778.601000000024214, 561555.506999999983236 ], [ 546798.278999999980442, 561574.064999999944121 ], [ 546808.57999999995809, 561557.807999999960884 ], [ 546787.800000000046566, 561539.998999999952503 ], [ 546766.211000000010245, 561519.48699999996461 ], [ 546752.555999999982305, 561506.076 ], [ 546724.645999999949709, 561475.067999999970198 ], [ 546683.587000000057742, 561431.270999999949709 ], [ 546653.476000000024214, 561401.804 ], [ 546607.812000000034459, 561356.282 ] ] ] } },
{ "type": "Feature", "properties": { "fid": 582548, "crop": "winter_common_soft_wheat" }, "geometry": { "type": "Polygon", "coordinates": [ [ [ 559726.912999999942258, 548563.136000000056811 ], [ 559730.790999999968335, 548580.506999999983236 ], [ 559737.878999999957159, 548579.392 ], [ 559832.12, 548569.751000000047497 ], [ 559824.339000000036322, 548502.62300000002142 ], [ 559720.550000000046566, 548513.136999999987893 ], [ 559714.312000000034459, 548514.015999999945052 ], [ 559726.912999999942258, 548563.136000000056811 ] ] ] } },
{ "type": "Feature", "properties": { "fid": 464060, "crop": "winter_common_soft_wheat" }, "geometry": { "type": "Polygon", "coordinates": [ [ [ 525721.542000000015832, 545762.427000000025146 ], [ 525774.603, 545758.533000000054017 ], [ 525832.020999999949709, 545754.432999999960884 ], [ 525894.148999999975786, 545748.78000000002794 ], [ 525901.113000000012107, 545704.14000000001397 ], [ 525901.003000000026077, 545704.152 ], [ 525901.826, 545699.570000000065193 ], [ 525906.01300000003539, 545675.334999999962747 ], [ 525906.87, 545650.268999999971129 ], [ 525903.457000000053085, 545647.474999999976717 ], [ 525845.863000000012107, 545655.226000000024214 ], [ 525813.797000000020489, 545660.821 ], [ 525786.767, 545666.351000000024214 ], [ 525762.261999999987893, 545672.657 ], [ 525756.444000000017695, 545673.805000000051223 ], [ 525756.305000000051223, 545715.48499999998603 ], [ 525730.101000000024214, 545719.084999999962747 ], [ 525727.562999999965541, 545723.99800000002142 ], [ 525727.03000000002794, 545725.508999999961816 ], [ 525724.246999999973923, 545733.393999999971129 ], [ 525722.773000000044703, 545745.920999999972992 ], [ 525721.299, 545754.027 ], [ 525721.542000000015832, 545762.427000000025146 ] ] ] } },
{ "type": "Feature", "properties": { "fid": 822373, "crop": "winter_common_soft_wheat" }, "geometry": { "type": "Polygon", "coordinates": [ [ [ 556447.826, 527521.204000000027008 ], [ 556466.292999999946915, 527632.993999999947846 ], [ 556471.081, 527663.672000000020489 ], [ 556486.998999999952503, 527779.074999999953434 ], [ 556487.726999999955297, 527784.354000000050291 ], [ 556491.354000000050291, 527804.800000000046566 ], [ 556502.895999999949709, 527880.645000000018626 ], [ 556516.586000000010245, 527958.728 ], [ 556528.915999999968335, 528026.13800000003539 ], [ 556533.413999999989755, 528055.337999999988824 ], [ 556538.246000000042841, 528083.452000000048429 ], [ 556552.030999999959022, 528082.128999999957159 ], [ 556567.528999999980442, 528079.821 ], [ 556563.049, 528052.287000000011176 ], [ 556544.410999999963678, 527943.162000000011176 ], [ 556532.245, 527885.261999999987893 ], [ 556519.214999999967404, 527806.189000000013039 ], [ 556511.01, 527757.746000000042841 ], [ 556504.003999999957159, 527717.849999999976717 ], [ 556497.290000000037253, 527654.427999999956228 ], [ 556495.971000000019558, 527651.790000000037253 ], [ 556475.196, 527513.949999999953434 ], [ 556465.190000000060536, 527516.39000000001397 ], [ 556461.675999999977648, 527517.246999999973923 ], [ 556447.826, 527521.204000000027008 ] ] ] } },
{ "type": "Feature", "properties": { "fid": 1271446, "crop": "winter_common_soft_wheat" }, "geometry": { "type": "Polygon", "coordinates": [ [ [ 552472.535999999963678, 563769.457999999984168 ], [ 552515.669, 563755.084000000031665 ], [ 552505.82999999995809, 563729.511000000056811 ], [ 552500.177000000025146, 563715.560999999986961 ], [ 552397.912000000011176, 563445.300999999977648 ], [ 552284.042000000015832, 563145.62699999997858 ], [ 552241.917000000015832, 563162.270000000018626 ], [ 552472.535999999963678, 563769.457999999984168 ] ] ] } },
{ "type": "Feature", "properties": { "fid": 2337094, "crop": "winter_common_soft_wheat" }, "geometry": { "type": "Polygon", "coordinates": [ [ [ 559904.270000000018626, 554700.648000000044703 ], [ 559901.307000000029802, 554705.285999999963678 ], [ 559904.888999999966472, 554720.495 ], [ 559929.99800000002142, 554817.003000000026077 ], [ 559955.895000000018626, 554913.071 ], [ 559982.927999999956228, 555009.003999999957159 ], [ 559991.150999999954365, 555041.243999999947846 ], [ 560013.542000000015832, 555138.437000000034459 ], [ 560023.415999999968335, 555187.692999999970198 ], [ 560031.702000000048429, 555236.587000000057742 ], [ 560066.228, 555364.001000000047497 ], [ 560087.444000000017695, 555355.169 ], [ 560110.682000000029802, 555345.84499999997206 ], [ 559934.13800000003539, 554694.243000000016764 ], [ 559904.270000000018626, 554700.648000000044703 ] ] ] } },
{ "type": "Feature", "properties": { "fid": 371254, "crop": "winter_common_soft_wheat" }, "geometry": { "type": "Polygon", "coordinates": [ [ [ 560392.861000000033528, 553579.729000000050291 ], [ 560503.042000000015832, 553533.116000000038184 ], [ 560393.410999999963678, 553299.508000000030734 ], [ 560277.464000000036322, 553333.829000000027008 ], [ 560392.861000000033528, 553579.729000000050291 ] ] ] } },
{ "type": "Feature", "properties": { "fid": 903723, "crop": "winter_common_soft_wheat" }, "geometry": { "type": "Polygon", "coordinates": [ [ [ 556534.675000000046566, 535440.618999999947846 ], [ 556529.332999999984168, 535469.743000000016764 ], [ 556588.133000000030734, 535469.290999999968335 ], [ 556707.932999999960884, 535464.898999999975786 ], [ 556701.283999999985099, 535427.179 ], [ 556585.17000000004191, 535432.755 ], [ 556536.060000000055879, 535431.768000000040047 ], [ 556534.675000000046566, 535440.618999999947846 ] ] ] } },
{ "type": "Feature", "properties": { "fid": 1336997, "crop": "winter_common_soft_wheat" }, "geometry": { "type": "Polygon", "coordinates": [ [ [ 531190.45499999995809, 522685.955000000016298 ], [ 531204.964999999967404, 522685.955000000016298 ], [ 531201.832000000053085, 522717.777 ], [ 531201.50199999997858, 522728.0 ], [ 531201.172000000020489, 522741.850000000034925 ], [ 531225.501000000047497, 522740.068000000028405 ], [ 531226.893999999971129, 522681.832999999984168 ], [ 531236.12699999997858, 522639.952999999979511 ], [ 531239.892, 522612.449000000022352 ], [ 531244.62699999997858, 522579.520000000018626 ], [ 531249.792000000015832, 522559.288 ], [ 531257.758000000030734, 522524.636999999987893 ], [ 531265.959999999962747, 522482.565 ], [ 531226.550999999977648, 522423.666000000026543 ], [ 531219.969000000040978, 522476.721000000019558 ], [ 531217.496000000042841, 522496.011999999987893 ], [ 531210.076, 522538.716000000014901 ], [ 531179.572999999974854, 522685.295999999972992 ], [ 531190.45499999995809, 522685.955000000016298 ] ] ] } },
{ "type": "Feature", "properties": { "fid": 2176183, "crop": "winter_common_soft_wheat" }, "geometry": { "type": "Polygon", "coordinates": [ [ [ 540579.886000000056811, 518421.858 ], [ 540648.153999999980442, 518446.358 ], [ 540679.613999999943189, 518459.811999999976251 ], [ 540720.175000000046566, 518474.652 ], [ 540763.505, 518492.063000000023749 ], [ 540800.900000000023283, 518509.079000000027008 ], [ 540802.483, 518493.052000000025146 ], [ 540763.505, 518475.641 ], [ 540708.104999999981374, 518452.886999999987893 ], [ 540650.133000000030734, 518429.342 ], [ 540641.427000000025146, 518427.166000000026543 ], [ 540630.743000000016764, 518426.770000000018626 ], [ 540624.560000000055879, 518423.424 ], [ 540619.616000000038184, 518420.117000000027474 ], [ 540585.65500000002794, 518408.107000000018161 ], [ 540561.691, 518401.840000000025611 ], [ 540552.98499999998603, 518400.851000000024214 ], [ 540552.392, 518402.434 ], [ 540572.706, 518420.118000000016764 ], [ 540579.886000000056811, 518421.858 ] ] ] } },
{ "type": "Feature", "properties": { "fid": 1581774, "crop": "winter_common_soft_wheat" }, "geometry": { "type": "Polygon", "coordinates": [ [ [ 539587.508999999961816, 537043.915000000037253 ], [ 539599.218, 537084.025000000023283 ], [ 539608.256999999983236, 537113.003000000026077 ], [ 539614.312000000034459, 537132.537000000011176 ], [ 539627.986000000033528, 537177.270000000018626 ], [ 539629.410999999963678, 537182.069000000017695 ], [ 539648.697000000043772, 537243.023999999975786 ], [ 539669.006999999983236, 537289.395000000018626 ], [ 539670.408000000054017, 537291.755 ], [ 539675.395999999949709, 537299.765999999945052 ], [ 539687.109000000054948, 537319.618000000016764 ], [ 539705.174, 537343.837999999988824 ], [ 539745.697999999974854, 537397.692000000039116 ], [ 539768.63, 537428.866999999969266 ], [ 539785.430000000051223, 537453.089000000036322 ], [ 539794.339999999967404, 537466.810000000055879 ], [ 539801.973, 537479.047000000020489 ], [ 539831.829000000027008, 537460.841000000014901 ], [ 539802.077000000048429, 537416.528999999980442 ], [ 539777.944000000017695, 537382.827000000048429 ], [ 539757.464000000036322, 537357.908999999985099 ], [ 539738.162999999942258, 537333.932000000029802 ], [ 539731.653999999980442, 537326.066 ], [ 539702.192000000039116, 537282.207999999984168 ], [ 539683.652, 537242.38 ], [ 539679.704000000027008, 537231.723 ], [ 539667.586000000010245, 537192.46999999997206 ], [ 539644.87300000002142, 537118.055000000051223 ], [ 539640.138999999966472, 537102.650000000023283 ], [ 539631.714999999967404, 537072.403999999980442 ], [ 539629.09699999995064, 537064.98499999998603 ], [ 539626.375, 537056.212000000057742 ], [ 539622.341999999945983, 537040.820000000065193 ], [ 539622.302999999956228, 537040.76300000003539 ], [ 539622.23699999996461, 537040.745 ], [ 539587.508999999961816, 537043.915000000037253 ] ] ] } },
{ "type": "Feature", "properties": { "fid": 2338229, "crop": "winter_common_soft_wheat" }, "geometry": { "type": "Polygon", "coordinates": [ [ [ 557509.636000000056811, 549345.307000000029802 ], [ 557484.454000000027008, 549324.086000000010245 ], [ 557483.238999999943189, 549322.908000000054017 ], [ 557456.285000000032596, 549302.008000000030734 ], [ 557453.064999999944121, 549299.621000000042841 ], [ 557431.187000000034459, 549309.13800000003539 ], [ 557405.457999999984168, 549318.604999999981374 ], [ 557375.118000000016764, 549328.314000000013039 ], [ 557325.116999999969266, 549340.814000000013039 ], [ 557301.694000000017695, 549345.910999999963678 ], [ 557170.503000000026077, 549372.246000000042841 ], [ 557124.386000000056811, 549380.498999999952503 ], [ 557086.783000000054017, 549383.402 ], [ 557081.505, 549411.302000000025146 ], [ 557086.952000000048429, 549420.729000000050291 ], [ 557096.699000000022352, 549433.297000000020489 ], [ 557110.702000000048429, 549445.547000000020489 ], [ 557194.587000000057742, 549511.697000000043772 ], [ 557297.319000000017695, 549491.177000000025146 ], [ 557356.410000000032596, 549478.53000000002794 ], [ 557415.719000000040978, 549463.359000000054948 ], [ 557437.17000000004191, 549457.444000000017695 ], [ 557454.037000000011176, 549451.591999999945983 ], [ 557493.212000000057742, 549437.907 ], [ 557538.307999999960884, 549418.702999999979511 ], [ 557575.035000000032596, 549400.481000000028871 ], [ 557509.636000000056811, 549345.307000000029802 ] ] ] } },
{ "type": "Feature", "properties": { "fid": 1551047, "crop": "winter_common_soft_wheat" }, "geometry": { "type": "Polygon", "coordinates": [ [ [ 559532.038999999989755, 540216.787000000011176 ], [ 559571.560000000055879, 540218.714999999967404 ], [ 559574.23699999996461, 540204.871000000042841 ], [ 559588.765999999945052, 540137.464000000036322 ], [ 559601.060000000055879, 540077.657 ], [ 559610.38, 540031.324999999953434 ], [ 559571.655999999959022, 540028.790999999968335 ], [ 559551.072999999974854, 540130.158000000054017 ], [ 559535.236000000033528, 540203.706 ], [ 559532.038999999989755, 540216.787000000011176 ] ] ] } },
{ "type": "Feature", "properties": { "fid": 1850040, "crop": "winter_common_soft_wheat" }, "geometry": { "type": "Polygon", "coordinates": [ [ [ 548728.214000000036322, 514828.261999999987893 ], [ 548737.437999999965541, 514832.756 ], [ 548755.655999999959022, 514811.068000000028405 ], [ 548783.229999999981374, 514778.103 ], [ 548801.074999999953434, 514753.813000000023749 ], [ 548809.75, 514739.933000000019092 ], [ 548815.202999999979511, 514719.857000000018161 ], [ 548816.937999999965541, 514699.533 ], [ 548817.48699999996461, 514679.395000000018626 ], [ 548822.540999999968335, 514653.071999999985565 ], [ 548827.135, 514640.980000000039581 ], [ 548794.113000000012107, 514625.065 ], [ 548788.930000000051223, 514639.055999999982305 ], [ 548759.577999999979511, 514617.273999999975786 ], [ 548753.73499999998603, 514625.175999999977648 ], [ 548741.589999999967404, 514646.987000000022817 ], [ 548704.991999999969266, 514703.561999999976251 ], [ 548685.822000000043772, 514733.489 ], [ 548633.212000000057742, 514804.794999999983702 ], [ 548652.299, 514821.478 ], [ 548662.326, 514824.492000000027474 ], [ 548672.003999999957159, 514826.559 ], [ 548685.067999999970198, 514826.435 ], [ 548696.17000000004191, 514824.947999999974854 ], [ 548704.491000000038184, 514825.363000000012107 ], [ 548718.684, 514825.908 ], [ 548728.214000000036322, 514828.261999999987893 ] ] ] } },
{ "type": "Feature", "properties": { "fid": 2088788, "crop": "winter_common_soft_wheat" }, "geometry": { "type": "Polygon", "coordinates": [ [ [ 534301.741000000038184, 536002.175000000046566 ], [ 534341.408999999985099, 536081.101999999955297 ], [ 534353.729999999981374, 536100.881000000052154 ], [ 534369.29500000004191, 536125.121999999973923 ], [ 534391.316, 536151.660000000032596 ], [ 534408.162000000011176, 536167.772 ], [ 534419.648999999975786, 536178.417999999946915 ], [ 534433.393000000040047, 536191.763999999966472 ], [ 534455.702999999979511, 536211.084999999962747 ], [ 534471.837000000057742, 536223.435000000055879 ], [ 534500.321, 536244.150999999954365 ], [ 534550.160000000032596, 536283.881000000052154 ], [ 534567.846000000019558, 536298.131000000052154 ], [ 534582.018000000040047, 536307.523000000044703 ], [ 534591.947000000043772, 536277.017 ], [ 534573.621999999973923, 536265.662999999942258 ], [ 534537.170999999972992, 536240.763999999966472 ], [ 534502.841999999945983, 536216.584000000031665 ], [ 534488.368999999947846, 536207.101999999955297 ], [ 534451.917999999946915, 536177.821 ], [ 534423.846000000019558, 536153.434 ], [ 534408.336000000010245, 536136.277 ], [ 534389.812000000034459, 536116.158999999985099 ], [ 534381.645000000018626, 536104.008999999961816 ], [ 534369.74800000002142, 536085.996000000042841 ], [ 534348.312000000034459, 536044.71999999997206 ], [ 534316.511999999987893, 535984.62 ], [ 534314.236000000033528, 535985.511999999987893 ], [ 534298.927000000025146, 535995.312000000034459 ], [ 534301.741000000038184, 536002.175000000046566 ] ] ] } },
{ "type": "Feature", "properties": { "fid": 386497, "crop": "winter_common_soft_wheat" }, "geometry": { "type": "Polygon", "coordinates": [ [ [ 536911.211000000010245, 522940.64000000001397 ], [ 536936.236000000033528, 522957.23499999998603 ], [ 536961.917999999946915, 522971.205000000016298 ], [ 536972.204000000027008, 522980.592 ], [ 536982.115, 522991.521 ], [ 536985.520000000018626, 522991.521 ], [ 536989.821, 522987.935999999986961 ], [ 537005.770999999949709, 522968.581 ], [ 537016.883000000030734, 522954.424 ], [ 537025.663999999989755, 522944.208999999973457 ], [ 537031.974000000045635, 522936.35999999998603 ], [ 537036.96999999997206, 522928.446 ], [ 537042.868000000016764, 522919.656000000017229 ], [ 537047.886000000056811, 522910.516 ], [ 537054.246999999973923, 522886.163 ], [ 537059.356000000028871, 522862.308000000019092 ], [ 537065.87, 522841.924999999988358 ], [ 537075.169, 522817.025000000023283 ], [ 537081.160000000032596, 522800.022 ], [ 537094.419, 522765.607000000018161 ], [ 537068.317000000039116, 522754.961000000010245 ], [ 537038.388999999966472, 522741.520000000018626 ], [ 537032.199000000022352, 522738.152 ], [ 537005.636999999987893, 522797.607000000018161 ], [ 536999.822999999974854, 522810.281000000017229 ], [ 536994.091999999945983, 522819.661000000021886 ], [ 536983.935000000055879, 522836.007999999972526 ], [ 536970.966999999945983, 522855.413999999989755 ], [ 536955.523000000044703, 522874.232000000018161 ], [ 536933.256000000052154, 522903.661000000021886 ], [ 536911.211000000010245, 522940.64000000001397 ] ] ] } },
{ "type": "Feature", "properties": { "fid": 603861, "crop": "winter_common_soft_wheat" }, "geometry": { "type": "Polygon", "coordinates": [ [ [ 521229.392, 536652.299 ], [ 521240.169999999983702, 536722.87300000002142 ], [ 521424.806999999971595, 536710.006999999983236 ], [ 521583.382999999972526, 536717.126000000047497 ], [ 521585.152, 536695.082999999984168 ], [ 521606.441, 536641.454000000027008 ], [ 521573.971000000019558, 536639.998999999952503 ], [ 521568.063000000023749, 536617.777 ], [ 521487.153, 536614.145000000018626 ], [ 521226.340000000025611, 536632.317999999970198 ], [ 521229.392, 536652.299 ] ] ] } },
{ "type": "Feature", "properties": { "fid": 1961304, "crop": "winter_common_soft_wheat" }, "geometry": { "type": "Polygon", "coordinates": [ [ [ 532495.657, 525975.919 ], [ 532444.794, 525913.572999999974854 ], [ 532433.533999999985099, 525914.949000000022352 ], [ 532414.642, 525918.327000000048429 ], [ 532404.508000000030734, 525921.07999999995809 ], [ 532401.005, 525922.206 ], [ 532419.966000000014901, 525947.866999999969266 ], [ 532442.697000000043772, 525973.741999999969266 ], [ 532475.434, 526006.57999999995809 ], [ 532495.611000000033528, 526025.998999999952503 ], [ 532524.192999999970198, 526054.996000000042841 ], [ 532541.88, 526072.839000000036322 ], [ 532564.150000000023283, 526094.734000000054948 ], [ 532600.126000000047497, 526135.040000000037253 ], [ 532618.020999999949709, 526156.321 ], [ 532644.863000000012107, 526189.692000000039116 ], [ 532678.719000000040978, 526235.881000000052154 ], [ 532692.261000000056811, 526255.226999999955297 ], [ 532696.392, 526259.88 ], [ 532711.53000000002794, 526251.49800000002142 ], [ 532728.29500000004191, 526243.365 ], [ 532677.268000000040047, 526176.876000000047497 ], [ 532645.707999999984168, 526136.226999999955297 ], [ 532629.386999999987893, 526116.419 ], [ 532612.942000000039116, 526098.040999999968335 ], [ 532574.25, 526057.655999999959022 ], [ 532524.675999999977648, 526006.631000000052154 ], [ 532495.657, 525975.919 ] ] ] } },
{ "type": "Feature", "properties": { "fid": 2167574, "crop": "winter_common_soft_wheat" }, "geometry": { "type": "Polygon", "coordinates": [ [ [ 528635.135, 527096.331 ], [ 528644.275999999954365, 527099.726999999955297 ], [ 528653.025999999954365, 527105.211000000010245 ], [ 528663.343, 527113.307999999960884 ], [ 528670.917000000015832, 527119.707000000053085 ], [ 528683.322999999974854, 527127.934 ], [ 528701.082999999984168, 527137.937000000034459 ], [ 528707.991999999969266, 527141.827999999979511 ], [ 528755.572000000043772, 527140.642 ], [ 528757.893000000040047, 527136.615 ], [ 528769.919, 527115.746000000042841 ], [ 528774.091999999945983, 527100.782 ], [ 528762.017, 527100.098 ], [ 528690.405999999959022, 527097.334999999962747 ], [ 528673.993999999947846, 527096.77800000004936 ], [ 528658.383000000030734, 527096.099000000045635 ], [ 528623.773000000044703, 527094.763999999966472 ], [ 528635.135, 527096.331 ] ] ] } },
{ "type": "Feature", "properties": { "fid": 1976729, "crop": "winter_common_soft_wheat" }, "geometry": { "type": "Polygon", "coordinates": [ [ [ 539718.658000000054017, 522120.653 ], [ 539746.39000000001397, 522124.933000000019092 ], [ 539829.231000000028871, 522131.65500000002794 ], [ 539911.09499999997206, 522138.870999999984633 ], [ 539915.64000000001397, 522135.604999999981374 ], [ 539938.574999999953434, 522111.363000000012107 ], [ 539727.197999999974854, 522091.88900000002468 ], [ 539724.430000000051223, 522101.99900000001071 ], [ 539718.962999999988824, 522120.37599999998929 ], [ 539718.736000000033528, 522120.39000000001397 ], [ 539718.658000000054017, 522120.653 ] ] ] } },
{ "type": "Feature", "properties": { "fid": 2043586, "crop": "winter_common_soft_wheat" }, "geometry": { "type": "Polygon", "coordinates": [ [ [ 534403.912999999942258, 520040.028999999980442 ], [ 534407.087000000057742, 520021.790000000037253 ], [ 534408.922000000020489, 520012.528999999980442 ], [ 534414.152, 519987.613000000012107 ], [ 534431.570000000065193, 519938.786000000021886 ], [ 534436.067999999970198, 519924.518999999971129 ], [ 534441.555000000051223, 519906.696 ], [ 534464.471000000019558, 519834.536000000021886 ], [ 534473.393000000040047, 519804.427000000025146 ], [ 534483.47199999995064, 519772.36099999997532 ], [ 534489.359000000054948, 519756.137999999977183 ], [ 534495.689000000013039, 519737.237000000022817 ], [ 534513.393999999971129, 519682.88 ], [ 534527.282, 519643.480000000039581 ], [ 534544.569000000017695, 519593.23499999998603 ], [ 534582.236000000033528, 519466.342 ], [ 534570.160999999963678, 519464.104999999981374 ], [ 534555.231000000028871, 519462.24800000002142 ], [ 534527.258999999961816, 519560.462999999988824 ], [ 534515.020999999949709, 519598.851000000024214 ], [ 534493.682000000029802, 519659.843 ], [ 534464.598, 519742.572999999974854 ], [ 534452.550999999977648, 519779.043 ], [ 534412.079000000027008, 519906.935999999986961 ], [ 534400.294, 519945.521 ], [ 534386.133000000030734, 519978.37599999998929 ], [ 534374.165999999968335, 520019.718999999982771 ], [ 534370.503000000026077, 520042.979 ], [ 534365.797999999951571, 520070.543 ], [ 534364.339000000036322, 520087.781000000017229 ], [ 534375.794, 520084.708999999973457 ], [ 534381.927000000025146, 520083.036000000021886 ], [ 534386.054, 520080.694000000017695 ], [ 534390.067999999970198, 520077.906000000017229 ], [ 534392.745, 520076.011 ], [ 534395.087000000057742, 520072.887999999977183 ], [ 534397.540000000037253, 520066.642999999981839 ], [ 534399.714999999967404, 520059.691999999980908 ], [ 534401.339999999967404, 520050.581 ], [ 534403.912999999942258, 520040.028999999980442 ] ] ] } },
{ "type": "Feature", "properties": { "fid": 403019, "crop": "winter_common_soft_wheat" }, "geometry": { "type": "Polygon", "coordinates": [ [ [ 555640.863999999943189, 554581.498999999952503 ], [ 555648.655999999959022, 554719.841000000014901 ], [ 555672.189000000013039, 554719.645000000018626 ], [ 555727.292000000015832, 554717.393999999971129 ], [ 555702.606999999959953, 554278.961000000010245 ], [ 555691.572999999974854, 554283.775999999954365 ], [ 555667.674, 554296.466000000014901 ], [ 555631.006000000052154, 554318.716000000014901 ], [ 555626.270000000018626, 554322.403999999980442 ], [ 555640.863999999943189, 554581.498999999952503 ] ] ] } },
{ "type": "Feature", "properties": { "fid": 2497641, "crop": "winter_common_soft_wheat" }, "geometry": { "type": "Polygon", "coordinates": [ [ [ 547087.971000000019558, 564837.72199999995064 ], [ 547095.400999999954365, 564882.851000000024214 ], [ 547135.761000000056811, 565018.273000000044703 ], [ 547197.729000000050291, 565005.523999999975786 ], [ 547229.457000000053085, 564974.23699999996461 ], [ 547261.932999999960884, 564926.587999999988824 ], [ 547269.283999999985099, 564913.814999999944121 ], [ 547290.456, 564856.800000000046566 ], [ 547315.895999999949709, 564803.263999999966472 ], [ 547331.520000000018626, 564766.415999999968335 ], [ 547365.101999999955297, 564716.299 ], [ 547406.071, 564669.709999999962747 ], [ 547422.925000000046566, 564644.699000000022352 ], [ 547473.964000000036322, 564410.356000000028871 ], [ 547458.329000000027008, 564410.778999999980442 ], [ 547439.471000000019558, 564416.570000000065193 ], [ 547417.329000000027008, 564427.285999999963678 ], [ 547383.547000000020489, 564439.349999999976717 ], [ 547358.476000000024214, 564445.378999999957159 ], [ 547333.457000000053085, 564447.216999999945983 ], [ 547273.405999999959022, 564460.099999999976717 ], [ 547258.545999999972992, 564465.714999999967404 ], [ 547231.353, 564466.848 ], [ 547204.035000000032596, 564466.064999999944121 ], [ 547172.920999999972992, 564460.783000000054017 ], [ 547155.716000000014901, 564469.87 ], [ 547146.204000000027008, 564492.594000000040978 ], [ 547090.189000000013039, 564748.868000000016764 ], [ 547085.99, 564792.984000000054948 ], [ 547087.971000000019558, 564837.72199999995064 ] ] ] } },
{ "type": "Feature", "properties": { "fid": 2401713, "crop": "winter_common_soft_wheat" }, "geometry": { "type": "Polygon", "coordinates": [ [ [ 525638.052999999956228, 535375.824000000022352 ], [ 525617.780999999959022, 535359.496999999973923 ], [ 525605.234000000054948, 535356.555000000051223 ], [ 525583.660999999963678, 535354.849999999976717 ], [ 525620.459000000031665, 535384.116000000038184 ], [ 525649.278999999980442, 535408.216000000014901 ], [ 525671.540000000037253, 535426.951 ], [ 525709.258000000030734, 535459.51500000001397 ], [ 525731.74800000002142, 535479.194000000017695 ], [ 525782.491999999969266, 535530.888999999966472 ], [ 525822.621999999973923, 535573.675999999977648 ], [ 525846.672000000020489, 535599.263999999966472 ], [ 525863.589999999967404, 535619.258999999961816 ], [ 525885.682000000029802, 535644.755 ], [ 525939.812999999965541, 535691.993999999947846 ], [ 525984.180999999982305, 535728.728 ], [ 526043.685999999986961, 535774.761000000056811 ], [ 526061.777, 535787.65300000004936 ], [ 526066.415999999968335, 535778.731000000028871 ], [ 526070.932000000029802, 535760.84699999995064 ], [ 526058.76500000001397, 535752.917000000015832 ], [ 526048.758000000030734, 535745.626000000047497 ], [ 526041.783000000054017, 535742.836000000010245 ], [ 526038.993000000016764, 535740.356000000028871 ], [ 526035.425000000046566, 535734.623999999952503 ], [ 526007.99800000002142, 535712.579000000027008 ], [ 525982.236000000033528, 535690.964999999967404 ], [ 525943.520000000018626, 535659.712999999988824 ], [ 525908.042999999946915, 535630.101000000024214 ], [ 525874.876000000047497, 535594.194999999948777 ], [ 525847.099999999976717, 535563.648000000044703 ], [ 525827.616000000038184, 535541.79500000004191 ], [ 525802.241999999969266, 535514.809 ], [ 525783.525000000023283, 535496.055999999982305 ], [ 525761.415999999968335, 535476.694000000017695 ], [ 525721.081, 535443.937999999965541 ], [ 525682.657, 535411.618999999947846 ], [ 525638.052999999956228, 535375.824000000022352 ] ] ] } },
{ "type": "Feature", "properties": { "fid": 1209365, "crop": "winter_common_soft_wheat" }, "geometry": { "type": "Polygon", "coordinates": [ [ [ 545585.486000000033528, 511314.981000000028871 ], [ 545622.069000000017695, 511331.935999999986961 ], [ 545648.447000000043772, 511260.867000000027474 ], [ 545674.863000000012107, 511187.802000000025146 ], [ 545660.246000000042841, 511183.402 ], [ 545643.437000000034459, 511180.058000000019092 ], [ 545623.935999999986961, 511177.487000000022817 ], [ 545611.292999999946915, 511230.239 ], [ 545585.486000000033528, 511314.981000000028871 ] ] ] } },
{ "type": "Feature", "properties": { "fid": 1810187, "crop": "winter_common_soft_wheat" }, "geometry": { "type": "Polygon", "coordinates": [ [ [ 530190.435000000055879, 561564.40300000004936 ], [ 530194.37699999997858, 561580.67000000004191 ], [ 530222.196, 561556.11199999996461 ], [ 530269.856999999959953, 561509.388999999966472 ], [ 530290.160000000032596, 561491.525999999954365 ], [ 530357.971000000019558, 561444.974999999976717 ], [ 530369.018000000040047, 561437.15500000002794 ], [ 530398.185000000055879, 561417.444999999948777 ], [ 530412.368999999947846, 561407.900000000023283 ], [ 530419.792000000015832, 561401.802999999956228 ], [ 530430.61199999996461, 561392.792999999946915 ], [ 530448.550999999977648, 561377.724999999976717 ], [ 530460.74800000002142, 561365.895999999949709 ], [ 530471.145999999949709, 561355.682999999960884 ], [ 530483.692000000039116, 561343.692999999970198 ], [ 530489.814000000013039, 561337.73699999996461 ], [ 530514.182000000029802, 561313.885 ], [ 530524.13, 561303.937000000034459 ], [ 530535.984000000054948, 561292.03000000002794 ], [ 530553.101999999955297, 561276.763999999966472 ], [ 530577.831, 561254.787999999942258 ], [ 530599.437999999965541, 561235.87699999997858 ], [ 530635.479000000050291, 561203.447999999974854 ], [ 530645.408000000054017, 561194.07999999995809 ], [ 530650.466000000014901, 561189.368999999947846 ], [ 530659.430999999982305, 561180.603 ], [ 530671.900000000023283, 561168.714000000036322 ], [ 530686.398000000044703, 561154.795999999972992 ], [ 530687.805999999982305, 561153.339999999967404 ], [ 530720.324999999953434, 561119.709000000031665 ], [ 530731.988999999943189, 561106.952000000048429 ], [ 530728.584000000031665, 561102.76300000003539 ], [ 530727.645000000018626, 561101.609000000054948 ], [ 530723.638999999966472, 561094.758999999961816 ], [ 530720.407, 561086.800999999977648 ], [ 530718.143000000040047, 561079.638999999966472 ], [ 530714.981000000028871, 561070.67000000004191 ], [ 530711.964999999967404, 561060.245 ], [ 530708.050000000046566, 561050.111000000033528 ], [ 530676.020000000018626, 561086.790000000037253 ], [ 530643.060999999986961, 561126.365 ], [ 530626.555999999982305, 561143.567000000039116 ], [ 530569.643999999971129, 561194.307000000029802 ], [ 530559.219000000040978, 561203.783999999985099 ], [ 530538.388999999966472, 561223.035000000032596 ], [ 530524.78000000002794, 561234.670999999972992 ], [ 530504.057000000029802, 561251.24 ], [ 530498.552000000025146, 561256.072000000043772 ], [ 530488.99, 561263.61199999996461 ], [ 530470.196, 561279.615 ], [ 530451.079000000027008, 561295.956 ], [ 530441.881999999983236, 561304.435999999986961 ], [ 530440.091000000014901, 561305.962999999988824 ], [ 530416.657, 561326.233 ], [ 530387.452000000048429, 561351.275999999954365 ], [ 530350.601000000024214, 561379.952000000048429 ], [ 530310.437000000034459, 561404.778999999980442 ], [ 530273.549, 561427.113999999943189 ], [ 530248.420999999972992, 561443.834999999962747 ], [ 530242.839000000036322, 561448.109000000054948 ], [ 530224.998999999952503, 561460.643999999971129 ], [ 530201.552999999956228, 561481.392 ], [ 530176.209999999962747, 561504.751000000047497 ], [ 530190.435000000055879, 561564.40300000004936 ] ] ] } },
{ "type": "Feature", "properties": { "fid": 1309995, "crop": "winter_common_soft_wheat" }, "geometry": { "type": "Polygon", "coordinates": [ [ [ 527064.327000000048429, 510139.435999999986961 ], [ 527050.665999999968335, 510141.49800000002142 ], [ 527042.185000000055879, 510144.679 ], [ 527040.902, 510148.477000000013504 ], [ 527062.006999999983236, 510178.098 ], [ 527070.255, 510190.470000000030268 ], [ 527101.314000000013039, 510223.075000000011642 ], [ 527149.126000000047497, 510265.604 ], [ 527168.327999999979511, 510285.193000000028405 ], [ 527179.131000000052154, 510293.294999999983702 ], [ 527204.991000000038184, 510262.683000000019092 ], [ 527203.363999999943189, 510262.040000000037253 ], [ 527145.545999999972992, 510211.792000000015832 ], [ 527140.180999999982305, 510208.216000000014901 ], [ 527078.866000000038184, 510142.109 ], [ 527071.285999999963678, 510140.208999999973457 ], [ 527064.327000000048429, 510139.435999999986961 ] ] ] } },
{ "type": "Feature", "properties": { "fid": 2389448, "crop": "winter_common_soft_wheat" }, "geometry": { "type": "Polygon", "coordinates": [ [ [ 531476.042000000015832, 518980.313000000023749 ], [ 531462.02800000004936, 518966.340000000025611 ], [ 531442.604000000050291, 518944.962 ], [ 531428.76, 518926.050999999977648 ], [ 531413.283000000054017, 518900.90500000002794 ], [ 531390.214999999967404, 518909.593999999982771 ], [ 531409.538999999989755, 518938.678000000014435 ], [ 531429.089999999967404, 518963.533999999985099 ], [ 531435.302000000025146, 518970.728 ], [ 531453.261999999987893, 518991.770000000018626 ], [ 531470.049, 519014.607000000018161 ], [ 531482.488999999943189, 519035.618000000016764 ], [ 531489.567999999970198, 519048.571 ], [ 531494.253000000026077, 519060.478 ], [ 531503.121000000042841, 519086.827999999979511 ], [ 531526.040000000037253, 519076.422000000020489 ], [ 531518.675000000046566, 519055.207999999984168 ], [ 531512.959000000031665, 519041.686999999976251 ], [ 531504.055999999982305, 519023.331 ], [ 531494.290999999968335, 519005.293 ], [ 531476.042000000015832, 518980.313000000023749 ] ] ] } },
{ "type": "Feature", "properties": { "fid": 1953544, "crop": "winter_common_soft_wheat" }, "geometry": { "type": "Polygon", "coordinates": [ [ [ 540903.310999999986961, 556509.809 ], [ 540962.457000000053085, 556494.226999999955297 ], [ 541046.92000000004191, 556472.474000000045635 ], [ 541124.245, 556450.550999999977648 ], [ 541249.758999999961816, 556407.908999999985099 ], [ 541264.866000000038184, 556403.24 ], [ 541272.54500000004191, 556373.925999999977648 ], [ 541241.709000000031665, 556384.359000000054948 ], [ 541142.285999999963678, 556418.962999999988824 ], [ 541077.733, 556439.059 ], [ 540994.300999999977648, 556464.037999999942258 ], [ 540900.616999999969266, 556488.530999999959022 ], [ 540903.310999999986961, 556509.809 ] ] ] } },
{ "type": "Feature", "properties": { "fid": 667147, "crop": "winter_common_soft_wheat" }, "geometry": { "type": "Polygon", "coordinates": [ [ [ 552235.878999999957159, 517301.656000000017229 ], [ 552238.13800000003539, 517328.544999999983702 ], [ 552242.65500000002794, 517352.100000000034925 ], [ 552248.462999999988824, 517376.299999999988358 ], [ 552256.858, 517420.336000000010245 ], [ 552270.018000000040047, 517517.521 ], [ 552271.645999999949709, 517532.080000000016298 ], [ 552307.292999999946915, 517543.348 ], [ 552312.481000000028871, 517565.553000000014435 ], [ 552311.118999999947846, 517559.033999999985099 ], [ 552306.209000000031665, 517538.136999999987893 ], [ 552305.667000000015832, 517526.449000000022352 ], [ 552291.37300000002142, 517417.456 ], [ 552281.351000000024214, 517371.793 ], [ 552271.435000000055879, 517327.726000000024214 ], [ 552269.133999999961816, 517305.576 ], [ 552266.841999999945983, 517302.136999999987893 ], [ 552235.878999999957159, 517301.656000000017229 ] ] ] } },
{ "type": "Feature", "properties": { "fid": 1689648, "crop": "winter_common_soft_wheat" }, "geometry": { "type": "Polygon", "coordinates": [ [ [ 560991.488000000012107, 540293.118000000016764 ], [ 560968.814999999944121, 540302.606000000028871 ], [ 560958.395000000018626, 540313.437000000034459 ], [ 560930.02800000004936, 540353.087000000057742 ], [ 560908.376000000047497, 540387.309 ], [ 560884.167999999946915, 540426.834999999962747 ], [ 560873.018000000040047, 540437.787000000011176 ], [ 560863.059, 540446.229000000050291 ], [ 560866.071, 540449.5 ], [ 560881.824999999953434, 540440.876000000047497 ], [ 560900.258999999961816, 540432.576 ], [ 560925.055000000051223, 540424.106999999959953 ], [ 560964.542000000015832, 540412.542999999946915 ], [ 561000.941, 540402.28000000002794 ], [ 561012.10999999998603, 540396.853 ], [ 561022.503000000026077, 540389.839000000036322 ], [ 561032.51500000001397, 540387.018000000040047 ], [ 561057.476999999955297, 540380.108 ], [ 561079.898999999975786, 540371.787999999942258 ], [ 561091.745, 540366.006000000052154 ], [ 561099.219000000040978, 540362.479999999981374 ], [ 561108.557000000029802, 540351.621999999973923 ], [ 561099.807999999960884, 540341.702999999979511 ], [ 561088.50199999997858, 540333.429 ], [ 561079.616999999969266, 540330.609000000054948 ], [ 561066.783999999985099, 540327.787999999942258 ], [ 561057.621000000042841, 540323.270999999949709 ], [ 561033.155999999959022, 540307.79500000004191 ], [ 561019.682000000029802, 540300.853 ], [ 560996.272, 540291.968 ], [ 560991.488000000012107, 540293.118000000016764 ] ] ] } },
{ "type": "Feature", "properties": { "fid": 758824, "crop": "winter_common_soft_wheat" }, "geometry": { "type": "Polygon", "coordinates": [ [ [ 549493.140999999945052, 554489.530999999959022 ], [ 549498.346000000019558, 554502.508000000030734 ], [ 549509.873999999952503, 554527.974000000045635 ], [ 549527.316, 554564.550999999977648 ], [ 549543.13800000003539, 554611.434 ], [ 549554.837999999988824, 554653.665999999968335 ], [ 549585.412999999942258, 554648.018999999971129 ], [ 549608.13800000003539, 554646.042000000015832 ], [ 549632.74, 554645.662999999942258 ], [ 549623.351999999955297, 554612.484000000054948 ], [ 549610.669, 554574.285000000032596 ], [ 549585.741000000038184, 554515.99800000002142 ], [ 549571.780999999959022, 554487.233 ], [ 549550.273999999975786, 554452.773000000044703 ], [ 549537.437000000034459, 554455.429 ], [ 549526.643999999971129, 554454.115 ], [ 549513.834999999962747, 554450.957000000053085 ], [ 549503.805999999982305, 554449.819000000017695 ], [ 549495.212999999988824, 554452.305999999982305 ], [ 549485.753000000026077, 554460.775999999954365 ], [ 549481.996000000042841, 554463.064000000013039 ], [ 549493.140999999945052, 554489.530999999959022 ] ] ] } },
{ "type": "Feature", "properties": { "fid": 103170, "crop": "winter_common_soft_wheat" }, "geometry": { "type": "Polygon", "coordinates": [ [ [ 551847.915000000037253, 515935.689000000013039 ], [ 551850.160000000032596, 515991.006 ], [ 551849.194999999948777, 516028.481000000028871 ], [ 551840.917999999946915, 516066.109 ], [ 551830.457000000053085, 516096.669999999983702 ], [ 551823.116999999969266, 516115.022 ], [ 551806.001000000047497, 516154.455000000016298 ], [ 551824.440000000060536, 516160.533 ], [ 551851.802000000025146, 516109.788 ], [ 551872.363000000012107, 516067.761 ], [ 551882.145999999949709, 516043.811999999976251 ], [ 551883.457999999984168, 516028.233 ], [ 551883.841000000014901, 516014.061999999976251 ], [ 551884.025000000023283, 516006.544999999983702 ], [ 551875.87300000002142, 515909.340000000025611 ], [ 551874.099000000045635, 515905.509000000020023 ], [ 551859.277, 515912.368000000016764 ], [ 551845.893000000040047, 515916.419 ], [ 551847.915000000037253, 515935.689000000013039 ] ] ] } },
{ "type": "Feature", "properties": { "fid": 1661932, "crop": "winter_common_soft_wheat" }, "geometry": { "type": "Polygon", "coordinates": [ [ [ 547862.272, 504093.224999999976717 ], [ 547842.628000000026077, 504107.547000000020489 ], [ 547839.540999999968335, 504173.555999999982305 ], [ 547827.101999999955297, 504173.452999999979511 ], [ 547811.733, 504173.98599999997532 ], [ 547807.202000000048429, 504177.538999999989755 ], [ 547806.77800000004936, 504181.128000000026077 ], [ 547806.912999999942258, 504185.821 ], [ 547807.481000000028871, 504190.642 ], [ 547812.709999999962747, 504251.717 ], [ 547813.672000000020489, 504258.306999999971595 ], [ 547820.616999999969266, 504300.843 ], [ 547825.947000000043772, 504298.178000000014435 ], [ 547846.290000000037253, 504287.783999999985099 ], [ 547855.973, 504283.342 ], [ 547896.837999999988824, 504276.553000000014435 ], [ 547896.785999999963678, 504273.778999999980442 ], [ 547876.045999999972992, 504187.37599999998929 ], [ 547869.628999999957159, 504157.166000000026543 ], [ 547863.993999999947846, 504113.495 ], [ 547862.272, 504093.224999999976717 ] ] ] } },
{ "type": "Feature", "properties": { "fid": 2405976, "crop": "winter_common_soft_wheat" }, "geometry": { "type": "Polygon", "coordinates": [ [ [ 519725.009000000020023, 526097.751000000047497 ], [ 519724.034999999974389, 526099.478 ], [ 519722.935, 526102.555999999982305 ], [ 519722.716000000014901, 526106.072999999974854 ], [ 519722.825000000011642, 526108.491999999969266 ], [ 519722.98599999997532, 526120.925000000046566 ], [ 519725.69, 526135.87699999997858 ], [ 519733.794, 526127.410000000032596 ], [ 519761.858, 526097.935999999986961 ], [ 519772.858, 526085.103 ], [ 519780.896, 526074.667000000015832 ], [ 519791.614, 526060.283000000054017 ], [ 519808.137999999977183, 526041.314999999944121 ], [ 519818.549, 526030.527 ], [ 519836.881999999983236, 526013.886000000056811 ], [ 519846.613000000012107, 526005.143000000040047 ], [ 519844.49800000002142, 525990.616999999969266 ], [ 519841.386999999987893, 525963.662999999942258 ], [ 519840.859, 525956.628999999957159 ], [ 519839.452, 525956.628999999957159 ], [ 519838.572999999974854, 525963.136000000056811 ], [ 519834.352000000013504, 525975.09499999997206 ], [ 519830.94, 525980.636999999987893 ], [ 519826.526000000012573, 525986.799 ], [ 519795.702999999979511, 526024.040000000037253 ], [ 519766.37, 526054.501000000047497 ], [ 519737.935, 526082.297999999951571 ], [ 519733.641, 526087.572000000043772 ], [ 519728.212, 526092.993000000016764 ], [ 519725.009000000020023, 526097.751000000047497 ] ] ] } },
{ "type": "Feature", "properties": { "fid": 1530332, "crop": "winter_common_soft_wheat" }, "geometry": { "type": "Polygon", "coordinates": [ [ [ 556101.143000000040047, 555181.983 ], [ 556118.349999999976717, 555231.356999999959953 ], [ 556138.410000000032596, 555217.508000000030734 ], [ 556155.996000000042841, 555208.135 ], [ 556172.761000000056811, 555201.582000000053085 ], [ 556234.964000000036322, 555182.726000000024214 ], [ 556282.47199999995064, 555169.422000000020489 ], [ 556380.956, 555144.481000000028871 ], [ 556358.743000000016764, 555097.814999999944121 ], [ 556331.273000000044703, 555108.042000000015832 ], [ 556307.283000000054017, 555118.177000000025146 ], [ 556277.719000000040978, 555128.381000000052154 ], [ 556226.488999999943189, 555144.979000000050291 ], [ 556179.015999999945052, 555157.337000000057742 ], [ 556099.821, 555178.189000000013039 ], [ 556101.143000000040047, 555181.983 ] ] ] } },
{ "type": "Feature", "properties": { "fid": 1698896, "crop": "winter_common_soft_wheat" }, "geometry": { "type": "Polygon", "coordinates": [ [ [ 549697.611000000033528, 515060.419999999983702 ], [ 549704.903999999980442, 515070.613000000012107 ], [ 549718.51300000003539, 515076.544 ], [ 549737.142, 515080.408 ], [ 549798.439000000013039, 515071.523999999975786 ], [ 549861.956, 515066.49 ], [ 549899.90500000002794, 515063.931999999971595 ], [ 549932.947000000043772, 515060.99900000001071 ], [ 549957.559, 515060.717 ], [ 550002.361000000033528, 515062.708999999973457 ], [ 550029.707000000053085, 515066.194000000017695 ], [ 550053.773999999975786, 515071.047000000020489 ], [ 550103.883999999961816, 515085.293 ], [ 550153.927999999956228, 515103.357000000018161 ], [ 550173.506000000052154, 515109.364 ], [ 550184.71999999997206, 515075.718 ], [ 550126.650999999954365, 515056.568000000028405 ], [ 550082.388999999966472, 515042.009000000020023 ], [ 550042.567000000039116, 515031.87300000002142 ], [ 549992.988000000012107, 515024.588999999978114 ], [ 549942.501000000047497, 515022.533999999985099 ], [ 549904.59699999995064, 515024.885 ], [ 549855.145000000018626, 515029.62300000002142 ], [ 549799.327000000048429, 515035.694000000017695 ], [ 549749.712999999988824, 515042.582999999984168 ], [ 549720.339999999967404, 515047.688000000023749 ], [ 549700.059, 515050.550999999977648 ], [ 549693.060999999986961, 515052.256 ], [ 549697.611000000033528, 515060.419999999983702 ] ] ] } },
{ "type": "Feature", "properties": { "fid": 1564304, "crop": "winter_common_soft_wheat" }, "geometry": { "type": "Polygon", "coordinates": [ [ [ 552735.478, 537947.831 ], [ 552749.841000000014901, 537947.111000000033528 ], [ 552748.569000000017695, 537935.540000000037253 ], [ 552745.854000000050291, 537907.658000000054017 ], [ 552744.866999999969266, 537887.302000000025146 ], [ 552744.006999999983236, 537846.954000000027008 ], [ 552744.12699999997858, 537818.091000000014901 ], [ 552747.087999999988824, 537784.657 ], [ 552753.38, 537741.354000000050291 ], [ 552756.341000000014901, 537723.464999999967404 ], [ 552758.932000000029802, 537708.907 ], [ 552763.550999999977648, 537672.881999999983236 ], [ 552766.182000000029802, 537626.479999999981374 ], [ 552766.665999999968335, 537590.140999999945052 ], [ 552766.643000000040047, 537575.150000000023283 ], [ 552765.998999999952503, 537552.37699999997858 ], [ 552763.915999999968335, 537510.258999999961816 ], [ 552762.273999999975786, 537479.412999999942258 ], [ 552759.40500000002794, 537433.748999999952503 ], [ 552757.143000000040047, 537415.65300000004936 ], [ 552754.73699999996461, 537390.979000000050291 ], [ 552752.64000000001397, 537371.979999999981374 ], [ 552736.97199999995064, 537377.900999999954365 ], [ 552741.290000000037253, 537404.672999999951571 ], [ 552747.356000000028871, 537454.643000000040047 ], [ 552750.295999999972992, 537522.986000000033528 ], [ 552752.964999999967404, 537590.729999999981374 ], [ 552753.15300000004936, 537642.162000000011176 ], [ 552751.386000000056811, 537666.398000000044703 ], [ 552749.554, 537692.20499999995809 ], [ 552743.263999999966472, 537735.925000000046566 ], [ 552737.834999999962747, 537771.949999999953434 ], [ 552732.150000000023283, 537818.849999999976717 ], [ 552731.087999999988824, 537849.503999999957159 ], [ 552732.457999999984168, 537885.076 ], [ 552733.974999999976717, 537919.327000000048429 ], [ 552734.535000000032596, 537934.484000000054948 ], [ 552735.478, 537947.831 ] ] ] } },
{ "type": "Feature", "properties": { "fid": 1781324, "crop": "winter_common_soft_wheat" }, "geometry": { "type": "Polygon", "coordinates": [ [ [ 550487.993999999947846, 554004.023999999975786 ], [ 550479.185999999986961, 554068.356999999959953 ], [ 550476.599000000045635, 554109.392 ], [ 550527.92000000004191, 554104.554 ], [ 550575.479999999981374, 554098.908999999985099 ], [ 550594.657, 554095.432000000029802 ], [ 550598.566, 554071.696 ], [ 550603.24800000002142, 554059.991000000038184 ], [ 550668.292000000015832, 554033.802000000025146 ], [ 550670.966999999945983, 554031.45499999995809 ], [ 550664.327000000048429, 554002.913999999989755 ], [ 550657.532, 553968.709999999962747 ], [ 550656.142, 553959.312999999965541 ], [ 550611.898999999975786, 553974.966999999945983 ], [ 550562.569000000017695, 553989.691 ], [ 550533.258000000030734, 553995.981999999959953 ], [ 550508.777, 554000.74800000002142 ], [ 550487.993999999947846, 554004.023999999975786 ] ] ] } },
{ "type": "Feature", "properties": { "fid": 40494, "crop": "winter_common_soft_wheat" }, "geometry": { "type": "Polygon", "coordinates": [ [ [ 537496.550000000046566, 506064.397999999986496 ], [ 537509.59499999997206, 506067.439000000013039 ], [ 537538.226000000024214, 506073.482000000018161 ], [ 537574.194999999948777, 506079.093 ], [ 537611.172000000020489, 506083.98499999998603 ], [ 537646.277, 506087.294 ], [ 537679.224999999976717, 506089.884000000020023 ], [ 537769.942000000039116, 506088.794 ], [ 537866.947000000043772, 506085.993000000016764 ], [ 537872.020000000018626, 506055.496999999973923 ], [ 537807.54500000004191, 506058.483 ], [ 537661.385, 506057.511999999987893 ], [ 537618.625, 506053.12699999997858 ], [ 537581.03000000002794, 506047.794999999983702 ], [ 537551.493999999947846, 506041.835000000020955 ], [ 537496.550000000046566, 506064.397999999986496 ] ] ] } },
{ "type": "Feature", "properties": { "fid": 1786517, "crop": "winter_common_soft_wheat" }, "geometry": { "type": "Polygon", "coordinates": [ [ [ 560736.087000000057742, 535911.231999999959953 ], [ 560820.707999999984168, 536252.125 ], [ 560828.300000000046566, 536255.040999999968335 ], [ 560839.711000000010245, 536254.042000000015832 ], [ 560871.052000000025146, 536244.794 ], [ 560784.829000000027008, 535897.474999999976717 ], [ 560736.087000000057742, 535911.231999999959953 ] ] ] } },
{ "type": "Feature", "properties": { "fid": 32018, "crop": "winter_common_soft_wheat" }, "geometry": { "type": "Polygon", "coordinates": [ [ [ 550135.299, 551331.368999999947846 ], [ 550117.567000000039116, 551365.310000000055879 ], [ 550133.711000000010245, 551382.163999999989755 ], [ 550159.635, 551330.775999999954365 ], [ 550176.452999999979511, 551290.017 ], [ 550186.216999999945983, 551248.106999999959953 ], [ 550163.927000000025146, 551245.73499999998603 ], [ 550154.886999999987893, 551277.75 ], [ 550147.17000000004191, 551301.691 ], [ 550135.299, 551331.368999999947846 ] ] ] } },
{ "type": "Feature", "properties": { "fid": 364623, "crop": "winter_common_soft_wheat" }, "geometry": { "type": "Polygon", "coordinates": [ [ [ 528627.591000000014901, 506436.152 ], [ 528625.537000000011176, 506443.136 ], [ 528631.39000000001397, 506448.476000000024214 ], [ 528664.660999999963678, 506379.592 ], [ 528640.787999999942258, 506358.906000000017229 ], [ 528626.496000000042841, 506331.674999999988358 ], [ 528598.38, 506258.143999999971129 ], [ 528555.881000000052154, 506278.362000000022817 ], [ 528559.881000000052154, 506308.13 ], [ 528569.349999999976717, 506391.403999999980442 ], [ 528572.067999999970198, 506409.419999999983702 ], [ 528583.910000000032596, 506409.451 ], [ 528598.020000000018626, 506409.044999999983702 ], [ 528611.402, 506409.428000000014435 ], [ 528611.432999999960884, 506417.392999999981839 ], [ 528616.018999999971129, 506419.25 ], [ 528630.256999999983236, 506421.466000000014901 ], [ 528627.591000000014901, 506436.152 ] ] ] } },
{ "type": "Feature", "properties": { "fid": 1914286, "crop": "winter_common_soft_wheat" }, "geometry": { "type": "Polygon", "coordinates": [ [ [ 557734.851000000024214, 535182.974999999976717 ], [ 557734.832000000053085, 535146.093 ], [ 557734.979999999981374, 535126.532 ], [ 557722.261999999987893, 535105.981999999959953 ], [ 557698.435999999986961, 535075.378999999957159 ], [ 557669.060999999986961, 535042.339999999967404 ], [ 557666.954000000027008, 535108.669 ], [ 557666.706, 535155.116000000038184 ], [ 557667.98699999996461, 535189.25 ], [ 557671.831, 535190.827000000048429 ], [ 557686.631000000052154, 535190.814000000013039 ], [ 557694.912999999942258, 535282.032 ], [ 557747.285000000032596, 535274.0 ], [ 557737.385, 535217.432999999960884 ], [ 557734.851000000024214, 535182.974999999976717 ] ] ] } },
{ "type": "Feature", "properties": { "fid": 2050764, "crop": "winter_common_soft_wheat" }, "geometry": { "type": "Polygon", "coordinates": [ [ [ 532379.01500000001397, 510374.202 ], [ 532397.628999999957159, 510395.680999999982305 ], [ 532433.167999999946915, 510360.696 ], [ 532467.304, 510323.549999999988358 ], [ 532497.185000000055879, 510290.210000000020955 ], [ 532504.567999999970198, 510282.259000000020023 ], [ 532504.202999999979511, 510279.022 ], [ 532503.184, 510274.338999999978114 ], [ 532511.003999999957159, 510266.927000000025146 ], [ 532534.976999999955297, 510247.776000000012573 ], [ 532548.104999999981374, 510240.23599999997532 ], [ 532555.295999999972992, 510235.723 ], [ 532567.64000000001397, 510234.218 ], [ 532577.677999999956228, 510234.895000000018626 ], [ 532589.736000000033528, 510240.895000000018626 ], [ 532607.731999999959953, 510245.347 ], [ 532619.278999999980442, 510245.333999999973457 ], [ 532622.685999999986961, 510244.211000000010245 ], [ 532626.667999999946915, 510240.609 ], [ 532625.631999999983236, 510239.590000000025611 ], [ 532605.025000000023283, 510230.216000000014901 ], [ 532587.652, 510220.957 ], [ 532579.148999999975786, 510219.413999999989755 ], [ 532561.23699999996461, 510209.478 ], [ 532542.425999999977648, 510221.306999999971595 ], [ 532532.772, 510221.875 ], [ 532524.633000000030734, 510223.200000000011642 ], [ 532518.533999999985099, 510220.913999999989755 ], [ 532506.461000000010245, 510220.549999999988358 ], [ 532498.067999999970198, 510228.036000000021886 ], [ 532491.506000000052154, 510233.799999999988358 ], [ 532477.12, 510250.268999999971129 ], [ 532464.248999999952503, 510269.205000000016298 ], [ 532427.430999999982305, 510314.657 ], [ 532379.01500000001397, 510374.202 ] ] ] } },
{ "type": "Feature", "properties": { "fid": 1348944, "crop": "winter_common_soft_wheat" }, "geometry": { "type": "Polygon", "coordinates": [ [ [ 553187.15500000002794, 514161.12599999998929 ], [ 553196.317999999970198, 514147.5 ], [ 553200.711000000010245, 514138.275000000023283 ], [ 553201.910000000032596, 514130.847 ], [ 553176.763999999966472, 514155.662000000011176 ], [ 553154.143999999971129, 514175.836000000010245 ], [ 553158.574999999953434, 514183.663 ], [ 553166.731999999959953, 514196.946 ], [ 553172.924, 514183.305 ], [ 553187.15500000002794, 514161.12599999998929 ] ] ] } },
{ "type": "Feature", "properties": { "fid": 478009, "crop": "winter_common_soft_wheat" }, "geometry": { "type": "Polygon", "coordinates": [ [ [ 553053.172000000020489, 513757.431999999971595 ], [ 553078.827999999979511, 513734.976000000024214 ], [ 553111.944000000017695, 513707.983 ], [ 553195.511000000056811, 513632.587 ], [ 553229.88, 513606.87599999998929 ], [ 553222.555999999982305, 513572.76500000001397 ], [ 553213.812000000034459, 513577.040000000037253 ], [ 553185.054, 513597.443000000028405 ], [ 553141.334000000031665, 513635.333999999973457 ], [ 553112.381000000052154, 513660.205000000016298 ], [ 553088.675000000046566, 513680.608 ], [ 553069.437999999965541, 513695.57 ], [ 553048.65500000002794, 513710.943000000028405 ], [ 553052.893999999971129, 513726.244 ], [ 553053.116000000038184, 513734.924 ], [ 553053.172000000020489, 513757.431999999971595 ] ] ] } },
{ "type": "Feature", "properties": { "fid": 1701454, "crop": "winter_common_soft_wheat" }, "geometry": { "type": "Polygon", "coordinates": [ [ [ 545759.089000000036322, 514304.378000000026077 ], [ 545804.192000000039116, 514280.950000000011642 ], [ 545840.878999999957159, 514260.933000000019092 ], [ 545841.464000000036322, 514236.37400000001071 ], [ 545842.066, 514225.713999999978114 ], [ 545844.73499999998603, 514207.488000000012107 ], [ 545846.795999999972992, 514194.369 ], [ 545824.12, 514208.049999999988358 ], [ 545786.26300000003539, 514228.478 ], [ 545714.672999999951571, 514265.022 ], [ 545642.332999999984168, 514298.006999999983236 ], [ 545599.978, 514315.435999999986961 ], [ 545560.24800000002142, 514329.679 ], [ 545543.192999999970198, 514334.364 ], [ 545529.324999999953434, 514338.299999999988358 ], [ 545531.033999999985099, 514342.054 ], [ 545538.751000000047497, 514365.401000000012573 ], [ 545548.628000000026077, 514393.022999999986496 ], [ 545563.996000000042841, 514388.150000000023283 ], [ 545600.728, 514375.407 ], [ 545649.652, 514356.516 ], [ 545691.434, 514337.924999999988358 ], [ 545759.089000000036322, 514304.378000000026077 ] ] ] } },
{ "type": "Feature", "properties": { "fid": 1314760, "crop": "winter_common_soft_wheat" }, "geometry": { "type": "Polygon", "coordinates": [ [ [ 561455.425999999977648, 534326.49800000002142 ], [ 561406.017, 534362.841999999945983 ], [ 561505.451, 534669.060999999986961 ], [ 561556.057999999960884, 534636.37699999997858 ], [ 561455.425999999977648, 534326.49800000002142 ] ] ] } },
{ "type": "Feature", "properties": { "fid": 748654, "crop": "winter_common_soft_wheat" }, "geometry": { "type": "Polygon", "coordinates": [ [ [ 554990.13, 549623.390999999945052 ], [ 554912.680999999982305, 549633.422999999951571 ], [ 554919.540000000037253, 549648.662999999942258 ], [ 554934.861000000033528, 549687.131000000052154 ], [ 554947.086000000010245, 549721.288999999989755 ], [ 554950.143000000040047, 549731.895999999949709 ], [ 554958.052999999956228, 549752.39000000001397 ], [ 554972.805999999982305, 549793.025000000023283 ], [ 554987.10999999998603, 549789.26 ], [ 555004.003999999957159, 549787.162999999942258 ], [ 555033.223, 549786.814000000013039 ], [ 555046.398000000044703, 549785.307999999960884 ], [ 555062.207999999984168, 549781.354999999981374 ], [ 555099.474999999976717, 549763.287000000011176 ], [ 555082.64000000001397, 549710.322000000043772 ], [ 555057.652, 549629.961000000010245 ], [ 555045.604999999981374, 549635.714000000036322 ], [ 555034.099000000045635, 549637.332000000053085 ], [ 555027.807000000029802, 549637.871000000042841 ], [ 555022.952999999979511, 549636.792999999946915 ], [ 555018.99800000002142, 549632.297999999951571 ], [ 555012.895999999949709, 549630.782 ], [ 555006.054, 549628.881999999983236 ], [ 554990.13, 549623.390999999945052 ] ] ] } },
{ "type": "Feature", "properties": { "fid": 105480, "crop": "winter_common_soft_wheat" }, "geometry": { "type": "Polygon", "coordinates": [ [ [ 557845.998999999952503, 512699.407 ], [ 557861.160999999963678, 512710.419 ], [ 557863.540000000037253, 512712.238000000012107 ], [ 557891.716999999945983, 512689.988000000012107 ], [ 557907.432999999960884, 512679.568000000028405 ], [ 557926.020999999949709, 512667.809 ], [ 557914.180999999982305, 512640.577 ], [ 557907.238000000012107, 512642.653 ], [ 557884.113999999943189, 512651.37300000002142 ], [ 557870.518000000040047, 512660.906000000017229 ], [ 557865.361000000033528, 512668.952 ], [ 557854.785999999963678, 512688.03000000002794 ], [ 557848.618999999947846, 512693.093 ], [ 557840.903999999980442, 512697.827 ], [ 557845.998999999952503, 512699.407 ] ] ] } },
{ "type": "Feature", "properties": { "fid": 1126422, "crop": "winter_common_soft_wheat" }, "geometry": { "type": "Polygon", "coordinates": [ [ [ 557575.040999999968335, 535122.902 ], [ 557579.317999999970198, 535204.160000000032596 ], [ 557580.008000000030734, 535218.687000000034459 ], [ 557617.832000000053085, 535218.152 ], [ 557617.939000000013039, 535204.729999999981374 ], [ 557625.060000000055879, 535198.822000000043772 ], [ 557641.902, 535195.190000000060536 ], [ 557667.98699999996461, 535189.25 ], [ 557666.696, 535156.966000000014901 ], [ 557666.954000000027008, 535108.669 ], [ 557669.060999999986961, 535042.339999999967404 ], [ 557654.312000000034459, 535031.020999999949709 ], [ 557611.898999999975786, 535004.189000000013039 ], [ 557597.229999999981374, 534993.633999999961816 ], [ 557576.566, 534976.672000000020489 ], [ 557575.577999999979511, 535017.837000000057742 ], [ 557575.040999999968335, 535122.902 ] ] ] } },
{ "type": "Feature", "properties": { "fid": 1419763, "crop": "winter_common_soft_wheat" }, "geometry": { "type": "Polygon", "coordinates": [ [ [ 561344.388999999966472, 505287.661000000021886 ], [ 561357.10999999998603, 505294.571999999985565 ], [ 561383.930000000051223, 505306.24800000002142 ], [ 561413.628000000026077, 505316.754000000015367 ], [ 561436.190000000060536, 505321.262999999977183 ], [ 561442.49, 505322.920999999972992 ], [ 561466.694000000017695, 505327.563000000023749 ], [ 561494.481000000028871, 505332.396 ], [ 561505.322999999974854, 505332.038999999989755 ], [ 561511.29500000004191, 505245.424 ], [ 561447.201, 505241.767999999981839 ], [ 561437.52800000004936, 505254.738000000012107 ], [ 561401.253999999957159, 505256.057000000029802 ], [ 561374.87300000002142, 505256.936999999976251 ], [ 561352.229999999981374, 505256.057000000029802 ], [ 561344.388999999966472, 505287.661000000021886 ] ] ] } },
{ "type": "Feature", "properties": { "fid": 2502524, "crop": "winter_common_soft_wheat" }, "geometry": { "type": "Polygon", "coordinates": [ [ [ 538628.121000000042841, 554488.917999999946915 ], [ 538602.680000000051223, 554573.018000000040047 ], [ 538626.863000000012107, 554578.562000000034459 ], [ 538630.506999999983236, 554565.726000000024214 ], [ 538630.513999999966472, 554565.462000000057742 ], [ 538632.598, 554558.040999999968335 ], [ 538638.675000000046566, 554538.544 ], [ 538640.278999999980442, 554533.226999999955297 ], [ 538643.65500000002794, 554522.930000000051223 ], [ 538645.005, 554518.625 ], [ 538647.030999999959022, 554512.96999999997206 ], [ 538650.407, 554501.829000000027008 ], [ 538652.770000000018626, 554494.738999999943189 ], [ 538653.952000000048429, 554490.687999999965541 ], [ 538654.20499999995809, 554489.0 ], [ 538654.197999999974854, 554488.930999999982305 ], [ 538654.023000000044703, 554488.944000000017695 ], [ 538628.121000000042841, 554488.917999999946915 ] ] ] } },
{ "type": "Feature", "properties": { "fid": 1200526, "crop": "winter_common_soft_wheat" }, "geometry": { "type": "Polygon", "coordinates": [ [ [ 545659.003999999957159, 537251.084999999962747 ], [ 545653.361000000033528, 537256.522 ], [ 545652.807000000029802, 537260.822999999974854 ], [ 545653.440000000060536, 537268.601999999955297 ], [ 545651.966999999945983, 537348.692000000039116 ], [ 545684.01300000003539, 537351.897 ], [ 545684.787000000011176, 537322.138999999966472 ], [ 545685.12, 537264.143000000040047 ], [ 545683.751000000047497, 537224.074000000022352 ], [ 545674.496999999973923, 537235.814000000013039 ], [ 545659.003999999957159, 537251.084999999962747 ] ] ] } },
{ "type": "Feature", "properties": { "fid": 278973, "crop": "winter_common_soft_wheat" }, "geometry": { "type": "Polygon", "coordinates": [ [ [ 545723.677000000025146, 536220.148999999975786 ], [ 545741.768000000040047, 536221.412999999942258 ], [ 545742.883000000030734, 536212.807000000029802 ], [ 545747.015999999945052, 536179.283999999985099 ], [ 545751.913999999989755, 536142.547000000020489 ], [ 545756.236000000033528, 536104.824999999953434 ], [ 545758.839999999967404, 536070.408000000054017 ], [ 545760.12300000002142, 536044.212000000057742 ], [ 545761.180999999982305, 536013.765999999945052 ], [ 545762.373999999952503, 535967.515999999945052 ], [ 545765.327999999979511, 535933.077999999979511 ], [ 545771.153999999980442, 535891.337000000057742 ], [ 545777.258999999961816, 535845.763999999966472 ], [ 545782.175000000046566, 535803.937999999965541 ], [ 545764.680999999982305, 535816.332000000053085 ], [ 545758.778999999980442, 535860.371000000042841 ], [ 545749.70499999995809, 535926.988999999943189 ], [ 545746.606000000028871, 535954.542999999946915 ], [ 545742.52800000004936, 536014.22199999995064 ], [ 545741.038999999989755, 536068.484000000054948 ], [ 545739.287000000011176, 536100.153999999980442 ], [ 545732.474999999976717, 536148.256999999983236 ], [ 545728.905999999959022, 536182.647 ], [ 545725.027, 536212.491999999969266 ], [ 545723.677000000025146, 536220.148999999975786 ] ] ] } },
{ "type": "Feature", "properties": { "fid": 269969, "crop": "winter_common_soft_wheat" }, "geometry": { "type": "Polygon", "coordinates": [ [ [ 552889.853, 509492.574000000022352 ], [ 552945.841999999945983, 509502.767 ], [ 552948.354000000050291, 509495.01500000001397 ], [ 552961.77800000004936, 509470.466000000014901 ], [ 552969.302999999956228, 509458.332 ], [ 552980.728, 509439.169 ], [ 552999.642, 509410.846000000019558 ], [ 553008.937999999965541, 509398.254000000015367 ], [ 553020.746000000042841, 509384.136 ], [ 553031.836000000010245, 509371.26400000002468 ], [ 553021.979000000050291, 509358.833999999973457 ], [ 552990.408000000054017, 509384.465000000025611 ], [ 552965.346000000019558, 509409.527 ], [ 552938.951, 509438.379000000015367 ], [ 552920.498999999952503, 509457.673 ], [ 552892.22199999995064, 509488.913 ], [ 552889.853, 509492.574000000022352 ] ] ] } },
{ "type": "Feature", "properties": { "fid": 473995, "crop": "winter_common_soft_wheat" }, "geometry": { "type": "Polygon", "coordinates": [ [ [ 532323.501000000047497, 539920.920999999972992 ], [ 532443.388999999966472, 539895.194999999948777 ], [ 532428.196, 539817.375 ], [ 532308.017, 539843.560999999986961 ], [ 532323.501000000047497, 539920.920999999972992 ] ] ] } },
{ "type": "Feature", "properties": { "fid": 1539312, "crop": "winter_common_soft_wheat" }, "geometry": { "type": "Polygon", "coordinates": [ [ [ 545319.199000000022352, 512695.397 ], [ 545299.297999999951571, 512695.875 ], [ 545271.957000000053085, 512696.658 ], [ 545254.961000000010245, 512697.39000000001397 ], [ 545266.113000000012107, 512726.316 ], [ 545283.064000000013039, 512722.902 ], [ 545295.714999999967404, 512719.824000000022352 ], [ 545307.231000000028871, 512717.787000000011176 ], [ 545317.657, 512717.363000000012107 ], [ 545337.569000000017695, 512717.128000000026077 ], [ 545395.908999999985099, 512711.37 ], [ 545431.449000000022352, 512710.275000000023283 ], [ 545480.785999999963678, 512710.50199999997858 ], [ 545511.707000000053085, 512712.321 ], [ 545566.204000000027008, 512717.128000000026077 ], [ 545599.61199999996461, 512722.960000000020955 ], [ 545602.253000000026077, 512707.354 ], [ 545577.566, 512701.038 ], [ 545534.23499999998603, 512692.728 ], [ 545500.672000000020489, 512689.005 ], [ 545481.922999999951571, 512688.675999999977648 ], [ 545427.359000000054948, 512691.038 ], [ 545386.658999999985099, 512691.631999999983236 ], [ 545319.199000000022352, 512695.397 ] ] ] } },
{ "type": "Feature", "properties": { "fid": 1782550, "crop": "winter_common_soft_wheat" }, "geometry": { "type": "Polygon", "coordinates": [ [ [ 534217.503999999957159, 544364.011999999987893 ], [ 534220.555999999982305, 544371.214999999967404 ], [ 534224.386999999987893, 544378.187999999965541 ], [ 534235.949000000022352, 544392.696 ], [ 534247.160999999963678, 544403.599000000045635 ], [ 534262.544, 544415.824999999953434 ], [ 534275.84499999997206, 544425.508000000030734 ], [ 534294.511999999987893, 544437.170999999972992 ], [ 534335.623999999952503, 544439.772 ], [ 534560.836000000010245, 544535.956 ], [ 534572.623999999952503, 544516.062000000034459 ], [ 534586.775999999954365, 544520.040000000037253 ], [ 534590.667000000015832, 544520.832000000053085 ], [ 534591.001000000047497, 544514.562000000034459 ], [ 534472.993999999947846, 544464.160999999963678 ], [ 534503.613999999943189, 544411.697000000043772 ], [ 534523.34699999995064, 544384.133999999961816 ], [ 534364.929, 544316.471000000019558 ], [ 534198.692999999970198, 544305.937000000034459 ], [ 534217.503999999957159, 544364.011999999987893 ] ] ] } },
{ "type": "Feature", "properties": { "fid": 5972, "crop": "winter_common_soft_wheat" }, "geometry": { "type": "Polygon", "coordinates": [ [ [ 541292.677000000025146, 550374.905999999959022 ], [ 541267.863000000012107, 550351.746999999973923 ], [ 541260.059, 550344.008999999961816 ], [ 541173.430999999982305, 550638.008000000030734 ], [ 541172.449999999953434, 550645.73499999998603 ], [ 541214.45499999995809, 550640.354999999981374 ], [ 541292.677000000025146, 550374.905999999959022 ] ] ] } },
{ "type": "Feature", "properties": { "fid": 89700, "crop": "winter_common_soft_wheat" }, "geometry": { "type": "Polygon", "coordinates": [ [ [ 558489.290999999968335, 521084.262999999977183 ], [ 558492.288999999989755, 521051.516 ], [ 558493.865, 520998.683000000019092 ], [ 558491.354999999981374, 520955.60999999998603 ], [ 558488.101999999955297, 520955.218999999982771 ], [ 558474.015999999945052, 520983.195 ], [ 558470.707999999984168, 520993.952999999979511 ], [ 558469.62300000002142, 521021.547000000020489 ], [ 558465.604000000050291, 521085.318000000028405 ], [ 558480.47199999995064, 521083.362000000022817 ], [ 558489.290999999968335, 521084.262999999977183 ] ] ] } },
{ "type": "Feature", "properties": { "fid": 31915, "crop": "winter_common_soft_wheat" }, "geometry": { "type": "Polygon", "coordinates": [ [ [ 554944.351000000024214, 552262.75199999997858 ], [ 554931.256999999983236, 552007.030999999959022 ], [ 554876.219000000040978, 551958.192000000039116 ], [ 554891.856999999959953, 552263.542999999946915 ], [ 554944.351000000024214, 552262.75199999997858 ] ] ] } },
{ "type": "Feature", "properties": { "fid": 2065123, "crop": "winter_common_soft_wheat" }, "geometry": { "type": "Polygon", "coordinates": [ [ [ 541541.547000000020489, 513100.085000000020955 ], [ 541547.158000000054017, 513106.910000000032596 ], [ 541560.478, 513122.968999999982771 ], [ 541572.814000000013039, 513136.798 ], [ 541585.773000000044703, 513150.938000000023749 ], [ 541597.464999999967404, 513162.968 ], [ 541606.474999999976717, 513172.313000000023749 ], [ 541616.121000000042841, 513181.729 ], [ 541640.160000000032596, 513204.685999999986961 ], [ 541641.285000000032596, 513205.613000000012107 ], [ 541651.294, 513207.723 ], [ 541681.018999999971129, 513214.509000000020023 ], [ 541709.329000000027008, 513220.327999999979511 ], [ 541722.780999999959022, 513222.788999999989755 ], [ 541737.052000000025146, 513225.020000000018626 ], [ 541746.304, 513226.495999999984633 ], [ 541752.964000000036322, 513227.414999999979045 ], [ 541766.275999999954365, 513228.542000000015832 ], [ 541782.304, 513230.206 ], [ 541784.074999999953434, 513230.419999999983702 ], [ 541844.020999999949709, 513236.082999999984168 ], [ 541877.142, 513240.397 ], [ 541882.773999999975786, 513199.205000000016298 ], [ 541888.807999999960884, 513158.87400000001071 ], [ 541870.351000000024214, 513156.511999999987893 ], [ 541861.660999999963678, 513155.254000000015367 ], [ 541825.733, 513149.642 ], [ 541787.093, 513143.281000000017229 ], [ 541725.060000000055879, 513132.734 ], [ 541646.400999999954365, 513118.145000000018626 ], [ 541602.407, 513109.533999999985099 ], [ 541567.006999999983236, 513102.973 ], [ 541544.341000000014901, 513098.913999999989755 ], [ 541540.662000000011176, 513098.805999999982305 ], [ 541541.547000000020489, 513100.085000000020955 ] ] ] } },
{ "type": "Feature", "properties": { "fid": 2072118, "crop": "winter_common_soft_wheat" }, "geometry": { "type": "Polygon", "coordinates": [ [ [ 545848.26, 518121.295999999972992 ], [ 545841.057999999960884, 518096.506 ], [ 545829.979000000050291, 518061.607000000018161 ], [ 545818.515999999945052, 518034.277 ], [ 545790.454000000027008, 517976.663 ], [ 545787.111000000033528, 517969.087999999988824 ], [ 545783.309, 517964.941999999980908 ], [ 545777.214999999967404, 517963.28000000002794 ], [ 545749.932999999960884, 517976.990999999979977 ], [ 545745.917000000015832, 517982.392 ], [ 545756.165000000037253, 518001.918 ], [ 545773.476000000024214, 518030.723999999987427 ], [ 545784.27800000004936, 518052.327999999979511 ], [ 545792.726000000024214, 518070.886 ], [ 545806.297999999951571, 518099.830000000016298 ], [ 545815.160999999963678, 518098.305999999982305 ], [ 545820.285000000032596, 518111.185999999986961 ], [ 545825.408999999985099, 518126.558000000019092 ], [ 545834.682999999960884, 518124.727000000013504 ], [ 545848.26, 518121.295999999972992 ] ] ] } },
{ "type": "Feature", "properties": { "fid": 277249, "crop": "winter_common_soft_wheat" }, "geometry": { "type": "Polygon", "coordinates": [ [ [ 550313.812000000034459, 516032.90500000002794 ], [ 550314.018000000040047, 516044.358 ], [ 550378.466000000014901, 516061.331 ], [ 550393.023999999975786, 516064.243000000016764 ], [ 550426.111000000033528, 516067.90500000002794 ], [ 550463.042999999946915, 516070.472 ], [ 550500.973, 516072.040000000037253 ], [ 550529.349999999976717, 516052.647 ], [ 550527.853, 516050.657 ], [ 550485.800000000046566, 516048.794 ], [ 550439.353, 516046.036000000021886 ], [ 550422.440000000060536, 516044.017 ], [ 550404.72199999995064, 516042.38 ], [ 550388.003000000026077, 516038.989 ], [ 550369.501000000047497, 516036.24900000001071 ], [ 550364.294, 516036.468 ], [ 550351.819000000017695, 516034.822999999974854 ], [ 550337.927000000025146, 516031.319000000017695 ], [ 550312.38, 516023.670999999972992 ], [ 550313.812000000034459, 516032.90500000002794 ] ] ] } },
{ "type": "Feature", "properties": { "fid": 102429, "crop": "winter_common_soft_wheat" }, "geometry": { "type": "Polygon", "coordinates": [ [ [ 551597.145999999949709, 535605.964000000036322 ], [ 551600.535999999963678, 535610.371000000042841 ], [ 551768.40500000002794, 535858.515999999945052 ], [ 552032.300000000046566, 536136.136999999987893 ], [ 552038.375, 536132.006000000052154 ], [ 552061.162999999942258, 536107.446 ], [ 552060.050999999977648, 536106.270000000018626 ], [ 552059.716999999945983, 536106.621000000042841 ], [ 551801.324000000022352, 535832.258999999961816 ], [ 551647.427999999956228, 535603.895999999949709 ], [ 551596.332999999984168, 535604.783000000054017 ], [ 551597.145999999949709, 535605.964000000036322 ] ] ] } },
{ "type": "Feature", "properties": { "fid": 1784279, "crop": "winter_common_soft_wheat" }, "geometry": { "type": "Polygon", "coordinates": [ [ [ 545720.042000000015832, 517075.44 ], [ 545720.944999999948777, 517093.512999999977183 ], [ 545728.241000000038184, 517121.006999999983236 ], [ 545733.214999999967404, 517137.283 ], [ 545737.865, 517145.927000000025146 ], [ 545749.944999999948777, 517163.571999999985565 ], [ 545761.320000000065193, 517177.700000000011642 ], [ 545766.45499999995809, 517186.11099999997532 ], [ 545773.346000000019558, 517196.304 ], [ 545787.192000000039116, 517217.956 ], [ 545829.191, 517281.867000000027474 ], [ 545844.616999999969266, 517296.619 ], [ 545856.468, 517299.238000000012107 ], [ 545864.221000000019558, 517302.253000000026077 ], [ 545874.701, 517306.416000000026543 ], [ 545877.859000000054948, 517309.718 ], [ 545878.577000000048429, 517323.357000000018161 ], [ 545882.59699999995064, 517334.98499999998603 ], [ 545885.538999999989755, 517337.707999999984168 ], [ 545885.631000000052154, 517337.581 ], [ 545887.309, 517339.346000000019558 ], [ 545917.052000000025146, 517366.856000000028871 ], [ 545927.777, 517375.74900000001071 ], [ 545936.576, 517367.86099999997532 ], [ 545944.616000000038184, 517362.261999999987893 ], [ 545948.093, 517357.635 ], [ 545946.819000000017695, 517356.395000000018626 ], [ 545906.87699999997858, 517319.658 ], [ 545887.785000000032596, 517299.506 ], [ 545872.691, 517282.011 ], [ 545834.790000000037253, 517231.19 ], [ 545812.824999999953434, 517198.887999999977183 ], [ 545794.736000000033528, 517173.047000000020489 ], [ 545777.795999999972992, 517149.790000000037253 ], [ 545755.113000000012107, 517120.646 ], [ 545746.425999999977648, 517106.957 ], [ 545730.39000000001397, 517073.338999999978114 ], [ 545722.812000000034459, 517057.048 ], [ 545719.917000000015832, 517056.766 ], [ 545720.042000000015832, 517075.44 ] ] ] } },
{ "type": "Feature", "properties": { "fid": 2230660, "crop": "winter_common_soft_wheat" }, "geometry": { "type": "Polygon", "coordinates": [ [ [ 545883.076, 561033.584999999962747 ], [ 545866.312000000034459, 561040.552999999956228 ], [ 545834.567999999970198, 561054.979000000050291 ], [ 545826.623999999952503, 561058.383999999961816 ], [ 545815.729000000050291, 561065.42000000004191 ], [ 545788.037999999942258, 561079.947000000043772 ], [ 545758.758000000030734, 561094.927000000025146 ], [ 545724.484000000054948, 561112.177000000025146 ], [ 545682.187000000034459, 561133.228 ], [ 545643.326, 561153.290000000037253 ], [ 545591.292000000015832, 561176.01300000003539 ], [ 545526.768000000040047, 561206.479999999981374 ], [ 545531.128000000026077, 561224.552000000025146 ], [ 545537.055000000051223, 561236.593 ], [ 545578.974000000045635, 561215.488000000012107 ], [ 545623.224999999976717, 561196.599999999976717 ], [ 545655.537999999942258, 561181.550000000046566 ], [ 545680.99, 561168.712999999988824 ], [ 545723.435999999986961, 561145.84499999997206 ], [ 545834.520000000018626, 561086.944000000017695 ], [ 545852.101000000024214, 561079.253000000026077 ], [ 545875.023000000044703, 561067.51500000001397 ], [ 545904.819000000017695, 561053.736000000033528 ], [ 545959.018000000040047, 561025.113999999943189 ], [ 545954.27800000004936, 561003.929 ], [ 545901.983, 561025.956 ], [ 545883.076, 561033.584999999962747 ] ] ] } },
{ "type": "Feature", "properties": { "fid": 1946176, "crop": "winter_common_soft_wheat" }, "geometry": { "type": "Polygon", "coordinates": [ [ [ 519996.054, 538312.570000000065193 ], [ 519997.650000000023283, 538351.197999999974854 ], [ 520000.064000000013039, 538366.077000000048429 ], [ 520022.577, 538359.091999999945983 ], [ 520022.658, 538350.216999999945983 ], [ 520022.37599999998929, 538334.440000000060536 ], [ 520021.672000000020489, 538312.182000000029802 ], [ 520021.108, 538282.599000000045635 ], [ 520021.813000000023749, 538268.229999999981374 ], [ 520024.298, 538250.570000000065193 ], [ 520034.772999999986496, 538193.707999999984168 ], [ 520038.438000000023749, 538176.238999999943189 ], [ 520043.642, 538145.87300000002142 ], [ 520045.462999999988824, 538134.949000000022352 ], [ 520049.896, 538096.702000000048429 ], [ 520051.315, 538085.126000000047497 ], [ 520038.423, 538091.589999999967404 ], [ 520027.525000000023283, 538099.307999999960884 ], [ 520015.25, 538166.310999999986961 ], [ 520010.222, 538196.476999999955297 ], [ 520005.423, 538219.101000000024214 ], [ 520002.223999999987427, 538239.440000000060536 ], [ 519997.881999999983236, 538275.091000000014901 ], [ 519996.282, 538296.572000000043772 ], [ 519996.054, 538312.570000000065193 ] ] ] } },
{ "type": "Feature", "properties": { "fid": 1300694, "crop": "winter_common_soft_wheat" }, "geometry": { "type": "Polygon", "coordinates": [ [ [ 542773.721000000019558, 510375.783999999985099 ], [ 542771.636000000056811, 510384.261999999987893 ], [ 542782.669, 510382.577 ], [ 542786.422999999951571, 510381.104 ], [ 542791.096000000019558, 510377.717 ], [ 542796.616000000038184, 510368.327 ], [ 542797.763999999966472, 510365.598999999987427 ], [ 542799.773999999975786, 510359.569000000017695 ], [ 542801.783999999985099, 510351.386 ], [ 542806.809, 510328.416000000026543 ], [ 542817.71999999997206, 510273.863000000012107 ], [ 542824.180000000051223, 510243.715000000025611 ], [ 542808.07999999995809, 510238.728 ], [ 542803.055000000051223, 510237.865999999979977 ], [ 542795.466999999945983, 510274.293 ], [ 542779.055999999982305, 510353.319000000017695 ], [ 542773.721000000019558, 510375.783999999985099 ] ] ] } },
{ "type": "Feature", "properties": { "fid": 1517981, "crop": "winter_common_soft_wheat" }, "geometry": { "type": "Polygon", "coordinates": [ [ [ 536332.707000000053085, 513659.509000000020023 ], [ 536420.716000000014901, 513687.773999999975786 ], [ 536577.175999999977648, 513488.512999999977183 ], [ 536586.236000000033528, 513478.581 ], [ 536596.89000000001397, 513468.816999999980908 ], [ 536608.26300000003539, 513462.979 ], [ 536622.334000000031665, 513458.650000000023283 ], [ 536623.522, 513446.691999999980908 ], [ 536617.015999999945052, 513443.44 ], [ 536566.991000000038184, 513423.841000000014901 ], [ 536554.175999999977648, 513423.109 ], [ 536541.908000000054017, 513433.032 ], [ 536527.037999999942258, 513451.706 ], [ 536495.741000000038184, 513493.723 ], [ 536470.187999999965541, 513529.37300000002142 ], [ 536458.392, 513540.582 ], [ 536438.334000000031665, 513558.218999999982771 ], [ 536428.478, 513572.224999999976717 ], [ 536416.202000000048429, 513594.185 ], [ 536410.444999999948777, 513604.931999999971595 ], [ 536379.39000000001397, 513632.208999999973457 ], [ 536360.978, 513643.879000000015367 ], [ 536342.25, 513654.417000000015832 ], [ 536332.707000000053085, 513659.509000000020023 ] ] ] } },
{ "type": "Feature", "properties": { "fid": 2051405, "crop": "winter_common_soft_wheat" }, "geometry": { "type": "Polygon", "coordinates": [ [ [ 530976.628999999957159, 522043.321999999985565 ], [ 531004.571, 522026.88 ], [ 531005.42000000004191, 521979.112000000022817 ], [ 531010.400000000023283, 521942.261999999987893 ], [ 531014.582000000053085, 521908.201 ], [ 531024.542000000015832, 521840.477000000013504 ], [ 531031.314000000013039, 521806.216000000014901 ], [ 531035.696, 521764.386999999987893 ], [ 531035.697000000043772, 521729.729 ], [ 531036.294, 521686.305 ], [ 531036.493000000016764, 521656.427000000025146 ], [ 531034.915000000037253, 521633.327999999979511 ], [ 531034.302000000025146, 521595.276000000012573 ], [ 531035.895999999949709, 521561.01500000001397 ], [ 531040.476999999955297, 521493.291000000026543 ], [ 531041.074999999953434, 521483.531000000017229 ], [ 531043.324000000022352, 521454.732000000018161 ], [ 531042.064000000013039, 521418.338999999978114 ], [ 531020.878000000026077, 521437.900000000023283 ], [ 531021.753000000026077, 521462.816 ], [ 531021.354999999981374, 521505.043 ], [ 531019.172000000020489, 521545.185999999986961 ], [ 531012.691, 521600.666000000026543 ], [ 531009.89000000001397, 521648.300999999977648 ], [ 531009.606000000028871, 521684.452999999979511 ], [ 531012.390999999945052, 521727.337999999988824 ], [ 531011.196, 521756.818000000028405 ], [ 531003.177999999956228, 521818.343999999982771 ], [ 530997.253000000026077, 521871.947999999974854 ], [ 530987.511000000056811, 521938.49 ], [ 530981.716000000014901, 521997.238000000012107 ], [ 530976.628999999957159, 522043.321999999985565 ] ] ] } },
{ "type": "Feature", "properties": { "fid": 277322, "crop": "winter_common_soft_wheat" }, "geometry": { "type": "Polygon", "coordinates": [ [ [ 550163.682999999960884, 514827.106000000028871 ], [ 550197.67000000004191, 514842.125 ], [ 550218.21999999997206, 514849.930999999982305 ], [ 550243.665999999968335, 514856.375 ], [ 550272.636999999987893, 514860.952999999979511 ], [ 550304.724000000045635, 514866.270000000018626 ], [ 550314.570000000065193, 514850.759000000020023 ], [ 550322.859000000054948, 514836.414999999979045 ], [ 550287.790999999968335, 514829.956 ], [ 550170.13, 514807.776000000012573 ], [ 550164.687000000034459, 514806.811999999976251 ], [ 550164.685000000055879, 514806.75 ], [ 550163.854000000050291, 514806.593 ], [ 550163.682999999960884, 514827.106000000028871 ] ] ] } },
{ "type": "Feature", "properties": { "fid": 1117555, "crop": "winter_common_soft_wheat" }, "geometry": { "type": "Polygon", "coordinates": [ [ [ 558578.461000000010245, 540629.341000000014901 ], [ 558584.454000000027008, 540626.245 ], [ 558592.344000000040978, 540622.934 ], [ 558601.20499999995809, 540620.02800000004936 ], [ 558607.441, 540617.109000000054948 ], [ 558602.268000000040047, 540573.180999999982305 ], [ 558598.287999999942258, 540546.459000000031665 ], [ 558586.917000000015832, 540488.658000000054017 ], [ 558580.474000000045635, 540458.903999999980442 ], [ 558564.555000000051223, 540393.522 ], [ 558543.707999999984168, 540314.116000000038184 ], [ 558537.26500000001397, 540287.584000000031665 ], [ 558528.358, 540258.209999999962747 ], [ 558515.988000000012107, 540223.640999999945052 ], [ 558491.084999999962747, 540244.976999999955297 ], [ 558501.826, 540278.297999999951571 ], [ 558513.386000000056811, 540320.748999999952503 ], [ 558533.202000000048429, 540397.162000000011176 ], [ 558553.37300000002142, 540482.214000000036322 ], [ 558559.437999999965541, 540511.589000000036322 ], [ 558572.618000000016764, 540575.20499999995809 ], [ 558578.461000000010245, 540629.341000000014901 ] ] ] } },
{ "type": "Feature", "properties": { "fid": 838525, "crop": "winter_common_soft_wheat" }, "geometry": { "type": "Polygon", "coordinates": [ [ [ 558528.679, 519110.772999999986496 ], [ 558527.944999999948777, 519120.582 ], [ 558456.913999999989755, 519133.032 ], [ 558433.238999999943189, 519138.308000000019092 ], [ 558419.995, 519143.113000000012107 ], [ 558401.89000000001397, 519150.642999999981839 ], [ 558406.256000000052154, 519218.444000000017695 ], [ 558437.172999999951571, 519226.966000000014901 ], [ 558517.915999999968335, 519249.271 ], [ 558583.503999999957159, 519267.224999999976717 ], [ 558586.312000000034459, 519268.302000000025146 ], [ 558622.824999999953434, 519289.288999999989755 ], [ 558586.397, 519408.449000000022352 ], [ 558464.837999999988824, 519422.169999999983702 ], [ 558482.599000000045635, 519515.100000000034925 ], [ 558559.577000000048429, 519501.341000000014901 ], [ 558618.655999999959022, 519490.742000000027474 ], [ 558642.116999999969266, 519484.033999999985099 ], [ 558671.522, 519471.733 ], [ 558688.949999999953434, 519460.807000000029802 ], [ 558703.241000000038184, 519447.646 ], [ 558732.768000000040047, 519406.254000000015367 ], [ 558762.018000000040047, 519359.424999999988358 ], [ 558780.520999999949709, 519346.503000000026077 ], [ 558807.38, 519336.25099999998929 ], [ 558792.601999999955297, 519312.423 ], [ 558780.782, 519290.096000000019558 ], [ 558774.682999999960884, 519249.569000000017695 ], [ 558768.537999999942258, 519206.558000000019092 ], [ 558759.366999999969266, 519162.474999999976717 ], [ 558720.547999999951571, 519160.950000000011642 ], [ 558671.466000000014901, 519156.378000000026077 ], [ 558626.652, 519150.484 ], [ 558613.441, 519150.992000000027474 ], [ 558616.905999999959022, 519116.065 ], [ 558600.660999999963678, 519114.829000000027008 ], [ 558528.679, 519110.772999999986496 ] ] ] } },
{ "type": "Feature", "properties": { "fid": 1527894, "crop": "winter_common_soft_wheat" }, "geometry": { "type": "Polygon", "coordinates": [ [ [ 552628.778999999980442, 548997.522 ], [ 552644.261999999987893, 549064.153999999980442 ], [ 552660.368000000016764, 549131.952000000048429 ], [ 552667.841000000014901, 549170.964999999967404 ], [ 552687.49, 549171.373999999952503 ], [ 552694.158000000054017, 549171.772 ], [ 552724.398999999975786, 549173.049 ], [ 552714.959999999962747, 549132.359000000054948 ], [ 552705.625, 549079.988000000012107 ], [ 552692.219000000040978, 549016.162000000011176 ], [ 552663.072000000043772, 549007.032 ], [ 552628.778999999980442, 548997.522 ] ] ] } },
{ "type": "Feature", "properties": { "fid": 1926468, "crop": "winter_common_soft_wheat" }, "geometry": { "type": "Polygon", "coordinates": [ [ [ 557127.733, 551392.949000000022352 ], [ 557125.14000000001397, 551401.295999999972992 ], [ 557124.096000000019558, 551439.949999999953434 ], [ 557138.207000000053085, 551441.163999999989755 ], [ 557154.001000000047497, 551442.753000000026077 ], [ 557178.738000000012107, 551445.949999999953434 ], [ 557194.371000000042841, 551452.192000000039116 ], [ 557203.145999999949709, 551457.027 ], [ 557213.954000000027008, 551461.932000000029802 ], [ 557229.26, 551471.02800000004936 ], [ 557240.162000000011176, 551479.665999999968335 ], [ 557258.197999999974854, 551496.48699999996461 ], [ 557270.65300000004936, 551508.599999999976717 ], [ 557277.915999999968335, 551516.579000000027008 ], [ 557306.962999999988824, 551525.88800000003539 ], [ 557331.535000000032596, 551533.449000000022352 ], [ 557350.621000000042841, 551534.334999999962747 ], [ 557359.577000000048429, 551501.947000000043772 ], [ 557362.177000000025146, 551491.055000000051223 ], [ 557362.981000000028871, 551473.665000000037253 ], [ 557359.170999999972992, 551457.65500000002794 ], [ 557347.165000000037253, 551449.829000000027008 ], [ 557309.042999999946915, 551425.758000000030734 ], [ 557262.354000000050291, 551402.427000000025146 ], [ 557239.883999999961816, 551385.844000000040978 ], [ 557241.822000000043772, 551383.858 ], [ 557242.89000000001397, 551382.706 ], [ 557247.087000000057742, 551372.533000000054017 ], [ 557239.974000000045635, 551370.657 ], [ 557207.484000000054948, 551366.76300000003539 ], [ 557183.834000000031665, 551365.87300000002142 ], [ 557169.65500000002794, 551368.694000000017695 ], [ 557142.67000000004191, 551383.547000000020489 ], [ 557134.868999999947846, 551388.096000000019558 ], [ 557127.733, 551392.949000000022352 ] ] ] } },
{ "type": "Feature", "properties": { "fid": 1656743, "crop": "winter_common_soft_wheat" }, "geometry": { "type": "Polygon", "coordinates": [ [ [ 527731.59499999997206, 535268.395999999949709 ], [ 527748.202000000048429, 535265.459000000031665 ], [ 527759.555000000051223, 535261.407 ], [ 527761.508999999961816, 535210.160999999963678 ], [ 527766.87, 535174.275000000023283 ], [ 527789.518999999971129, 535043.452000000048429 ], [ 527803.089999999967404, 534977.675000000046566 ], [ 527803.927000000025146, 534972.836000000010245 ], [ 527809.397, 534944.861000000033528 ], [ 527810.726999999955297, 534923.800000000046566 ], [ 527808.231999999959953, 534921.733 ], [ 527796.555000000051223, 534921.309 ], [ 527790.231000000028871, 534962.731000000028871 ], [ 527784.790000000037253, 534981.890999999945052 ], [ 527775.836000000010245, 535022.77800000004936 ], [ 527766.621999999973923, 535068.86199999996461 ], [ 527755.652, 535121.035000000032596 ], [ 527754.48499999998603, 535127.62300000002142 ], [ 527746.799, 535167.245 ], [ 527737.349999999976717, 535217.351000000024214 ], [ 527731.59499999997206, 535268.395999999949709 ] ] ] } },
{ "type": "Feature", "properties": { "fid": 1704431, "crop": "winter_common_soft_wheat" }, "geometry": { "type": "Polygon", "coordinates": [ [ [ 550457.552999999956228, 515149.356000000028871 ], [ 550414.153999999980442, 515144.772 ], [ 550411.555999999982305, 515164.343999999982771 ], [ 550433.13800000003539, 515167.646 ], [ 550430.557999999960884, 515204.261999999987893 ], [ 550482.121000000042841, 515216.582999999984168 ], [ 550524.440000000060536, 515226.74 ], [ 550557.158000000054017, 515232.84499999997206 ], [ 550602.283999999985099, 515239.07 ], [ 550676.064999999944121, 515250.922000000020489 ], [ 550725.13800000003539, 515259.979 ], [ 550783.192999999970198, 515267.365999999979977 ], [ 550833.209999999962747, 515224.104999999981374 ], [ 550856.38800000003539, 515202.371999999973923 ], [ 550887.410000000032596, 515177.938000000023749 ], [ 550845.206, 515175.971000000019558 ], [ 550788.574000000022352, 515172.136 ], [ 550735.158000000054017, 515168.766 ], [ 550692.770000000018626, 515166.245 ], [ 550654.768000000040047, 515162.364 ], [ 550637.417000000015832, 515160.631 ], [ 550601.025000000023283, 515155.776000000012573 ], [ 550544.376000000047497, 515145.489 ], [ 550460.837000000057742, 515129.055 ], [ 550457.552999999956228, 515149.356000000028871 ] ] ] } },
{ "type": "Feature", "properties": { "fid": 2214035, "crop": "winter_common_soft_wheat" }, "geometry": { "type": "Polygon", "coordinates": [ [ [ 544613.979000000050291, 558845.491999999969266 ], [ 544581.99, 558854.422999999951571 ], [ 544566.633000000030734, 558857.643000000040047 ], [ 544557.267, 558847.457999999984168 ], [ 544555.042000000015832, 558848.01 ], [ 544549.555999999982305, 558848.702999999979511 ], [ 544539.108, 558850.99 ], [ 544532.868000000016764, 558852.437999999965541 ], [ 544525.447999999974854, 558857.241000000038184 ], [ 544531.142, 558866.256999999983236 ], [ 544538.804, 558875.361000000033528 ], [ 544554.827999999979511, 558897.278999999980442 ], [ 544585.528999999980442, 558941.238000000012107 ], [ 544599.064999999944121, 558962.663999999989755 ], [ 544622.968, 558999.712999999988824 ], [ 544657.427999999956228, 559052.299 ], [ 544679.73699999996461, 559089.746000000042841 ], [ 544705.233, 559130.978 ], [ 544761.20499999995809, 559215.23499999998603 ], [ 544791.033000000054017, 559255.228 ], [ 544816.39000000001397, 559291.957000000053085 ], [ 544862.322000000043772, 559296.62300000002142 ], [ 544886.99800000002142, 559299.106000000028871 ], [ 544906.537000000011176, 559301.261000000056811 ], [ 544887.626000000047497, 559271.395000000018626 ], [ 544831.496000000042841, 559189.674 ], [ 544782.158000000054017, 559116.410000000032596 ], [ 544746.861000000033528, 559056.993000000016764 ], [ 544705.386000000056811, 558989.665000000037253 ], [ 544661.353, 558920.071 ], [ 544625.79500000004191, 558865.033999999985099 ], [ 544619.540999999968335, 558856.148000000044703 ], [ 544613.979000000050291, 558845.491999999969266 ] ] ] } },
{ "type": "Feature", "properties": { "fid": 602889, "crop": "winter_common_soft_wheat" }, "geometry": { "type": "Polygon", "coordinates": [ [ [ 556559.199999999953434, 528733.383000000030734 ], [ 556556.035999999963678, 528735.893999999971129 ], [ 556541.87699999997858, 528743.935999999986961 ], [ 556532.648999999975786, 528753.922999999951571 ], [ 556523.925999999977648, 528764.290000000037253 ], [ 556553.454000000027008, 528809.604999999981374 ], [ 556554.86199999996461, 528810.96999999997206 ], [ 556572.976000000024214, 528806.767 ], [ 556599.689000000013039, 528798.974999999976717 ], [ 556579.841999999945983, 528722.976000000024214 ], [ 556564.001000000047497, 528729.572999999974854 ], [ 556559.199999999953434, 528733.383000000030734 ] ] ] } },
{ "type": "Feature", "properties": { "fid": 841602, "crop": "winter_common_soft_wheat" }, "geometry": { "type": "Polygon", "coordinates": [ [ [ 549313.415999999968335, 518199.025000000023283 ], [ 549314.231000000028871, 518193.163 ], [ 549291.479000000050291, 518186.615 ], [ 549286.964999999967404, 518187.146 ], [ 549284.375, 518187.978 ], [ 549278.478, 518242.955000000016298 ], [ 549266.680999999982305, 518313.143999999971129 ], [ 549282.62300000002142, 518315.288 ], [ 549296.532, 518315.172000000020489 ], [ 549306.40500000002794, 518240.822999999974854 ], [ 549313.415999999968335, 518199.025000000023283 ] ] ] } },
{ "type": "Feature", "properties": { "fid": 404586, "crop": "winter_common_soft_wheat" }, "geometry": { "type": "Polygon", "coordinates": [ [ [ 515127.945, 527842.449000000022352 ], [ 515102.728, 527889.478 ], [ 515098.336000000010245, 527906.070000000065193 ], [ 515096.712999999988824, 527925.841999999945983 ], [ 515095.984, 527959.084999999962747 ], [ 515096.01500000001397, 527971.003999999957159 ], [ 515096.847, 527987.072999999974854 ], [ 515131.673, 527968.26300000003539 ], [ 515130.591000000014901, 527945.841999999945983 ], [ 515132.071999999985565, 527919.50199999997858 ], [ 515140.677000000025146, 527888.38 ], [ 515148.131999999983236, 527868.084000000031665 ], [ 515159.98599999997532, 527847.295999999972992 ], [ 515159.038999999989755, 527846.785999999963678 ], [ 515151.340000000025611, 527842.807999999960884 ], [ 515149.299, 527845.761999999987893 ], [ 515139.778999999980442, 527865.663999999989755 ], [ 515136.650000000023283, 527866.922000000020489 ], [ 515132.918, 527864.28000000002794 ], [ 515132.281000000017229, 527861.895999999949709 ], [ 515138.919999999983702, 527847.927999999956228 ], [ 515127.945, 527842.449000000022352 ] ] ] } },
{ "type": "Feature", "properties": { "fid": 364030, "crop": "winter_common_soft_wheat" }, "geometry": { "type": "Polygon", "coordinates": [ [ [ 535510.603, 520301.689000000013039 ], [ 535521.297000000020489, 520319.338999999978114 ], [ 535571.761000000056811, 520398.007999999972526 ], [ 535612.506999999983236, 520465.093999999982771 ], [ 535631.797999999951571, 520496.813000000023749 ], [ 535662.096000000019558, 520480.065 ], [ 535662.104000000050291, 520480.075000000011642 ], [ 535663.564999999944121, 520479.253000000026077 ], [ 535694.36199999996461, 520521.806999999971595 ], [ 535714.047000000020489, 520547.674999999988358 ], [ 535772.560000000055879, 520603.523999999975786 ], [ 535793.746000000042841, 520555.222 ], [ 535766.569000000017695, 520530.93 ], [ 535733.207999999984168, 520493.066999999980908 ], [ 535706.430999999982305, 520455.147999999986496 ], [ 535684.871000000042841, 520468.406000000017229 ], [ 535637.59699999995064, 520392.62599999998929 ], [ 535590.866999999969266, 520316.75099999998929 ], [ 535561.319000000017695, 520264.685 ], [ 535554.204000000027008, 520252.75199999997858 ], [ 535549.378999999957159, 520244.917000000015832 ], [ 535536.017, 520236.544999999983702 ], [ 535529.14000000001397, 520234.021 ], [ 535531.890999999945052, 520239.525000000023283 ], [ 535536.337999999988824, 520251.805999999982305 ], [ 535539.726999999955297, 520272.982000000018161 ], [ 535542.256000000052154, 520287.115 ], [ 535510.603, 520301.689000000013039 ] ] ] } },
{ "type": "Feature", "properties": { "fid": 390659, "crop": "winter_common_soft_wheat" }, "geometry": { "type": "Polygon", "coordinates": [ [ [ 545944.182000000029802, 508698.803000000014435 ], [ 545949.326, 508659.588999999978114 ], [ 545914.191, 508663.445 ], [ 545878.302999999956228, 508665.169 ], [ 545838.773000000044703, 508664.775000000023283 ], [ 545816.02800000004936, 508663.307000000029802 ], [ 545767.341000000014901, 508662.684 ], [ 545748.85999999998603, 508660.829000000027008 ], [ 545744.995, 508660.761999999987893 ], [ 545750.636999999987893, 508696.257999999972526 ], [ 545773.986000000033528, 508697.474999999976717 ], [ 545825.442999999970198, 508699.135 ], [ 545858.087999999988824, 508699.245999999984633 ], [ 545898.922999999951571, 508699.641 ], [ 545944.182000000029802, 508698.803000000014435 ] ] ] } },
{ "type": "Feature", "properties": { "fid": 221506, "crop": "winter_common_soft_wheat" }, "geometry": { "type": "Polygon", "coordinates": [ [ [ 536359.216000000014901, 513237.177000000025146 ], [ 536360.481999999959953, 513228.788 ], [ 536337.488000000012107, 513205.838999999978114 ], [ 536322.169, 513193.840000000025611 ], [ 536316.927000000025146, 513224.419 ], [ 536315.324999999953434, 513231.408999999985099 ], [ 536314.59699999995064, 513236.069000000017695 ], [ 536313.285999999963678, 513243.787000000011176 ], [ 536300.422000000020489, 513325.843999999982771 ], [ 536307.196, 513328.784999999974389 ], [ 536324.461000000010245, 513335.474999999976717 ], [ 536341.113000000012107, 513341.739 ], [ 536352.312000000034459, 513298.829000000027008 ], [ 536357.888999999966472, 513255.487000000022817 ], [ 536359.216000000014901, 513237.177000000025146 ] ] ] } },
{ "type": "Feature", "properties": { "fid": 1336023, "crop": "winter_common_soft_wheat" }, "geometry": { "type": "Polygon", "coordinates": [ [ [ 537792.773000000044703, 515895.316 ], [ 537785.709000000031665, 515890.432000000029802 ], [ 537724.442999999970198, 515844.689000000013039 ], [ 537706.905999999959022, 515847.168 ], [ 537668.902, 515849.463999999978114 ], [ 537639.570000000065193, 515843.087999999988824 ], [ 537624.962000000057742, 515840.222 ], [ 537613.044, 515839.772 ], [ 537597.721000000019558, 515842.191999999980908 ], [ 537634.566, 515869.243000000016764 ], [ 537722.464000000036322, 515937.204000000027008 ], [ 537736.491000000038184, 515949.121999999973923 ], [ 537752.10999999998603, 515932.564000000013039 ], [ 537772.37699999997858, 515913.196 ], [ 537792.773000000044703, 515895.316 ] ] ] } },
{ "type": "Feature", "properties": { "fid": 2111995, "crop": "winter_common_soft_wheat" }, "geometry": { "type": "Polygon", "coordinates": [ [ [ 554878.255, 533155.643999999971129 ], [ 554919.363000000012107, 533227.618999999947846 ], [ 554950.062999999965541, 533210.996000000042841 ], [ 554902.824000000022352, 533127.631000000052154 ], [ 554852.540000000037253, 533045.427000000025146 ], [ 554830.974000000045635, 533007.935000000055879 ], [ 554797.88800000003539, 533013.36199999996461 ], [ 554801.300999999977648, 533019.658999999985099 ], [ 554835.15500000002794, 533081.393000000040047 ], [ 554862.608, 533128.191 ], [ 554878.255, 533155.643999999971129 ] ] ] } },
{ "type": "Feature", "properties": { "fid": 27849, "crop": "winter_common_soft_wheat" }, "geometry": { "type": "Polygon", "coordinates": [ [ [ 558701.731000000028871, 554315.770000000018626 ], [ 558707.892, 554316.37 ], [ 558924.582000000053085, 554260.268000000040047 ], [ 558998.40500000002794, 554242.863999999943189 ], [ 559040.464999999967404, 554234.310999999986961 ], [ 559116.349999999976717, 554220.268999999971129 ], [ 559186.292000000015832, 554208.746999999973923 ], [ 559195.988999999943189, 554206.932999999960884 ], [ 559199.363999999943189, 554202.231000000028871 ], [ 559186.194000000017695, 554108.268000000040047 ], [ 558700.104999999981374, 554218.324000000022352 ], [ 558700.405999999959022, 554220.087000000057742 ], [ 558702.04500000004191, 554240.753999999957159 ], [ 558701.854999999981374, 554259.037999999942258 ], [ 558700.211000000010245, 554308.015999999945052 ], [ 558701.731000000028871, 554315.770000000018626 ] ] ] } }
]
}
